,0,1,2,3,4,5,6,7,8,9,10,11,12,13,14,15,16,17,18,19,20,21,22,23,24,25,26,27,28
0,0.35188750828130444,-0.001031693354761581,0.00020902350930885648,-0.0032634983122640324,-0.006432466837573282,0.004468808102284,-0.00835679823656121,0.056070099535533144,-0.007601869223662863,-0.0033384532838001617,-0.02860047696070173,0.022107477107940345,0.0,0.0013783056151114152,0.0,0.0007071158438788225,0.0,0.005127284849983292,0.0,0.013719503590069435,0.0,-0.008294233388535674,0.0,0.00212827521057734,0.0,-0.03258645063765561,0.0,0.03478365455096746,0.0
1,0.3574197489519026,-0.0012696905932624632,0.00020849310855534348,-0.00318444475226013,-0.005258973007860498,0.0061471198708217935,-5.395755803641555e-05,0.05192898922835123,-0.00010097725815962803,-0.003266403418672405,-0.028044976020543805,0.023433331615776622,0.0,0.0013926404856500537,0.0,0.0007051208006469516,0.0,0.0050243885643649734,0.0,0.014112270576806306,0.0,-0.007354958333376192,0.0,0.0027322708437828463,0.0,-0.032168274012926684,0.0,0.033050761523125284,0.0
2,0.3637662423742893,-0.0014234451508759883,0.0003838889948264924,-0.0021298201305115657,-0.004091046488242345,0.005253000599471794,0.0008909719956981022,0.05040525172333537,0.004816796006291259,-0.0020727878389542303,-0.02212400427968049,0.023311084042819587,0.0,0.0014174534384166124,0.0,0.0007766416899810005,0.0,0.0073071209443737704,0.0,0.01483812460765555,0.0,-0.0038432341775154802,0.0,0.001858781035781445,0.0,-0.030984937483123354,0.0,0.03282346806188056,0.0
3,0.37345445111502246,-0.000832771608547676,0.00038386811393776975,-0.0023635077171640217,-0.0036277982160449703,0.005104572915724245,0.0063958335694093114,0.045877588438321515,0.00656810917163963,-0.0029547304480652425,-0.02139980511287866,0.021650108117447844,0.0,0.0014174526338275456,0.0,0.000796754777268706,0.0,0.0072639525950966115,0.0,0.013111507359843132,0.0,-0.0013981344400109121,0.0,0.0018241827362452064,0.0,-0.02984743997604766,0.0,0.03205960650017564,0.0
4,0.36638268593811324,-0.0012394585821340212,0.0003829213798210316,-0.0021620586232840794,-0.003073225335695309,0.007261695578991181,0.007652041387717568,0.03461049990228425,0.009130682171810766,0.006612305608683267,-0.01937307348865688,0.021568480061772737,0.0,0.0013893517373488589,0.0,0.0007818299456999423,0.0,0.007749209553619248,0.0,0.013485949763981835,0.0,-0.0004678777597139712,0.0,0.0016514278168042642,0.0,-0.029279279299122177,0.0,0.03265682923248444,0.0
5,0.359805870832778,-0.0018726844043178172,0.00038761314420514894,-0.004507069805701384,-0.002768787978901763,0.009973251282772908,0.008146888587012891,0.014446219590964047,0.00933789227113788,0.006055394452303347,-0.015944748880935687,0.022803089280789328,0.0,0.0014480050037888334,0.0,0.0009680606379958711,0.0,0.008035687516778104,0.0,0.013851861551728985,0.0,-0.00036288516112784286,0.0,0.0017250297687578305,0.0,-0.02963228311097675,0.0,0.03369030422355525,0.0
6,0.34913409774709575,-0.004378119771013771,-0.0075826950209787955,-0.004698272723097293,-0.0030965525347815075,0.009940939263735323,0.0052088136368331015,-0.008162745015537968,0.005688389409366315,0.005855477516525984,0.0037038257775926318,0.02429110895516845,0.0,0.0019317519414950243,0.0,0.0010538555330652686,0.0,0.008750722000573334,0.0,0.013629163878185909,0.0,-0.0007476816716912748,0.0,0.0024119663801660763,0.0,-0.02842933610906647,0.0,0.03535493025774234,0.0
7,-0.24289923425573381,0.016462218616100806,3.511367550318687e-05,-0.00385748866583633,-0.0032123165383847606,0.00142055072569866,0.05721141726090716,0.11166676437686558,0.019665704448140087,0.005018428366778405,0.02825530002681737,-0.008423462936125451,0.0,0.006599510536236482,0.0,-0.0007434108607551556,0.0,0.02425715108201635,0.0,0.005018497890875321,0.0,-0.00034427680430160613,0.0,-0.0010361070126221822,0.0,-0.020979735417838055,0.0,-0.0037180723112854807,0.0
8,-0.24682946327403502,0.006773149544878669,3.41160135940149e-05,-0.0036032153128409674,-0.00040624653813076263,0.0026526959613747208,0.05496440127100737,0.11364873309666418,0.027289146664639108,0.00463720314443442,0.03272688441777556,-0.007286991649400422,0.0,0.006352606544774299,0.0,-0.0007206406700879981,0.0,0.025689980787654696,0.0,0.005156891240090202,0.0,-0.0018341024403112222,0.0,-0.0003765839354409924,0.0,-0.0213979129907733,0.0,-0.0025998267421614507,0.0
9,-0.24670636238648444,0.005670034301646694,2.8928915706445842e-05,-0.003015043775112922,-0.00011594714628199389,0.003110065851761643,0.05469014009519248,0.11580065109984768,0.030155507021732742,0.003703321536219884,0.035327705305448244,-0.007039364863585416,0.0,0.006277998784470533,0.0,-0.0006634976592625674,0.0,0.026204552613959865,0.0,0.004997232553452842,0.0,-0.0013257177685952013,0.0,-0.0005658854162139902,0.0,-0.021258485153521807,0.0,-0.002575031148039705,0.0
10,-0.23866775053367703,0.0056997639925291926,1.8417458895133285e-05,-0.003331749290520504,-9.69031240528832e-05,0.0038381205319937004,0.053175525044885416,0.11488008245409953,0.02193680733311427,0.003151642687426976,0.033630760108156944,-0.006393770478157364,0.0,0.006304086648138726,0.0,-0.000723239357188474,0.0,0.026953458538599456,0.0,0.004664218771339201,0.0,0.0010149805828610237,0.0,-0.0004836622357402956,0.0,-0.021457723108394076,0.0,-0.002530831494629584,0.0
11,-0.23342374705489738,0.0059277817607083765,1.8417458895133285e-05,-0.0030470166925410116,-0.0003994440485584643,0.003938288154904304,0.052956042180575556,0.11492708201686647,0.030598335721026024,0.0010966540258404904,0.031024386353462566,-0.0061773854363767955,0.0,0.00629422419023889,0.0,-0.0007372832200132849,0.0,0.02680183753309795,0.0,0.0047285481051617135,0.0,0.001443380731911894,0.0,-0.0001635609810912402,0.0,-0.021601540785882434,0.0,-0.002555651389689437,0.0
12,-0.2328990316430921,0.005822873587194904,-0.0004458006167612057,-0.0030116894343214552,-1.3625263248614751e-06,0.0038008469945122877,0.05300707099856624,0.11403340999006503,0.030676192223400168,0.0015325069468911524,0.030888054999572905,-0.006167803410441062,0.0,0.006648966057113716,0.0,-0.0007519624157940347,0.0,0.02681991703490777,0.0,0.004738948439177931,0.0,0.0013948166892028657,0.0,-0.00025358856383071786,0.0,-0.0216344739618211,0.0,-0.002548542764579141,0.0
13,0.055234243722192204,-0.2482701996259013,2.4853602066389674e-05,-0.010103811340356058,-0.010925777046720691,-0.024778982482587107,0.007045644917474493,0.009465396100197192,-0.018659689882387982,-0.0070322738245653035,0.0021624275081846946,-0.010204217043758925,0.0,0.0005386554532141557,0.0,-0.00023822002630666952,0.0,-0.0010173019511979923,0.0,-0.020796643512228655,0.0,-0.027714837064115354,0.0,-0.004570836229353538,0.0,-0.01442496896391088,0.0,-0.005247424648268409,0.0
14,0.05534680852228916,-0.25180675439065237,2.4853602066389674e-05,-0.009106877998633533,-0.010735620504835485,-0.026910423815877344,0.007260872551113579,0.007719879427848074,-0.016697484104116648,-0.004091982830438071,0.0022156275987036994,-0.010002081958504213,0.0,0.0005336776511554349,0.0,-0.0001775854227383727,0.0,-0.0008613146778432648,0.0,-0.020292737622941173,0.0,-0.02763391473272518,0.0,-0.004304043008634411,0.0,-0.015823160841478046,0.0,-0.005290268014750557,0.0
15,0.057327496679977136,-0.2570902406672195,3.3257570876401886e-05,-0.008524166941048373,-0.008606129493162185,-0.031040540840316464,0.0071890938099069815,0.004827350382963953,-0.014485136778336042,-0.0028519964531999024,0.012404686550730631,-0.009755838728321054,0.0,0.000521197150933451,0.0,-7.043550125986334e-05,0.0,-0.0015665343698452927,0.0,-0.02135689777097386,0.0,-0.026736167714036946,0.0,-0.0035944395011685074,0.0,-0.014285705192147256,0.0,-0.005141405136709295,0.0
16,0.0849491695059332,-0.2295759668654371,3.57999407731165e-05,-0.006804278894049105,-0.00587686987014507,-0.02382879428122191,0.011471466485361325,0.008131208538418838,-0.004520047332479118,0.001509775093422834,0.018404524918825316,-0.009186304659341593,0.0,0.0006349227853962143,0.0,0.00016007308258284342,0.0,0.00010821926867198207,0.0,-0.017354188382550963,0.0,-0.022540896960691323,0.0,-0.0036870275099979218,0.0,-0.0056055469726892775,0.0,-0.0051338311015959506,0.0
17,0.26433749129650097,-0.0751015945313231,8.795758636091357e-05,0.0048970353182908296,0.007207831810322228,0.020362345999940832,0.022892775585097367,0.033363310450852904,0.021333499227714492,0.020296585852751188,0.05947223772702404,-0.0021440871950478093,0.0,0.0012748042230772516,0.0,0.0016720227569702445,0.0,0.010407030864208657,0.0,-0.0033610457690445043,0.0,-0.005628578616636555,0.0,0.002951670010853518,0.0,0.02484230894927563,0.0,-0.003778235026461193,0.0
18,0.3131337796250512,-0.04190189077034666,0.00013668943257661085,0.0073245607154829575,0.010271850529467708,0.035735632957017906,0.02470653211483474,0.0391526640276691,0.016284198029455178,0.022725731990491188,0.06576374278334095,-0.0011784179980592305,0.0,0.0013188628307369999,0.0,0.001625543998587776,0.0,0.011903880629579687,0.0,-0.0010864483269333804,0.0,-0.001715720873725996,0.0,0.004641673687144145,0.0,0.030932076118421314,0.0,-0.0035170917585861574,0.0
19,0.3377477795030989,-0.021894288490099254,0.00020790079631485706,0.009608508425510452,0.012496271385623483,0.03784299597775053,0.02438622720224541,0.037754549349948305,0.020180805306620034,0.026383358189601837,0.06720088630755783,-0.001377447015002782,0.0,0.001480553355096708,0.0,0.0016521078238588528,0.0,0.012601689069702143,0.0,0.0004349847814326796,0.0,0.0011230090804645965,0.0,0.004850571493528191,0.0,0.03194176840937628,0.0,-0.003487423716014883,0.0
20,0.3553720231099333,-0.011471148766939688,0.00021439792977693577,0.009965283975408417,0.012834808984030392,0.03812716003130263,0.02342702320888714,0.03524499354260054,0.0168827543138157,0.0236595606276922,0.06632604541960914,-0.0008734712675845627,0.0,0.0015486529893666049,0.0,0.0017288246131714382,0.0,0.012576172377541016,0.0,0.0022213889805544874,0.0,0.0016386906824973175,0.0,0.005137442779902986,0.0,0.03116497637988129,0.0,-0.0033379762542535777,0.0
21,0.3668678559883928,-0.009509095622381152,0.00022828020903050143,0.01299727121726005,0.014709831373705693,0.03798149897139772,0.023776152595214366,0.012190903117943309,0.01469377330981938,0.018592653658874896,0.06854511763211499,-4.752561190258425e-05,0.0,0.0016537968091520734,0.0,0.0016666572510419745,0.0,0.012552227535154977,0.0,0.002375933707093773,0.0,0.0023483013895497945,0.0,0.006279831716849507,0.0,0.028858888396223536,0.0,-0.0033232958486396854,0.0
22,0.35004634206242513,-0.015121664959645944,0.00019505240546720452,0.00731784878733889,0.011295705137237232,0.03712634996456743,0.016508864404483944,-0.011005273152424243,0.006487793845417395,0.012336409095405025,0.060931962017907244,-0.0005044910634327913,0.0,0.001437572358366512,0.0,0.0017350430824317439,0.0,0.011197778351919657,0.0,0.00016757024991221603,0.0,-0.0010559856515501113,0.0,0.007523043371158437,0.0,0.02305807739369975,0.0,-0.003554376146397866,0.0
23,0.24193113551604345,-0.0653224211079111,0.0001857859719411843,-0.0062180016126743174,-0.012226972921934778,0.01000208466444156,-0.006690152386002299,-0.042163967593184984,-0.04158112685156844,-0.05261359696719214,0.029096851406892055,-0.00718552248741107,0.0,0.00018764905703598059,0.0,0.0005118950911974083,0.0,0.0041216071225774085,0.0,-0.011765545159911002,0.0,-0.02340798389635535,0.0,0.0007110672992781352,0.0,0.0028743134008154623,0.0,-0.004323476991792056,0.0
24,0.345414650024212,-0.016789885605957913,0.00020882497201387426,0.011221535355089986,0.010525135896937522,0.03777571494584834,0.016559013214219986,-0.01624079703966622,0.009656896623952693,-0.00695876037308814,0.056836351707834715,-0.0008476578142375196,0.0,0.0013626877227628956,0.0,0.0014412759993591752,0.0,0.012033354023246198,0.0,0.0010956477646809019,0.0,-0.002053776779948028,0.0,0.0069050882423496085,0.0,0.022024144652777865,0.0,-0.0031285960273181044,0.0
25,0.36749669699831944,-0.0035164656198038717,0.0002497234196453199,0.013288118627093682,0.01322794024478007,0.03741410383772508,0.0206184861592884,0.0034181533086958095,0.012389810361619165,0.003917269017743367,0.06096501846268958,0.0007423201520895885,0.0,0.001320244365113079,0.0,0.0017773093241595516,0.0,0.012498010700519063,0.0,0.0036947930080821296,0.0,0.0034032658138040514,0.0,0.007385103208396846,0.0,0.024985188384915202,0.0,-0.003155942493518512,0.0
26,0.3756281718269829,-0.004450588619738033,0.00025726708942050295,0.012794493052189514,0.012510238426995012,0.03554523727720698,0.021193752993832863,0.029101822109908103,0.008251722346922681,0.0018321052818058934,0.05994024262399405,0.0013702548460161532,0.0,0.0013807143313461405,0.0,0.0017955152595924243,0.0,0.012664921897780497,0.0,0.0053411319310624344,0.0,0.0046741918527403664,0.0,0.006293043427352952,0.0,0.021195963114918257,0.0,-0.002829689135729749,0.0
27,0.3589009020085108,-0.0019717391141619075,0.0002581782362110117,0.01228134454241132,0.01143381154729776,0.03474923428165592,0.020742086138874804,0.05603256119004034,0.00459110650129858,-0.0024236813575713024,0.06043311029471852,0.0011977060963434556,0.0,0.0013631546518767996,0.0,0.0016809488205637678,0.0,0.013194615529706072,0.0,0.005839464526392182,0.0,0.005114765559194718,0.0,0.006304736591571284,0.0,0.020799846776491278,0.0,-0.0026759361888388936,0.0
28,0.3496050231627127,0.006549176736361385,0.000257243533907972,0.011464359963636593,0.011423436219096231,0.034450429785002956,0.020906519964604544,0.07080372659603042,-0.004650068507716757,0.006011094268854782,0.059868680061529594,0.0018050878922047022,0.0,0.0013765217540384386,0.0,0.0017925835419100595,0.0,0.013820749374116568,0.0,0.005456652171899658,0.0,0.006090774851056449,0.0,0.007553612518662636,0.0,0.022281819602140138,0.0,-0.0022426833675289336,0.0
29,0.3432065414897258,0.007041491229025047,0.0002571869426153131,0.011531190758643192,0.011311832846201164,0.035638676149507366,0.01951309404185643,0.07803234887073102,-0.0021652400159295863,0.006859213338173554,0.05948507805974369,0.0033802894956919422,0.0,0.0012356084826516424,0.0,0.0018456688094452165,0.0,0.013827818138072778,0.0,0.006414841217516434,0.0,0.00743627647231026,0.0,0.008150274659018434,0.0,0.021740207493915326,0.0,-0.0022876807277590933,0.0
30,0.3293300974983481,0.007434211335206911,0.0002584833723444746,0.01194626379185153,0.011207618360583952,0.03552995019513676,0.020348471809812065,0.07688549151777344,0.007645981177070366,0.008161924879056981,0.05850424954306084,0.0045796543034456105,0.0,0.001164302401730382,0.0,0.0019772986806438496,0.0,0.013583922599218317,0.0,0.007492501204223522,0.0,0.00814997816332387,0.0,0.008753508338040578,0.0,0.02052534962918089,0.0,-0.0021431092815604106,0.0
31,0.32036299324254053,0.005616549004306245,0.0002910982104959038,0.011373353076267008,0.01099674570000161,0.03503857826575081,0.02201784364376714,0.07454196428159478,0.016936228183195783,0.011329327680421742,0.06031029489691989,0.004134496038302854,0.0,0.0011588988975159212,0.0,0.0016760178976784794,0.0,0.013545260793336957,0.0,0.007088526708390086,0.0,0.00861131143686157,0.0,0.008590823738863532,0.0,0.020835078545657706,0.0,-0.0020006724907157295,0.0
32,0.30309015222476016,0.005249241012065573,0.00019886574547195896,0.011902420587155297,0.011026084524132476,0.03644193910220479,0.023395268735566355,0.07528411029656958,0.023486012402763434,0.0037186972631319285,0.06092652157596691,0.004837868244204936,0.0,0.0011991094258895021,0.0,0.0014591997660248553,0.0,0.013973745986426981,0.0,0.007418351246471109,0.0,0.011862588313279257,0.0,0.00921594131185725,0.0,0.02192350789960646,0.0,-0.0019848855410327416,0.0
33,0.2747286379094736,-0.0071883446966961,8.377911928821193e-05,0.009550971716119265,0.009295857816806141,0.03307761881778256,0.02297826253621249,0.07660349130722623,-0.030962389391876732,0.008120823028742393,0.06040762253912925,0.004961444928765834,0.0,0.0011886726083295384,0.0,0.00012039008607683036,0.0,0.008949756169912353,0.0,0.01086781718930799,0.0,0.02827220787337899,0.0,0.009435473522255712,0.0,0.022611301737409356,0.0,-0.0023712721447922773,0.0
34,0.27408177562832625,-0.003670691223412023,7.882034609322452e-05,0.009224686897391261,0.008921131276349074,0.03247511150362506,0.023418783783475276,0.07509987940097623,-0.021909847336643234,0.0037577624395131043,0.062110941269724634,0.004416743095293669,0.0,0.0012408075170765717,0.0,0.00011686876278551321,0.0,0.00841871624956363,0.0,0.010770531067275275,0.0,0.028763044667134387,0.0,0.008921683972579973,0.0,0.02128038840896201,0.0,-0.002310742122589435,0.0
35,0.27303525323190564,-0.003671278894151683,7.882597604431572e-05,0.009233483353779796,0.008900440147276806,0.033289310724398904,0.02356242959424752,0.07434744436073709,-0.02222075471112471,0.0060404253524170585,0.06153897619485069,0.00439549454001984,0.0,0.001209068199166001,0.0,0.00011758035206696072,0.0,0.008299059599970444,0.0,0.010689387094532661,0.0,0.028825265758020545,0.0,0.008727407886437662,0.0,0.021107318390398658,0.0,-0.002298741547493983,0.0
36,0.2755828377398289,-0.00739410560769589,7.868632614252135e-05,0.008898518826142444,0.009471773130850554,0.032081991077711355,0.023535948064422538,0.07663089561568258,-0.02007942642765805,-0.0009565423704011409,0.06554025417342572,0.004268686636498242,0.0,0.0012886686909402085,0.0,0.00010762576260535404,0.0,0.008522067277660366,0.0,0.010260754439980042,0.0,0.029145021152153998,0.0,0.008693467099353803,0.0,0.02088386929514027,0.0,-0.0024731635319461937,0.0
37,0.27557861472353573,-0.007966005997387508,7.86762762752392e-05,0.00880235008640696,0.009220286567457775,0.03218005769095873,0.023814557038651582,0.07762864920212023,-0.020739343251501275,-0.00048076018053039315,0.06631578913818487,0.004361215456025653,0.0,0.0012910748807460455,0.0,8.481468010509951e-05,0.0,0.00834068699452228,0.0,0.009916473681212573,0.0,0.02918061747442378,0.0,0.009210702526979288,0.0,0.020848044634081055,0.0,-0.00246010601876761,0.0
38,0.27689993947547575,-0.009462479319241301,8.038823298655964e-05,0.008951472439155667,0.009084321265940255,0.032502770568789564,0.02394029319321404,0.07761554607159231,-0.020851091148954014,-0.0011763979394373168,0.06881669545555763,0.004315845960461485,0.0,0.0012913296649018082,0.0,0.00015232974621640332,0.0,0.00799630114645471,0.0,0.009390583674760315,0.0,0.028813038414003646,0.0,0.009112584443825383,0.0,0.020086240553394953,0.0,-0.00235331629559702,0.0
39,0.26181299801145225,-0.008818909738469043,-0.002169290237294912,0.010002191163277168,0.008938948759544466,0.031974793200892596,0.023279409861622764,0.07776179423161589,-0.019064883538914498,-0.006154327642745771,0.0671997414284324,0.004412081590145836,0.0,0.0012963146091476017,0.0,0.0003559308703079528,0.0,0.009255167052008897,0.0,0.009583508722308476,0.0,0.027532218851823328,0.0,0.009304988390609106,0.0,0.020055148646696778,0.0,-0.0026042250495423268,0.0
40,-0.018722082651665212,-0.16381960603520268,-5.4086472064137675e-05,-0.00369118007559279,-0.0023413744296203053,-0.008897348574593547,-0.011012877034446474,0.0040341113487972775,0.0161801441610499,-0.0010716225511069764,-0.056473469891948035,-0.006527263338040402,0.0,0.000609153604189901,0.0,-0.0006486580120938202,0.0,0.0002538627211888803,0.0,0.0035095748588237414,0.0,-0.010028576503697829,0.0,-0.003940432351039733,0.0,-0.07697822994201778,0.0,-0.0066725246591833815,0.0
41,-0.024029102690021686,-0.15706037557504832,-5.510401942059452e-05,-0.0034821631972660676,-0.0024348728862230383,-0.009963820999751408,-0.011108093438443586,-0.004205322662272464,0.01736545534331736,-0.0016324175693040082,-0.05918263117479542,-0.00677487073583237,0.0,0.0005285296491819532,0.0,-0.0004286257950614502,0.0,0.00025353465203552315,0.0,0.00350820646037014,0.0,-0.012025753188766355,0.0,-0.0042963612224696055,0.0,-0.0780266201531656,0.0,-0.00666489541727325,0.0
42,-0.031210039812256462,-0.15261370403074745,-5.198426693421899e-05,-0.0031727093143975246,-0.002049972197121113,-0.010123181782860013,-0.010739243813296252,-0.00318068038572424,0.019858923550514176,-0.001854312265886432,-0.06310562793276006,-0.007170514693019125,0.0,0.0005659226294503609,0.0,-0.000531904861924426,0.0,0.0007413506835177442,0.0,0.003512561452619733,0.0,-0.011664605698149352,0.0,-0.004331228334613532,0.0,-0.07817076454477768,0.0,-0.006660725467169029,0.0
43,-0.03260434797460684,-0.14984592944028025,-4.953633081235049e-05,-0.0003565407075575843,0.0008737107133480615,-0.009995677397330817,-0.009594020856321484,-0.002053278274030466,0.018904285603336516,-0.002401430754783706,-0.06531870300804926,-0.007095769824616455,0.0,0.0005918644617190728,0.0,-0.0009674398876108781,0.0,0.0007468523822098066,0.0,0.003581040030979647,0.0,-0.01270185025996966,0.0,-0.004376909110396663,0.0,-0.07930620366839267,0.0,-0.006626852084382899,0.0
44,-0.021260083201444957,-0.10661258609059471,-4.4440857796905306e-05,-0.007767017454154782,-0.006124419445906108,-0.012775239536384611,-0.00998060406925233,-0.008058750364422518,0.0177557492009504,-0.0017329783053183492,-0.07322940353069242,-0.00784238017757342,0.0,-0.0003361984109605589,0.0,-0.0013593161515260458,0.0,5.1399364969286835e-05,0.0,0.004405697744697424,0.0,-0.01364886904272578,0.0,-0.005361210735670679,0.0,-0.08444257632252095,0.0,-0.006810690209274437,0.0
45,0.0015121109892522577,-0.08001588659908307,-3.7365539201599866e-05,-0.011440940205101845,-0.0103041645107024,-0.015820346880252693,-0.009738160273313048,-0.015198965811366623,0.01837179072884866,-0.003193422705010628,-0.0752454338457715,-0.01000444850459563,0.0,-0.00035964567775754357,0.0,-0.0013357940381192404,0.0,-0.00041527019787652964,0.0,0.005081678921854195,0.0,-0.016608375599180897,0.0,-0.007640369684809979,0.0,-0.08620304836029112,0.0,-0.007562199847865899,0.0
46,-0.0269846105595091,-0.06311803234945988,-3.169999197637684e-05,-0.011769553501890788,-0.011034534356920181,-0.016562757130473702,-0.00886547008376509,-0.02123013792876745,0.021339526853005074,-0.003123765475318103,-0.06579607466133101,-0.010958677771107166,0.0,0.0002593821731295758,0.0,-0.0006991433451353332,0.0,-0.009171872929258177,0.0,-0.014423071708801966,0.0,-0.01659459539769711,0.0,-0.00877914093298061,0.0,-0.08611347738971083,0.0,-0.007176166364904563,0.0
47,-0.02794960998616728,-0.055946256466254375,-2.9374581908895473e-05,-0.012117111439862068,-0.010209409054885621,-0.015652148946704414,-0.005759430169600578,-0.025235556803763423,0.01858819759532414,-0.002728769017704449,-0.06432348411971274,-0.010495993417150483,0.0,0.0002911647663407159,0.0,-0.0007195950281545805,0.0,-0.0107642707811724,0.0,-0.01527223818954307,0.0,-0.01648718573915612,0.0,-0.008866576557557163,0.0,-0.08472253418911821,0.0,-0.006840849562810701,0.0
48,-0.030832859008992047,-0.054770950877975906,-1.0201300673806273e-05,-0.011644187561171625,-0.01038635484216113,-0.015694168759039576,-0.006323651888029234,-0.024731756683304452,0.017608254888799236,-0.0025172978018510894,-0.0642335366557452,-0.01081031902948625,0.0,0.00029422424561774234,0.0,-0.0008249105223280586,0.0,-0.011661745000841729,0.0,-0.01677552313594667,0.0,-0.016443991782158836,0.0,-0.008987715515879234,0.0,-0.08408408965193555,0.0,-0.0068845237371072355,0.0
49,-0.025456987682283914,-0.029565089154904776,8.645886980434573e-07,-0.012267739936511177,-0.011782933370574759,-0.017838666278729348,-0.0064684554414031065,-0.024904701091532117,0.014813047066999102,-0.002838028624600401,-0.06286899080707722,-0.012461647009476733,0.0,0.0002968424232180103,0.0,-0.0008268803864474055,0.0,-0.01399675130414275,0.0,-0.02261180341365505,0.0,-0.017815208162129705,0.0,-0.010541290338740636,0.0,-0.09426404080746069,0.0,-0.007198276656794575,0.0
50,-0.015495676674734544,-0.027161192321284496,8.645886980434573e-07,-0.013233537375953293,-0.012773487438744091,-0.01781994215087879,-0.006096488074986401,-0.02353870689894568,0.005326167508146464,-0.007510813091911432,-0.06306653958319086,-0.01224126247944745,0.0,0.0002925339576600151,0.0,-0.0008727844808649138,0.0,-0.015154302405934204,0.0,-0.023650613411777766,0.0,-0.01747413193642367,0.0,-0.011090353635628955,0.0,-0.09317230772343414,0.0,-0.007219867455899169,0.0
51,0.0022682852036411683,-0.029062467098571642,8.444949747834738e-07,-0.013906390231617686,-0.012255756284854187,-0.018402196335218904,-0.006772942299800274,-0.022037456337753985,0.003056803398337638,-0.011493926319571926,-0.062977444292206,-0.012282271721514365,0.0,0.00028287174090677964,0.0,-0.0008578677751568244,0.0,-0.017422072368164728,0.0,-0.025923254040123776,0.0,-0.0189511495347,0.0,-0.011477054364961705,0.0,-0.09658276926028521,0.0,-0.007156227658894648,0.0
52,0.0034997769921447843,-0.02389207661852411,1.0771259567927375e-06,-0.01297381422525485,-0.011495869718279546,-0.018452946357476564,-0.007132252818670181,-0.02005322357455459,0.003870868653839446,-0.012313890150091697,-0.06119292295237879,-0.012958486606408543,0.0,0.00028369730294526134,0.0,-0.0008650926545661731,0.0,-0.018279525061447203,0.0,-0.026841410545284813,0.0,-0.019501679007432438,0.0,-0.011276206877183293,0.0,-0.10431659844373566,0.0,-0.006943297316470698,0.0
53,0.009363466320577473,-0.02303724415585601,1.0184826094851468e-06,-0.01239109227400661,-0.012729941198753017,-0.019424970554591983,-0.0077819360477884405,-0.01506774842467065,0.006933782751291258,-0.012101551158590799,-0.06083139599906531,-0.013923930477089126,0.0,0.0003084196621794784,0.0,-0.0009091532900113002,0.0,-0.020471492976934885,0.0,-0.0315969812786261,0.0,-0.021475855207755253,0.0,-0.011267435866069346,0.0,-0.10848079639460151,0.0,-0.007067602997782655,0.0
54,0.0298420755253261,-0.026832352417546668,4.081021169883458e-06,-0.01345755247555595,-0.012852708445479536,-0.02013112321684491,-0.00829425940392212,-0.019038918914569665,0.004286382404665453,-0.0132327325806699,-0.055017819961023944,-0.013291707054783254,0.0,0.00033447673298121424,0.0,-0.0009759912026430352,0.0,-0.02309519967545815,0.0,-0.036470811718533704,0.0,-0.023088673526788374,0.0,-0.011277503600459059,0.0,-0.10840726146500479,0.0,-0.007599136412407693,0.0
55,0.061813063284878816,-0.03312231235882334,1.8887551852931073e-05,-0.01617682398094593,-0.01511958703592418,-0.01757292196918533,-0.01152791566057649,-0.02319545847188052,0.00356204930639478,-0.012340334820518512,-0.04826140531304976,-0.013116271345447959,0.0,0.0003516363841927096,0.0,-0.001086711673699558,0.0,-0.024599089837563305,0.0,-0.04555379264321229,0.0,-0.03179835382441644,0.0,-0.010972361177165102,0.0,-0.10915315836910916,0.0,-0.007390169735361889,0.0
56,0.08177412931356814,-0.03734820669982419,2.9977378850470395e-05,-0.016187678461223105,-0.01559855864717352,-0.017006879779732937,-0.012604972105402023,-0.028060408328822412,0.0043084971178439365,-0.012112629622382416,-0.04381840421887753,-0.013002551736105003,0.0,0.00038726260829625937,0.0,-0.0013015337776923425,0.0,-0.027761566423824564,0.0,-0.05181749526967832,0.0,-0.03711041753826311,0.0,-0.01090901985455471,0.0,-0.10554291008541809,0.0,-0.008201960861158555,0.0
57,0.08340328092813858,-0.04095407809922182,2.9039542096942498e-05,-0.01839614976906,-0.01582273417431864,-0.016041427143052858,-0.013153307449948505,-0.0281293779869783,0.01371970539959019,-0.011756221918340616,-0.040915475873203884,-0.01274172704986646,0.0,0.0004470598993261357,0.0,-0.0012620363524974345,0.0,-0.028821024163818054,0.0,-0.055491735313208744,0.0,-0.03993220817616428,0.0,-0.010935872555381481,0.0,-0.10435429703822713,0.0,-0.008539603232113323,0.0
58,0.08494093461300976,-0.04146186393077196,2.7388778922830815e-07,-0.01787338798698157,-0.015745436102047535,-0.015821287285705043,-0.012600582987866852,-0.027321321742430262,0.0178859767486516,-0.011465441434592287,-0.04212592676924478,-0.012381400264985003,0.0,0.0004430267862029582,0.0,-0.0015023044729955556,0.0,-0.027196789926644645,0.0,-0.0549147213122845,0.0,-0.04080803449595854,0.0,-0.010947291421684213,0.0,-0.1043987813367557,0.0,-0.00852385346231934,0.0
59,0.07980407317874923,-0.03968874464079035,-2.7466714644641903e-06,-0.018034902126999364,-0.01688361241182714,-0.01573185773533196,-0.013249799206003934,-0.023408703268586403,0.01817303047360322,-0.011841678946507558,-0.035541813130667815,-0.010963574042782063,0.0,0.0004410779117484105,0.0,-0.001521449266566636,0.0,-0.02611153126922549,0.0,-0.05368132705055747,0.0,-0.0387097980986146,0.0,-0.010789590173130765,0.0,-0.10339267319781097,0.0,-0.008378342665563917,0.0
60,0.07274119618376755,-0.03637228600008668,1.5410823492174795e-06,-0.01646717107907991,-0.015935107003023585,-0.014303601130730089,-0.014267707014608073,-0.025665233876678538,0.024287817450456543,-0.009487357619446354,-0.007605905553155816,-0.011302861619980021,0.0,0.00045285026904327353,0.0,-0.0013975674293458323,0.0,-0.026525700786381983,0.0,-0.05198247742829578,0.0,-0.03685452616650489,0.0,-0.009415751783559802,0.0,-0.10108336533721238,0.0,-0.008062291120018718,0.0
61,0.1113019359402173,-0.03362122047911789,6.940269492356492e-05,-0.009976550051661873,-0.00900579602967783,-0.015466178569459829,-0.012897934261120894,-0.027977609392212624,0.025149090059826604,-0.010491674370035278,-0.013751119115091472,-0.011906596106942719,0.0,0.00048360920483953273,0.0,-0.0013210128581238694,0.0,-0.028641175513759293,0.0,-0.04733843056691841,0.0,-0.03296236508767097,0.0,-0.010338783762762501,0.0,-0.09330726609149101,0.0,-0.007961715275156808,0.0
62,0.15710679390109886,-0.03208944269567259,0.00010589195168122644,-0.004575265459881109,-0.006040361297598024,-0.01662370685370768,-0.012226820659592179,-0.027391955392242227,0.021261750311586856,-0.008296159587661448,-0.016472523530805305,-0.010938471427508504,0.0,0.0005767663008011886,0.0,-0.001667135757196495,0.0,-0.026839355874023186,0.0,-0.040207215632956775,0.0,-0.027938185816212574,0.0,-0.009698675321915946,0.0,-0.08525946883130149,0.0,-0.007803776369922567,0.0
63,0.23753858557387625,-0.03167910881565792,0.00015302141047000736,0.0012912219330207422,0.0031745066413398737,-0.014491362744652866,-0.009904014058569008,-0.01848443098412134,0.020087980506367432,-0.0053891950890481545,-0.018770750272592028,-0.009546111509941042,0.0,0.0008062866032842192,0.0,-0.002067483318500689,0.0,-0.023506764747674325,0.0,-0.03155511268668135,0.0,-0.020758499315072967,0.0,-0.010602818705216675,0.0,-0.0739466862310137,0.0,-0.006426984917210096,0.0
64,0.25278457023107875,-0.026612225669120217,0.00015856051265185478,0.0037951718772932324,0.007793651479134371,-0.013252461477462217,-0.009401831108176639,-0.021324401934009352,0.01976184498172212,-0.004704482771345928,-0.020105714006856512,-0.009288628404988822,0.0,0.0007964902646835048,0.0,-0.00207341542326655,0.0,-0.02186084550675043,0.0,-0.03240623258888184,0.0,-0.018871087668658276,0.0,-0.009945567983854984,0.0,-0.06979252353015021,0.0,-0.005971545020768977,0.0
65,0.2558398414786831,-0.023907176330675236,0.0003148442286379736,0.004105623926767518,0.0076488621337497415,-0.013005941429292716,-0.008171480186325335,-0.024706788844092827,0.020575825199440147,-0.0029768663547777257,-0.0238908273007197,-0.009604354403225362,0.0,0.0008665946935524389,0.0,-0.002158413985479514,0.0,-0.019063352178327362,0.0,-0.03161751659129819,0.0,-0.01770983025873709,0.0,-0.010255993162021882,0.0,-0.06907704482971783,0.0,-0.005896701925231575,0.0
66,0.26977787182323315,-0.023664666598576845,-0.006063891279779207,0.003959534096925763,0.007793435491888815,-0.012843027306243046,-0.008319946782240857,-0.0257370280071466,0.01961114384941551,0.0006111274613210438,-0.03638765330893979,-0.010131137048361709,0.0,0.0009568986875312009,0.0,-0.002201850721370772,0.0,-0.017800726272123014,0.0,-0.03232252930026542,0.0,-0.016715172018870683,0.0,-0.010715822973197571,0.0,-0.06842485739178598,0.0,-0.006309534985830069,0.0
67,0.09881043606745277,-0.019910589002965107,3.851555629835205e-05,0.048856100720981496,0.040819414315940925,-0.002116441530226855,0.03221548575448634,0.07596198208040343,-0.021917150060374473,-0.0032466805866530573,0.06364254371824948,0.000670705530479058,0.0,-0.010823016880722396,0.0,0.0006236946773958195,0.0,0.007458793664466617,0.0,0.007816333290386165,0.0,-0.06712740914240198,0.0,-0.0066477293262073925,0.0,0.018010749124218337,0.0,0.0024285994667472494,0.0
68,0.10184220933667444,-0.019558442801188996,3.8552654874495695e-05,0.049221469062610136,0.04066325910533274,-0.0017643909861450664,0.029343714859472254,0.07499232439557839,-0.021015319040641786,-0.0032969233572743427,0.06480027276450964,0.0006288730506654521,0.0,-0.010815538392060852,0.0,0.0006203456292400202,0.0,0.0074175225573683,0.0,0.007810551463341016,0.0,-0.06695195533141089,0.0,-0.006546430519301654,0.0,0.01792188001738133,0.0,0.002449499434254539,0.0
69,0.10219240092129879,-0.019568878594204534,3.8521345422239754e-05,0.0491300569530322,0.04079620370899971,-0.0017859262388789164,0.02936034605102735,0.07499301721605114,-0.020800955480259394,-0.003301560847977799,0.06557724654046944,0.0006572882075757168,0.0,-0.010815538392060852,0.0,0.0006253968449668824,0.0,0.007281422114452732,0.0,0.007559906308197036,0.0,-0.06671301445808821,0.0,-0.006679431223934022,0.0,0.01792444149356662,0.0,0.002449099666285312,0.0
70,0.10285204732316754,-0.01952258109891801,3.8521345422239754e-05,0.049099520155770474,0.04074590840483187,-0.0017715841625087123,0.029040029062008556,0.0748804967684045,-0.02069035382707399,-0.003333608661326868,0.06583961594527196,0.0007781188604066771,0.0,-0.010807690399849645,0.0,0.0006294160742286615,0.0,0.007275654661704549,0.0,0.007420608764499806,0.0,-0.06706200881966706,0.0,-0.006774253252022237,0.0,0.01782071284936131,0.0,0.002461472142229738,0.0
71,0.10494030874348222,-0.0189477990065957,3.8552654874495695e-05,0.04892862205611826,0.04076420805425078,-0.001899529110435128,0.02899189815569329,0.07402358231454191,-0.019787324263195783,-0.003202559074916088,0.06957402619148743,0.0011620985970231864,0.0,-0.01043126553884215,0.0,0.0006346078271861326,0.0,0.006452014431662261,0.0,0.006979125971202293,0.0,-0.06707843291230388,0.0,-0.007529149322693256,0.0,0.016247016943871026,0.0,0.0024157441215167702,0.0
72,0.1057624427871892,-0.01791813888913096,-0.0011958112257055052,0.048542216584750275,0.04080659354628622,-0.0017862399815190746,0.028150623901347312,0.07399725996779682,-0.018772604469785084,-0.0025711093949215987,0.07205083373101,0.001338629814362756,0.0,-0.01053349887510306,0.0,0.0006704839729841106,0.0,0.005883689864791661,0.0,0.0067321850338028615,0.0,-0.06614198841322087,0.0,-0.007481825726764237,0.0,0.014552103139388357,0.0,0.002427037931693068,0.0
73,-0.2633193932718482,0.0016661598362411926,1.3674462422682805e-05,-0.003561752221233962,0.00025432672468509153,0.031765913520446956,0.04326833641021587,0.09366873364873411,0.025342538309297925,0.0021871447238264214,0.01891139299187256,-0.005396154468071634,0.0,0.0060562545879574185,0.0,-0.0005684451240606093,0.0,-0.02037094612234662,0.0,0.004520465738527731,0.0,-0.021178572465435714,0.0,-0.001766006856004536,0.0,0.017495302000358513,0.0,-0.0023508094842748543,0.0
74,-0.2677418958590447,0.0011321269979436407,1.4570646029154249e-05,-0.0033888062418444085,0.00037794721883447187,0.03190127778384657,0.04372140456660219,0.09446160511154801,0.027876899802078563,0.0011918081555757644,0.01899112110652179,-0.005189501942114055,0.0,0.005826068669106913,0.0,-0.000614107621649304,0.0,-0.020127813951067202,0.0,0.004441929109486422,0.0,-0.021447294541016446,0.0,-0.0014605043605018409,0.0,0.017997562475947557,0.0,-0.0024448024176345388,0.0
75,-0.26846008584968656,0.0004290521222770724,1.4433815485615996e-05,-0.0029794131361784997,0.00045702484952951883,0.031952719658046545,0.04335117229855303,0.09502040974014438,0.028533462486149432,0.001180487363255118,0.01902546762400284,-0.0051987252429852495,0.0,0.00574358700939352,0.0,-0.000620731056585236,0.0,-0.02002849206882842,0.0,0.0046156346826152625,0.0,-0.021569359060951063,0.0,-0.0014525723504296678,0.0,0.01796458191362829,0.0,-0.0024590600887874573,0.0
76,-0.2678422530702885,-0.0006663546510161314,1.4388803342118632e-05,-0.0028496519032096624,0.0005854527828865762,0.03222520104720251,0.044432378779729026,0.09253512369524099,0.027154489537998736,-0.003420227036439938,0.021155491523644654,-0.005188490293266917,0.0,0.005651645438787111,0.0,-0.0007374155015399858,0.0,-0.019995257233995232,0.0,0.004469496538059092,0.0,-0.02174103103818347,0.0,-0.0015037525276376047,0.0,0.018087099370451793,0.0,-0.002439580716428014,0.0
77,-0.2680393250179512,-0.0008112276229675012,1.4478490285204551e-05,-0.0033041848069568767,0.0002856524702634766,0.032583825661676745,0.0447227849130703,0.09289362854153556,0.026440990818806655,-0.001221954270107509,0.021073468764204982,-0.005475531852849655,0.0,0.005517465879649933,0.0,-0.0007320665024745116,0.0,-0.020253717004723847,0.0,0.004507188068694483,0.0,-0.0216915242360266,0.0,-0.0013065915896625158,0.0,0.01825443597979934,0.0,-0.0024124749062667313,0.0
78,-0.2693672899523346,-0.003657284947464138,-0.0004045846647669882,-0.003558714661513651,-2.0177316139264547e-05,0.03230335727126373,0.04506404706641673,0.09532133082880236,0.025223462226621304,0.0019349741899415491,0.01975977691232953,-0.005409446851767932,0.0,0.0053448677465119535,0.0,-0.000849272850407481,0.0,-0.02062497535685779,0.0,0.0043216310485710485,0.0,-0.021318414218159047,0.0,-0.0011728217330555554,0.0,0.018202414603161958,0.0,-0.0034032622611405677,0.0
79,0.007870953082319197,-0.16976065411902613,1.9413285451156656e-07,0.007888641028916255,0.008218074623002522,0.0026157458949165754,0.027516065409449154,0.06254107375160668,0.01601733535184574,-1.496743075358849e-05,0.05282726014525799,-0.0015567199670588497,0.0,0.00031390838010850625,0.0,-0.00037052024031097603,0.0,0.003658350899906326,0.0,-0.03165408062985091,0.0,0.0025980630119045297,0.0,-0.00029714514855034744,0.0,0.008303701523063723,0.0,0.013815500691374211,0.0
80,0.009813189010625181,-0.16998712488024065,1.9413285451156656e-07,0.008217123651745574,0.008327979056993078,0.0022482520861902295,0.027594377445063316,0.06255616503809802,0.015060157749544544,0.0005656601042661383,0.052113514091856085,-0.001563492994226101,0.0,0.0004406281914761858,0.0,-0.0004990297476493143,0.0,0.003941178315880042,0.0,-0.03229673524569633,0.0,0.0028280349173348436,0.0,-0.0002875913529379983,0.0,0.00869375378665311,0.0,0.01388311526580717,0.0
81,0.0115308722732881,-0.17197020711903357,2.0779873051334736e-06,0.008779045795434532,0.007730498658847641,0.0032709689648629152,0.025894834268714865,0.059449327179809865,0.010182685066948806,0.0065023225887824825,0.04673246709793246,-0.001790003539545038,0.0,0.0007205792245666291,0.0,-0.0003502557548130948,0.0,0.004911777683883278,0.0,-0.03452197400582576,0.0,0.0026552976390854656,0.0,-0.000858613065989579,0.0,0.010669070430100597,0.0,0.015397167853308472,0.0
82,-0.18118820305154384,0.004674319644117237,2.977944186793502e-05,-0.00161757829525499,0.0002506443998194652,0.0053996683262216485,0.05328867769994227,0.13065695905333258,0.021061882226849505,0.0037830646757717676,0.020014478708454977,-0.005261948906423692,0.0,0.002313788007806482,0.0,-0.0004092553244889322,0.0,-0.019484605385618914,0.0,0.0037005328909914645,0.0,-0.017539773955854616,0.0,-0.003063684333179067,0.0,0.025020980634901734,0.0,-0.005371876715508881,0.0
83,-0.18174880022816722,0.004734158702201178,2.828979094999166e-05,-0.0013810247331747826,0.00017245368768765252,0.0065012366405333925,0.05340370116804544,0.13229289203042371,0.02145426273977906,0.0027543371611525435,0.020387413197264094,-0.005249186982500977,0.0,0.002384729063020597,0.0,-0.0003949577842519,0.0,-0.019811315827155253,0.0,0.0036646469030684947,0.0,-0.01735099561401966,0.0,-0.00300184627083119,0.0,0.02500812030970655,0.0,-0.005353127746203106,0.0
84,-0.18326413328301885,-0.0011476825436687206,2.487703500396791e-05,-0.001195847915294056,0.00033991306379290814,0.00576029764849372,0.05332227098056467,0.13187672044353344,0.02413558900898321,0.011884515582744533,0.019971300816904347,-0.005492386834010362,0.0,0.002400921174974077,0.0,-0.0004188924618464597,0.0,-0.0195423172654636,0.0,0.003807903385714424,0.0,-0.01677338876077098,0.0,-0.003104614751291897,0.0,0.02434958616287902,0.0,-0.005083940582708566,0.0
85,-0.17108564217593816,-0.0004383615249738862,-0.0007593175196410653,-2.586353393371598e-05,0.000991723209375721,0.006169532409398647,0.0442315212766814,0.09528184897736992,0.02461613063057513,0.0885262796889932,0.023176259466966255,-0.0056720106249680165,0.0,0.002364665745860638,0.0,-0.00024765312484239225,0.0,-0.012533412704213438,0.0,0.007246293973040523,0.0,-0.016114208556592922,0.0,-0.0030950094028343086,0.0,0.018704582397477573,0.0,-0.0035582560691756024,0.0
86,-0.1318418687889342,0.010536741129560967,2.7622611798039422e-05,-0.0029729587346471243,-0.0007938226434676703,0.007390379542368023,0.0377543330306205,0.12298608334622359,0.020589429999903416,0.01105740548281292,0.02591047754150727,-0.003468627680677159,0.0,-0.0002876968898408594,0.0,-0.00010272628293503662,0.0,0.021929918759323184,0.0,0.013300092769440336,0.0,-0.022248997593755246,0.0,-0.0006566469028359127,0.0,0.021859621799250353,0.0,-0.0018697474425483237,0.0
87,-0.129260008816567,0.008329903531981637,2.7440066852120744e-05,-0.002426032054364867,-0.0016047639094897862,0.00538550667178199,0.05261383986174245,0.11380146654523837,0.021521169019851502,0.001819299995858786,0.024591311748833902,-0.003189267768074845,0.0,-0.0003211315596125037,0.0,-0.00018970515515310776,0.0,0.02023040790377621,0.0,0.012662458083252502,0.0,-0.022188641938002063,0.0,-0.0004953905812053926,0.0,0.021764005235419187,0.0,-0.0018028314575862174,0.0
88,-0.12330913697265568,0.009214190813508176,2.8192704017188748e-05,-0.0023166289250429466,-0.001457731275559733,0.005668494624207225,0.04388148570859311,0.12176367960148857,0.02347743029584967,0.00832124965905863,0.024205210379452776,-0.00317795128986568,0.0,-0.00011399035871582302,0.0,-9.864643145001983e-05,0.0,0.02104356962925698,0.0,0.012003203006698923,0.0,-0.022586863205062067,0.0,-0.000574756228979678,0.0,0.021754856259232628,0.0,-0.0019154355448908337,0.0
89,-0.1306135647761773,0.009183964404883187,2.835633540657881e-05,-0.0023157842113036694,-0.0011741210824414837,0.005885493918205508,0.04311774105549504,0.1217194517761966,0.025073899826465188,0.006934207326483739,0.025024352750644224,-0.0030267839763890047,0.0,-9.677359996866853e-05,0.0,-0.00021562569047489086,0.0,0.020658456774626,0.0,0.012751658306070094,0.0,-0.022476826710089406,0.0,-0.00035018695491659485,0.0,0.022090124176914867,0.0,-0.0019804583637996836,0.0
90,-0.1319982363679017,0.0092345714205399,2.8359553828001178e-05,-0.002360891038614551,-0.0009848047488800215,0.004384937511214387,0.0427133841690911,0.12150045327069232,0.02489004031667839,0.009720088406271407,0.02530182421483154,-0.0030473951491441172,0.0,-9.18713118740164e-05,0.0,-0.0002257114091991762,0.0,0.02065585172698381,0.0,0.011993036675892672,0.0,-0.02250282012947156,0.0,-0.00037984041640512874,0.0,0.022255243355295818,0.0,-0.0019872069966615094,0.0
91,-0.13658258801554785,0.007507568295765981,-0.0008020797487181006,-0.0025131686065366222,-0.0010944316806876114,0.004377057919321074,0.045096916729247497,0.1250820652928729,0.025823694164593503,-0.0006950886720089029,0.027210091634713936,-0.0032319651216645086,0.0,-8.296653392198606e-05,0.0,-0.00018644708938201802,0.0,0.020558115316731244,0.0,0.008661255108208643,0.0,-0.022446098725419087,0.0,-0.00028228121579916825,0.0,0.022751442133547874,0.0,-0.002356328691433828,0.0
92,-0.11391027299732367,0.0519191702312766,1.1707236029182118e-05,0.13302608904198482,0.12842840469639932,-0.001238868911589785,0.03684921504212499,0.09503001751657231,0.02282065909023777,-0.0058496035034720315,0.007388549192873331,-0.002625396459004243,0.0,0.01144961015674669,0.0,0.016177691640891435,0.0,-0.011379429182602912,0.0,0.004388810136367296,0.0,0.009866536104920103,0.0,0.0031640886192494805,0.0,0.010553015613807268,0.0,-0.0007517408387150469,0.0
93,-0.11436224270217688,0.0519191702312766,1.1707236029182118e-05,0.13302608904198482,0.12842840469639932,-0.0014707438557570447,0.03684921504212499,0.09459930721498455,0.02282065909023777,-0.0058496035034720315,0.007384535910819286,-0.002625396459004243,0.0,0.01144961015674669,0.0,0.016177691640891435,0.0,-0.011379429182602912,0.0,0.004388810136367296,0.0,0.009866536104920103,0.0,0.0031640886192494805,0.0,0.010553015613807268,0.0,-0.0007517408387150469,0.0
94,-0.11388004872580217,0.0518109628190649,1.1707236029182118e-05,0.13312196833750406,0.1293518857786617,-0.0014628103961989306,0.03721890205305833,0.09465638370058423,0.0227879007290625,-0.004294249876374052,0.007385015041794934,-0.0026253899619446183,0.0,0.01144961015674669,0.0,0.016177691640891435,0.0,-0.011379429182602912,0.0,0.004388810136367296,0.0,0.009869450584340562,0.0,0.0031640886192494805,0.0,0.010553015613807268,0.0,-0.0007500754121427207,0.0
95,-0.11585039581519788,0.05165790752715334,1.1707236029182118e-05,0.13344640620996392,0.13083078897792308,-0.0015963565841025926,0.037284210650340585,0.09291164871725958,0.021990560374100923,-0.0029123895507702485,0.007384491787259617,-0.0026065513657359688,0.0,0.011463041928808978,0.0,0.016177691640891435,0.0,-0.011265572800330163,0.0,0.004424335497552842,0.0,0.0098941198973469,0.0,0.003234494682962905,0.0,0.010691390107358837,0.0,-0.0007347084593802243,0.0
96,-0.11342638402942486,0.05170618962490941,1.1707236029182118e-05,0.13344115971035145,0.1311543541616603,-0.0015969847388432729,0.037282412570840515,0.0927424125839662,0.02235149718698805,-0.004412927828595364,0.007335675072675277,-0.0026179483815945087,0.0,0.01144961015674669,0.0,0.016177691640891435,0.0,-0.011372693300659516,0.0,0.004391765520027923,0.0,0.00986142761538374,0.0,0.003192827837889829,0.0,0.010618304712234879,0.0,-0.0007347084593802243,0.0
97,-0.1273052747429271,0.05137123132680036,3.0345936156535648e-05,0.13482782809346885,0.1309102942897038,-0.0015979053736552256,0.03687033882913892,0.09238802715183786,0.02471155273057252,-0.0038416966896537828,0.006874412295272314,-0.0029559261009380914,0.0,0.011451367207704989,0.0,0.016108926414747465,0.0,-0.011662270729185976,0.0,0.004590220332144311,0.0,0.011875698157542178,0.0,0.002896997212749643,0.0,0.01065065060471457,0.0,-0.0007065421480564296,0.0
98,-0.11677921792165662,0.05175229784582993,1.1707236029182118e-05,0.13345747114107226,0.13134389209234926,-0.0015116215673297941,0.03734827984559731,0.09304288846864343,0.02282980692894712,-0.002080380440600115,0.007868774212424703,-0.002572705007196427,0.0,0.011463041928808978,0.0,0.016177691640891435,0.0,-0.011237121928866401,0.0,0.004424335497552842,0.0,0.009850311907151622,0.0,0.0032363323747247098,0.0,0.01078288132976611,0.0,-0.0007347084593802243,0.0
99,-0.12671481051910655,0.051104630475636584,-0.000491909492292889,0.13142242860639136,0.1303894799695631,-0.0016791367514756097,0.03619004439891089,0.0927558806290054,0.022849176777906793,0.00864300267777319,0.008501901515033095,-0.0024969555204624435,0.0,0.011456415870781098,0.0,0.01598509833775045,0.0,-0.011245881963442735,0.0,0.00440019842205218,0.0,0.009652650545326776,0.0,0.0032812144131650583,0.0,0.013163635377441717,0.0,-0.0007302431105224843,0.0
100,0.43463103193849995,0.09922692595299788,0.00019032778172537246,0.006209006980234246,0.007113246238343605,0.0031769831194973265,0.01959145859505309,0.0020422418755359118,-0.0037209604568999785,0.011665809592976736,0.034962493837583555,0.002504132212348827,0.0,0.0009452899500008186,0.0,0.007230029644184511,0.0,0.008468658218404167,0.0,-0.006350617225589252,0.0,-0.008423572611999192,0.0,0.015181609193280717,0.0,-0.010136508102564381,0.0,-0.0032385513090818024,0.0
101,0.43680324165936674,0.09909700992564964,0.00019259671309815475,0.007864951833267752,0.0075611380144820954,0.0019413408390502773,0.022588910483572675,0.005124484108118642,-0.0032666888872943676,0.011140852117257799,0.034436642030172555,0.003679272247050759,0.0,0.0007793229629469681,0.0,0.006413683523459229,0.0,0.009236591907427628,0.0,-0.0073231198669888135,0.0,-0.007345880856325495,0.0,0.014793015965222568,0.0,-0.010576152633076931,0.0,-0.002923630800628857,0.0
102,0.4389492454322586,0.09643485225411041,0.00019243259801089395,0.007588745923314706,0.00742397470814032,0.0027478731197019763,0.023392133569157,0.0047488950694616885,-0.0028156014823730795,0.011211315537502486,0.03607900336041828,0.0036076011209865886,0.0,0.0007484343697297971,0.0,0.006200493886136848,0.0,0.009175708462357456,0.0,-0.00804007207137446,0.0,-0.006378328520651486,0.0,0.014705052939010078,0.0,-0.010547696214866491,0.0,-0.002969346309878149,0.0
103,0.43788566137278045,0.09755965665212481,0.00019333495740665027,0.01031417484025324,0.008901860979184262,0.001536185650414705,0.023511343853672907,0.001061153071367734,-0.002647629367712586,0.010760775882043693,0.03685099220914032,0.003446158667381308,0.0,0.0008576368995694796,0.0,0.006435985572319811,0.0,0.009642207805016543,0.0,-0.007823090592681266,0.0,-0.006182859781048053,0.0,0.015742922859236914,0.0,-0.010056429991799088,0.0,-0.0032981873221931833,0.0
104,0.4380418108475804,0.0972066661023484,0.00019649724373156763,0.010071034786713224,0.009848467932145655,0.0010436574917964574,0.023525369242098842,-0.002276482358255514,-0.0006453010497397369,0.010182421276383946,0.03966279123191324,0.004014552304944249,0.0,0.000924692635478259,0.0,0.006380723828098874,0.0,0.009342160322205471,0.0,-0.007227377110300226,0.0,-0.006005360810851388,0.0,0.014852141677156873,0.0,-0.010045129137135803,0.0,-0.003282914007172284,0.0
105,0.43300764708966644,0.09747140465894756,0.0001913543458876555,0.009701280128398425,0.010347741961947547,0.0024093705609596412,0.02282303665633755,-0.007672005691563062,0.0028290259892151523,0.009796142238651304,0.03990737185645342,0.0036557163986973393,0.0,0.0009757766071005204,0.0,0.005824137126070751,0.0,0.00975160065279257,0.0,-0.007209583272494726,0.0,-0.005933714044178652,0.0,0.014608404896815141,0.0,-0.008987779257654963,0.0,-0.003279347616218966,0.0
106,0.43233070057022943,0.09586405763696,0.00019281808846215645,0.010337278891795075,0.010795719654097757,0.0032783021324307915,0.022471891604387836,-0.008211650587561539,0.00047415828370570305,0.00932140077980363,0.03963083212640707,0.0038117974428571216,0.0,0.0011303374183061188,0.0,0.005652954144657485,0.0,0.009865231253557616,0.0,-0.007358189228707949,0.0,-0.006292396948421437,0.0,0.014606427031797303,0.0,-0.010968479262005594,0.0,-0.0034270191429017433,0.0
107,0.4338636696681454,0.09437682833242832,0.00019409494849006764,0.011049049382829895,0.011147243520043228,0.003196525366830815,0.022608048299758685,-0.008078452619574017,0.00028602309178019704,0.009732611479355825,0.042535505814787676,0.0032514094786444177,0.0,0.0009083014338199962,0.0,0.005432441659088852,0.0,0.009461292975633289,0.0,-0.007699114264816477,0.0,-0.006869451709985462,0.0,0.014917686233191596,0.0,-0.011276538514614035,0.0,-0.003293866220657647,0.0
108,0.4325022688197081,0.09179923491615337,0.0002002870309778161,0.011031718650483375,0.010468449650854753,0.0028105226810879766,0.02200015431233349,0.0008021261309424251,0.0006867979389336882,0.010342587407159133,0.04330657341584498,0.00422512431672393,0.0,0.000791679174723861,0.0,0.005496399409733076,0.0,0.008894189973563865,0.0,-0.009437465234858234,0.0,-0.00665950787282194,0.0,0.014598074015225084,0.0,-0.012557374118404793,0.0,-0.003321395797859656,0.0
109,0.41785952071652327,0.0923056750842667,0.0001999109144052939,0.010628685570868518,0.009479928337670236,0.0017156716857506461,0.021147237131650416,0.007969515393116893,0.0023922903675366327,0.011330390176978315,0.04321734349703681,0.004978665358329555,0.0,0.000607666009022745,0.0,0.004956607407714197,0.0,0.00913365383046545,0.0,-0.01205828455712591,0.0,-0.00788048318994636,0.0,0.013895154198652811,0.0,-0.014071534540714472,0.0,-0.0032499873636431986,0.0
110,0.4148807530600455,0.09275076216257441,0.00020319707977252795,0.009782265647399584,0.009277301462776428,0.0010073977237584541,0.02061739586705289,0.0036707936466569007,0.010869656441721645,0.010718975498044982,0.04521233984853815,0.004395903265543482,0.0,0.0005780095866698775,0.0,0.004924832817601158,0.0,0.009517985324606367,0.0,-0.012461167133203931,0.0,-0.00749377523260628,0.0,0.013360656233605944,0.0,-0.014244522104688366,0.0,-0.0030111351673112246,0.0
111,0.4026353810144525,0.0947262616698631,0.00019867018043660025,0.009382578863704534,0.009054123401909137,0.0013339532948361409,0.02028495353212071,0.002049310619022283,0.026090015725326186,0.01027604078900473,0.03871536586852399,0.0037319735313737466,0.0,0.0007404357693525061,0.0,0.005144029968264989,0.0,0.009122434401312088,0.0,-0.011494584669032802,0.0,-0.005998846349264034,0.0,0.014510804833325968,0.0,-0.013156513236739283,0.0,-0.002788763179233583,0.0
112,0.4054217417810581,0.09538676761793977,0.00015511935438220663,0.00941258009352735,0.00916529100081256,0.0015807540333963538,0.019589218430762893,0.002689226615267968,0.021004940005540054,0.010346528162540908,0.037559115544386144,0.00322843750381751,0.0,0.0007532532589620775,0.0,0.005104719246836159,0.0,0.008464635865690254,0.0,-0.010042921794795592,0.0,-0.004994129426679837,0.0,0.014180029695152072,0.0,-0.013068556771011422,0.0,-0.002497692421687608,0.0
113,0.4078366997625622,0.09486760645297172,-0.002998350239807822,0.009466593276033908,0.00921443949667656,0.0023571788013011814,0.016927701779497473,0.0037892944408823705,0.024702246944673722,0.00542062063332632,0.036825889060952785,0.0030054123732568667,0.0,0.0008094010601285319,0.0,0.005133617277682352,0.0,0.008297764159246301,0.0,-0.011535941747515464,0.0,-0.006204939445842558,0.0,0.014236766086758402,0.0,-0.012715386564777047,0.0,-0.0027089652080834847,0.0
114,-0.30259995367166537,0.03860661386915734,1.7844668225135856e-05,-0.007766734187821919,-0.007104681324431063,0.027377414916716893,0.044781579555426256,0.09476282444381279,0.03215129190531156,0.005493695615936742,0.012359446656043247,-0.002465961692089737,0.0,-0.00031534185554935365,0.0,-0.0009327550959115819,0.0,-0.01707659321379853,0.0,0.004727801795286023,0.0,-0.019323458877692937,0.0,0.0022827657603403666,0.0,0.014933671228156186,0.0,-0.0022198534154398214,0.0
115,-0.3012473714032788,0.038754691755759255,1.509546722433059e-05,-0.007827607794544174,-0.007097072669883086,0.027333058481345828,0.04490365801132994,0.09395711810491578,0.03248027088919736,0.004151989148572499,0.011555170551579825,-0.002462938288401443,0.0,-0.0003225484607186488,0.0,-0.0009089395985745728,0.0,-0.017282920536257365,0.0,0.004716667940783918,0.0,-0.019168266483501346,0.0,0.0022957690718125186,0.0,0.015077175452161362,0.0,-0.002351950792173092,0.0
116,-0.3039750246059027,0.03838940677056308,1.4158397316960152e-05,-0.007965387660361527,-0.007264259350093278,0.027143517608123294,0.0446386253113938,0.09358314071084572,0.03279000400936667,0.006895017156976615,0.01224097536463987,-0.0025217657882502338,0.0,-0.0003232219591759232,0.0,-0.0009194740941141194,0.0,-0.01694162538303374,0.0,0.004733218249110914,0.0,-0.018894200664569073,0.0,0.002184618214993649,0.0,0.01508410502566022,0.0,-0.0023207784661401494,0.0
117,-0.24946201242581256,0.02144444340708858,1.3555276230533173e-05,-0.008852624736205463,-0.007764089881212558,0.023249775870809675,0.0354124880604869,0.06528258347694484,0.037289188770154816,0.11598581417020223,0.018317154496842035,-0.003250241933379418,0.0,-0.00032268472644511804,0.0,-0.00069668834643592,0.0,-0.01146953508272264,0.0,0.009505215089330872,0.0,-0.019411994500139612,0.0,0.0018630948637783928,0.0,0.010388136781371696,0.0,-0.0012637288886824477,0.0
118,-0.25402668439679466,0.020530476422225302,1.4103143363534684e-05,-0.009210663457357705,-0.0076195869230508495,0.023480990258229088,0.035727226156486026,0.06637301778719285,0.03443320644871665,0.10319555885982554,0.018284661048116938,-0.0034596575899993637,0.0,-0.00031667827233050155,0.0,-0.0006995270340964908,0.0,-0.012147705636871538,0.0,0.009430803205680783,0.0,-0.019012052213761888,0.0,0.0018372864759521558,0.0,0.01049778060750524,0.0,-0.001188933334747425,0.0
119,-0.2541330037073788,0.020365491406435787,-0.0003357982234250353,-0.00929054499156193,-0.007680379985166597,0.02359994023515383,0.03568663655863284,0.06682563667887784,0.033518617313551845,0.10229284642677516,0.019674363490836764,-0.0036506327729034487,0.0,-0.00031667827233050155,0.0,-0.0006986855229312442,0.0,-0.012107834714800095,0.0,0.009429781046002015,0.0,-0.019032404068992644,0.0,0.0017678789128674711,0.0,0.010282613955451849,0.0,-0.0011927904434737965,0.0
120,-0.10315073453192392,-0.019971629421779637,2.7348031600048095e-05,0.04784422516787266,0.04306240774457671,0.03640065673554273,0.04652024263489273,0.1519248010634878,0.024728929986784155,0.001415667920030772,0.032981067751574146,-0.0044140132757301215,0.0,-0.0003348000071996741,0.0,-0.0013643499021813049,0.0,-0.018373446291493553,0.0,0.004503816978004065,0.0,-0.006342136412634324,0.0,-0.0018144099529119123,0.0,-0.02057357377723622,0.0,-0.0023155764037668847,0.0
121,-0.10065419684081617,-0.019982959799566484,2.7352669484360085e-05,0.04636538063538632,0.041516686505530115,0.03610906488034731,0.04802491646718443,0.1480436516814693,0.024431124765167792,-0.0010660225741871096,0.032703668755928804,-0.00442899887883003,0.0,-0.0003899347364217568,0.0,-0.0012280713346995297,0.0,-0.01836150091407343,0.0,0.004350820579609725,0.0,-0.006154744940879477,0.0,-0.0024700858938072824,0.0,-0.020468662916941282,0.0,-0.002324403468351085,0.0
122,-0.10119581963106393,-0.020817364966502102,3.012896541505112e-05,0.044382805447006714,0.04102178907832787,0.035969667460526884,0.0478246045996664,0.1470386039975944,0.0232111012103416,0.000956236401884421,0.029356094521722928,-0.004547395622113707,0.0,-0.00037601059348987614,0.0,-0.0014837309108396298,0.0,-0.01927374662282173,0.0,0.004199949790329059,0.0,-0.005755978876298966,0.0,-0.002772482756773094,0.0,-0.02045516302523331,0.0,-0.0033373179201037595,0.0
123,-0.09483914750971295,-0.016497383717399183,2.8166345171548222e-05,0.03712163290013251,0.03263596088459003,0.029569961606445025,0.04102198228406746,0.11095210121502788,0.02036249648558463,0.08184232726418225,0.028801572876167043,-0.005456108461109847,0.0,-0.0003739879586492536,0.0,-0.001241288672010008,0.0,-0.013054928645455682,0.0,0.007616086608475415,0.0,-0.005672730871131021,0.0,-0.0029228676433155796,0.0,-0.013331598868167358,0.0,-0.0023178191994782096,0.0
124,-0.09443883611420575,-0.016722148032973592,3.095769520992203e-05,0.035928638728782096,0.032926830982409325,0.029530686009031304,0.04062465639622759,0.10597198122247543,0.01865432190110599,0.08739290589831422,0.028320503451689308,-0.005258650309347339,0.0,-0.00037584327999889034,0.0,-0.0012469538785248022,0.0,-0.013397093550819503,0.0,0.007574819406034849,0.0,-0.005190483235928013,0.0,-0.002817058836019123,0.0,-0.013398718463926856,0.0,-0.0021032255314456442,0.0
125,-0.09607814818033404,-0.016951951635721284,-0.000817907192392631,0.03502109325833043,0.032436367263646584,0.02942144543620762,0.04123513734058811,0.10627924663109513,0.01809020188210062,0.08569381787552038,0.03173005018693444,-0.005226497909601637,0.0,-0.00037194700350985595,0.0,-0.0012777578480594133,0.0,-0.013426226969061443,0.0,0.007466283403798847,0.0,-0.004346255012878136,0.0,-0.0025247441846536632,0.0,-0.013380578127306133,0.0,-0.002082906989275701,0.0
126,0.11362470682302342,0.05861954235711424,2.459230203734888e-05,0.029298378180105538,0.02542924776919378,0.0022176599258836574,0.014821626427283172,0.05649181880852924,0.04052719941325249,0.04044036625311104,0.02813342082006339,0.0010117028267294986,0.0,0.0004110355647196366,0.0,0.0002537899364985934,0.0,0.0036466375534864397,0.0,0.006691353263780385,0.0,0.006920980854070657,0.0,-0.004243268152081057,0.0,0.07448422651292379,0.0,-0.0016970558406954196,0.0
127,0.12249995981751127,0.05631653114467117,2.459230203734888e-05,0.028325718422265805,0.02557659630245553,0.0031781329485745064,0.013148461633108503,0.05301176119797175,0.04071789530347752,0.0409829607710014,0.03619927135278951,0.0007413991993506882,0.0,0.00043896982263658856,0.0,0.00021294034473743093,0.0,0.004065467787300672,0.0,0.006817722628346059,0.0,0.006982378899816013,0.0,-0.0039333342014785805,0.0,0.06908884843278033,0.0,-0.001695471347012631,0.0
128,0.12147196994352341,0.05647247550158304,2.459230203734888e-05,0.028140093076994367,0.02517003994755107,0.00378802069602976,0.01311179277210463,0.05267833372805365,0.04057827364534601,0.041597785375660015,0.03555848595304315,0.0007722653493577741,0.0,0.0004400448399917528,0.0,0.00021294156218850286,0.0,0.004086736705074106,0.0,0.0067516223515705675,0.0,0.007086405281936497,0.0,-0.003964788158732276,0.0,0.06929754250679467,0.0,-0.0016923988504293215,0.0
129,0.1196090341370271,0.05666974967274476,-0.0006941481153745627,0.02805440649928986,0.02516391692388143,0.003638852855858649,0.013047201234807586,0.05187366274249594,0.040470598646401186,0.04316624289330318,0.03644716980598247,0.0006804500486570433,0.0,0.0004400448399917528,0.0,0.00021384551392247182,0.0,0.004086859250096929,0.0,0.006742250489050984,0.0,0.007087503154157831,0.0,-0.003935751329847102,0.0,0.06939542519987484,0.0,-0.0016936481653056805,0.0
130,-0.24101648270863069,-0.01375457291542557,2.6498830223084057e-05,-0.0017299942057545342,-0.0007807179517617321,-0.005952639925043463,-0.019886597559057938,-0.020352574091259783,0.022652033051775006,-0.015286128081140323,-0.022222547487482064,-0.009356175084920156,0.0,0.0002643957612801964,0.0,-0.00015560697330448765,0.0,-0.0019096446548996094,0.0,0.0016874778461007454,0.0,0.0006675055835776618,0.0,-0.003232249727466489,0.0,-0.011179577799557045,0.0,-0.009249160666166423,0.0
131,-0.24726538008891416,-0.013091245374186947,1.65193079240409e-05,-0.0013451169020394984,-0.0006770523624583762,-0.008723364727098592,-0.018800610201018676,-0.023084540389252013,0.021948494993233387,-0.01419136132188282,-0.02287085835861731,-0.009231555897190017,0.0,0.00027597540440981214,0.0,-0.00011954972427144253,0.0,-0.0010809396021073143,0.0,0.0017725172623753633,0.0,0.0005683446907136962,0.0,-0.0031577121516741754,0.0,-0.01065231947674661,0.0,-0.008886981468746983,0.0
132,-0.2435751658352369,-0.0135100365593875,1.641503364224265e-05,-0.0007058314167290263,0.0004495761286435787,-0.010066412046265533,-0.021031303253196885,-0.021815051229552813,0.020867438272998338,-0.014527171672362942,-0.022362047208867152,-0.00932116999965443,0.0,0.00027944212619931903,0.0,-0.00011031126359887697,0.0,-0.0010755936923840942,0.0,0.0022704865134269164,0.0,0.001023833927897471,0.0,-0.0038646600616941804,0.0,-0.010881424463992508,0.0,-0.009539181454771279,0.0
133,-0.2391693094907406,-0.013958781681957445,3.414496564814925e-05,0.00029572836733816237,0.0017074793101761205,-0.010647608861977699,-0.01955633459493206,-0.021918597834782956,0.0219393650143844,-0.015110459032831005,-0.022796286707598312,-0.009498943737064046,0.0,0.00027668334054537733,0.0,-0.00010585522061008328,0.0,-0.001615426614139369,0.0,0.001982225232962849,0.0,0.0015795546624305067,0.0,-0.004950031623754217,0.0,-0.01158875788639955,0.0,-0.009902682830935722,0.0
134,-0.24302360284609587,-0.010487476137567554,3.792000787884228e-05,6.435473173566514e-05,0.002746287112169645,-0.009507962703870495,-0.016354919943169937,-0.01983703664074918,0.012818656782262395,-0.01400796550377866,-0.02220523068687283,-0.009838717179376798,0.0,0.0002821913799967766,0.0,-0.00011564941946801598,0.0,0.0006388590913179868,0.0,0.002159624862751519,0.0,0.0051672883139153745,0.0,-0.004227800179321721,0.0,-0.012627538443958716,0.0,-0.011329473124049156,0.0
135,-0.24365108813613093,-0.0073952083078306155,3.791851615369054e-05,-0.0012574436004725582,2.1988352503905637e-06,-0.010096699190312237,-0.016421754721706816,-0.020662590210953867,0.0029485846567842366,-0.013821318745626513,-0.022546795649020807,-0.00995427811410395,0.0,0.00028660875152803966,0.0,-8.131290314243693e-05,0.0,0.0009605988292968856,0.0,0.0023781740831831455,0.0,0.005306868373522919,0.0,-0.0035635780557725528,0.0,-0.012158010110247669,0.0,-0.011144747153270839,0.0
136,-0.2512595180530733,-0.007045861541185448,4.1948005093352415e-05,-0.000902956360718535,0.0009235390048361542,-0.009073425874960864,-0.011339769144757652,-0.02026785201510868,0.003263818994379272,-0.013746303139769506,-0.022611117941714918,-0.010591775743516366,0.0,0.00032368893993793443,0.0,-4.4367545383667295e-05,0.0,0.0014046371807454078,0.0,0.002400580432356929,0.0,0.004492602034124892,0.0,-0.0035545523762110023,0.0,-0.012073967220788618,0.0,-0.011173220487158216,0.0
137,-0.24912297391061902,-0.007203784543064441,3.732257930267914e-05,-0.00028410689244595503,0.0012550260782616027,-0.009190707229625342,-0.011347590895610367,-0.020673990586286,-0.0012458636379700956,-0.01397056672088138,-0.0216545022860807,-0.01090805054837836,0.0,0.00031258108646821544,0.0,-7.56928961792856e-05,0.0,0.00290214736207764,0.0,0.0023737912250243968,0.0,0.004264923561617263,0.0,-0.0035946505526539166,0.0,-0.011805019462328705,0.0,-0.010902164583501319,0.0
138,-0.24167882896938822,-0.005924884528840543,3.6781629299775266e-05,0.0016442163203491441,0.001706646092005963,-0.008862969757196831,-0.010167843641394258,-0.02113764993048029,-0.0038159258177217843,-0.015038510454470822,-0.021392081379547442,-0.011527409069953112,0.0,0.00028733491538950626,0.0,-0.00010606095505265167,0.0,0.0047646500374432955,0.0,0.0024096991412464346,0.0,0.0038763627458639257,0.0,-0.004406966488451836,0.0,-0.013305830301200633,0.0,-0.01148319304479911,0.0
139,-0.24178687508149463,-0.005371187115054464,4.129309042169948e-05,0.0015438538103963156,0.0008760075424294372,-0.008634037634068517,-0.009807297579407542,-0.02150428257623658,-0.0036374647949183212,-0.015438174017123255,-0.021330566753804667,-0.011702977443770064,0.0,0.00029352871679770885,0.0,-0.0001086704823667655,0.0,0.004975514106409477,0.0,0.002296344192195121,0.0,0.003889259187698386,0.0,-0.0046146715190275986,0.0,-0.013296340529530931,0.0,-0.01192428680910666,0.0
140,-0.2426785289498219,-0.005316491158499476,5.166105971694293e-05,-0.0008779063544333575,-0.0009601727938512891,-0.007677038660255123,-0.007681406809399699,-0.02191146984714813,-0.0028882327524240646,-0.014940412424626933,-0.02145969956800722,-0.010863809974543243,0.0,0.00026821596035279125,0.0,-7.92505197529482e-05,0.0,-0.0050421180267528785,0.0,0.0023844589003253194,0.0,0.004233155619923654,0.0,-0.0037708607693574384,0.0,-0.013084020447279006,0.0,-0.010777081802363352,0.0
141,-0.23877551080818857,-0.0008012000837847547,5.1277249095660335e-05,-0.0021480581661379792,-0.001301556984740431,-0.007570328475878417,-0.007632481794711674,-0.022117480024620568,-0.0027472242679266613,-0.013630755467324653,-0.021452955974184926,-0.010837808636118489,0.0,0.000268208525277435,0.0,-6.440081857789462e-05,0.0,-0.004841263419078249,0.0,0.002420427745313558,0.0,0.004719799457845517,0.0,-0.0035339972767656227,0.0,-0.013081193998541123,0.0,-0.011045960237851862,0.0
142,-0.23423658906345324,0.00820450559650297,4.758641007486216e-05,-0.0027218530089761473,-0.0016398574780920737,-0.003891139284943978,-0.008046933439290766,-0.02151818316100246,-0.002013183599658387,-0.01466171958436603,-0.02147928709689207,-0.010803027570428508,0.0,0.0002717584261236237,0.0,-9.120884922998707e-05,0.0,-0.005498016233707468,0.0,0.0024145845695433574,0.0,0.004509460359434869,0.0,-0.004350806695055096,0.0,-0.014942305311220318,0.0,-0.014727702580965639,0.0
143,-0.2360243479994412,0.0014555523849354014,4.725861978026588e-05,-0.003975985731517715,-0.0029383928831324163,-0.003383000658726955,-0.00843561894505271,-0.02209046460131954,-0.0031824261771386717,-0.015063417511023585,-0.02171939620927934,-0.010885401783930557,0.0,0.0002609795499022527,0.0,-9.862226886739717e-05,0.0,-0.0063452229659193655,0.0,0.0022479387646688145,0.0,0.004304830784074614,0.0,-0.004651081123336463,0.0,-0.015032459858509187,0.0,-0.0142060260063767,0.0
144,-0.23171068402340061,0.0008217252372092485,4.725861978026588e-05,-0.0051095349961262524,-0.00409517009784417,-0.0037718138746256863,-0.008389042744389345,-0.022235821589308376,-0.0040759149004798234,-0.01611942147597708,-0.019860298521778095,-0.011157922721844703,0.0,0.00025983519109852484,0.0,-8.124424729237158e-05,0.0,-0.006976470422265699,0.0,0.0021905773820954117,0.0,0.004140034914300959,0.0,-0.004423707946570716,0.0,-0.014966106209959152,0.0,-0.014201582192832789,0.0
145,-0.19906006540950286,-0.001325321157147884,4.758362172950459e-05,-0.005818627567690992,-0.00443280536271064,-0.007614670742732978,-0.009710672742609092,-0.02273471742146692,-0.005314804375304373,-0.015701767319105133,-0.018542047892947548,-0.011558578085043302,0.0,0.0002760812995163598,0.0,-6.706607591309749e-05,0.0,-0.005860870193466441,0.0,0.0023607107913010267,0.0,0.0009540441242689949,0.0,-0.0039014480061467616,0.0,-0.021672162815482687,0.0,-0.013259575799822685,0.0
146,-0.1967463787344227,0.01134594875803953,4.6678511149965314e-05,-0.0029152922103148323,-0.003098808901508557,-0.008817995106067435,-0.009210143278532625,-0.02360104965746482,0.0032699713576574098,-0.016441233989817703,-0.013726274663407678,-0.011803009257089627,0.0,0.000298488998182239,0.0,-1.3086604705022426e-05,0.0,-0.0069701289759819835,0.0,0.002654422692425181,0.0,-0.00034323266576586514,0.0,-0.005795626342994765,0.0,-0.02855742258354392,0.0,-0.01237838028819501,0.0
147,-0.0840741216665143,0.005853112738043294,-2.4092460344594955e-05,-0.008997606874768332,-0.008906919057395426,-0.014707583341657194,-0.009608909160094192,-0.04358305183989261,-0.00027645322872551457,-0.017228477965166265,-0.029581874870388002,-0.015399139218379607,0.0,0.000378475568233854,0.0,-0.0003030115334812604,0.0,-0.002402829882813707,0.0,0.004195033949328603,0.0,-0.013351306875745577,0.0,-0.011432095360128276,0.0,-0.0756850688707784,0.0,-0.007733747085651086,0.0
148,-0.07807096953495275,0.009115894404069035,-1.3220647424951306e-06,-0.009363646674227757,-0.009803109735836235,-0.01264039120554346,-0.010875395059343483,-0.042512465297610276,-0.005108755477582835,-0.017291899371294196,-0.03528452350945879,-0.014599896707015298,0.0,0.0004202554179812433,0.0,-0.00039181298104601586,0.0,-0.0018508492602929095,0.0,0.0044377217131695065,0.0,-0.016168484904731144,0.0,-0.011846741802070047,0.0,-0.07967280595045126,0.0,-0.006953310198650462,0.0
149,-0.060131400235863636,0.010174506888118901,-1.3220647424951306e-06,-0.00746572347627661,-0.008832305828646202,-0.01302596674262359,-0.010096337694918913,-0.031174205520279653,-0.004811879036109413,-0.017245171819894503,-0.026904720915509644,-0.014003454996578124,0.0,0.0004551500102351572,0.0,-0.0005133860564340261,0.0,-0.00010511049702973264,0.0,0.004691301296525693,0.0,-0.018410542855547222,0.0,-0.011874657717452108,0.0,-0.07947570255859022,0.0,-0.007205985536848782,0.0
150,-0.04436431759935447,0.01680154758695379,7.674083405390743e-06,-0.0057097488895335785,-0.005921748911531666,-0.009675931420707707,-0.006462848398890532,-0.013711297129661014,0.0022245243837013045,-0.013586075579161751,-0.001811141322608482,-0.013766288507246935,0.0,0.0004574950002249422,0.0,-0.0004958877583154674,0.0,0.0011103690773202233,0.0,0.005062196888732775,0.0,-0.018280734884063853,0.0,-0.010594490771311768,0.0,-0.07332647868019557,0.0,-0.006598296284610117,0.0
151,-0.04348927974070073,0.014587301415622573,9.84510752696058e-06,-0.00441062601165188,-0.006514995452977903,-0.008563228055894325,-0.0045876293076736645,-0.013611079792524818,0.0024840045206494725,-0.012590671266155712,0.004415166786711588,-0.013652834772701712,0.0,0.00043469928592539255,0.0,-0.00047629726595645866,0.0,0.0011819939742820618,0.0,0.005358165168935832,0.0,-0.01906292808353339,0.0,-0.009605099500619177,0.0,-0.07172185374856312,0.0,-0.00652188181827142,0.0
152,-0.01665582374474135,0.017141116739907796,1.601706344179932e-05,-0.0035946920837194134,-0.005008059212614095,-0.0039059381371360593,0.026785283200453414,-0.00948855503586108,0.009151553164983362,-0.013882457361054713,0.013265947142854652,-0.013600221651846768,0.0,0.00043007385058576675,0.0,-0.00043227062746716146,0.0,0.0016627792515489512,0.0,0.005432447798117062,0.0,-0.0207736997145729,0.0,-0.008771648109634237,0.0,-0.05941307741105779,0.0,-0.0062619992054845225,0.0
153,0.01216642926421798,0.023642303507693235,1.6272582975544032e-05,-0.0030184587348193563,-0.0036655399936587336,-0.0004886387335445162,0.0443825477778338,-0.004017927515282947,0.029848648422481486,-0.009835274905540098,0.027819125305763692,-0.011583863653275944,0.0,0.00047958716316002825,0.0,-0.00032745436910168934,0.0,0.002276499981275143,0.0,0.0060419092514896544,0.0,-0.02080592529433215,0.0,-0.008355327452666145,0.0,-0.04894126449992371,0.0,-0.006087207758512229,0.0
154,0.043080571612401315,0.04024759515498615,1.629792671633295e-05,-0.0009225571811796142,-0.0009554262219433343,0.0006743981746482374,0.04877219011212404,-0.016539493464582514,0.031038135283802594,-0.00954838403360393,0.041249908636309306,-0.010719087592224728,0.0,0.0007388068384367509,0.0,-0.00019350232122621345,0.0,0.0020829613615127554,0.0,0.006185346044159081,0.0,-0.031610283682642015,0.0,-0.011534917795781332,0.0,-0.04601774258792234,0.0,-0.006162805447958502,0.0
155,0.04450894184357188,0.04541347192538738,1.6399796550242283e-05,-0.0018725475860326055,-0.0009016700952893988,0.0017862207684421953,0.04784788945077472,-0.024032219968733646,0.029799347765216255,-0.010348427239548088,0.0450541747002121,-0.010939362629904545,0.0,0.0007444833078760311,0.0,-0.00018047621789266013,0.0,0.0018928457185795398,0.0,0.005788968672313996,0.0,-0.032542690359261654,0.0,-0.012644165877108744,0.0,-0.04578636756152196,0.0,-0.005959942062923059,0.0
156,0.05074714977895291,0.04412825565683578,0.0001915446603008286,0.003506224808277041,0.003535788809970771,0.0010472215961858564,0.04945864603750508,-0.02805446519994136,0.028477849591215354,-0.009492698679149272,0.04650043063432665,-0.0110528559215044,0.0,0.0007444055467569136,0.0,-0.0002089485928223946,0.0,0.0016490206783758728,0.0,0.005911178395676142,0.0,-0.030548800528194957,0.0,-0.012233063365389327,0.0,-0.044989400148084106,0.0,-0.00601265415131494,0.0
157,-0.2716745756149818,-0.015068250795876979,7.955390795539251e-05,-0.001643511205498153,-0.0014605376559161747,0.019541440620829492,0.06139564005443827,0.06661252221703488,-0.018906539608787593,-0.011556973945011265,0.022169320480111533,-0.006002886869417485,0.0,0.006836905751019035,0.0,-0.0038681495933813067,0.0,0.017586063281355504,0.0,0.004119247195224046,0.0,0.002945934442431494,0.0,-0.0027197973504629793,0.0,0.011430613500099973,0.0,-0.001276289874331352,0.0
158,-0.2748062494026514,-0.015895672952375955,8.087580153100944e-05,-0.0025406437298479694,-0.0017912021220357706,0.019809155741804155,0.060784863603024396,0.0705288368861449,-0.00261072867842221,-0.011713433488990158,0.023141533155951667,-0.005814605560943337,0.0,0.007147348222306499,0.0,-0.003936472307756694,0.0,0.0177417731622239,0.0,0.004461649974833007,0.0,0.0024284085299412506,0.0,-0.0014986248364771545,0.0,0.0141551250242914,0.0,-0.0009979798977967393,0.0
159,-0.2743480080805712,-0.017294316742270627,8.092645338104666e-05,-0.00449886344496479,-0.004204749205618144,0.016340212798889576,0.057020223210991774,0.08468712440511267,0.006033510720926977,-0.014707555128287912,0.02338671530730474,-0.005340684788130949,0.0,0.008147767165005437,0.0,-0.004353350131015441,0.0,0.019556452464443774,0.0,0.004618902496986559,0.0,0.0022481025190025095,0.0,-0.0008067156468347296,0.0,0.015242244985277754,0.0,-0.0008297316755910272,0.0
160,-0.27522488620439467,-0.018422284824300677,-0.00082767606456,-0.0034593740662174416,-0.0029677605793734236,0.016225338970410796,0.05496271324706587,0.08182173899657498,0.006957457198823687,-0.013891815699188303,0.022742819840345232,-0.006547801453846099,0.0,0.00845706898448366,0.0,-0.004363791378765502,0.0,0.019844484631765063,0.0,0.004512626580405672,0.0,0.002206088022953346,0.0,-0.0008179751123583153,0.0,0.015017041570848646,0.0,-0.0008386461399450376,0.0
161,0.05762860013651463,-0.19060709876237208,3.046135600331571e-05,0.003011724198695367,0.004189306785719861,0.004703307237225326,0.02336120732003879,0.03516147786721057,-0.00972513063715618,0.0033473169874796106,0.10154987225405536,-0.0037827182043276043,0.0,0.0004427103720818786,0.0,0.000350965165311524,0.0,0.0019478981042018906,0.0,0.004615736458177047,0.0,-0.0005110295913791211,0.0,-0.001352809531912791,0.0,-0.03796574194109279,0.0,0.016371861281825204,0.0
162,0.05302907930403103,-0.19019332285724133,3.0311136666606348e-05,0.0028461343443110247,0.0044470168184805245,0.0034682270554556274,0.02331196588680386,0.04215392453021957,-0.011732896455956543,0.0034675712717575947,0.10446303810708799,-0.0034917302788355967,0.0,0.0004398217910522435,0.0,0.00024576631411937186,0.0,0.001519630264938595,0.0,0.0045031099852309055,0.0,0.0002584641500088454,0.0,-0.0016995598675949499,0.0,-0.039932225134402026,0.0,0.015633590490166077,0.0
163,0.02293435015896703,-0.1548841936511608,3.341772203908606e-05,0.003942321339253054,0.005013668367631652,0.0036669304124860563,0.023936668754132494,0.039891615809589574,-0.011569903601410638,0.005594824233408744,0.09258034569669489,-0.0039005024619521845,0.0,0.0003394836526286727,0.0,-6.179116470021707e-05,0.0,-0.022424222297403762,0.0,-0.007054460473906788,0.0,-0.0006370781407053305,0.0,-0.0021413302669894465,0.0,-0.04170441633315423,0.0,0.014469459794365739,0.0
164,0.054754646696318895,-0.1869033117509392,3.0311136666606348e-05,0.002050544135177854,0.0043706438739392825,-0.0019680312918151184,0.023049787217140807,0.04436058691046106,-0.008555755744610774,0.005678610731716192,0.10816285399523863,-0.003539973624751566,0.0,0.0004545014988437804,0.0,0.00017791332750592042,0.0,0.0019494234924535387,0.0,0.004435981194385979,0.0,0.00048620281365565964,0.0,-0.0014450892360178549,0.0,-0.04376437515896519,0.0,0.015693856035868828,0.0
165,0.0543590518187502,-0.1884335359356887,3.0457693816710546e-05,0.001905963922936528,0.004513887343811811,0.001906100582883718,0.023510234282578,0.044425200353887494,-0.0039368693326703175,0.005049579872881373,0.108993866947019,-0.003408805173783894,0.0,0.000441505430566882,0.0,0.0002034529056532974,0.0,0.002082073261838587,0.0,0.00461840832169219,0.0,0.0007133496618429931,0.0,-0.0014206150950936192,0.0,-0.04483751425115825,0.0,0.015474943036482986,0.0
166,0.04634341787012614,-0.18987292179295973,-0.0005340236381962623,0.0017994049801090574,0.003826672304344828,0.00165988281435975,0.024022127544553032,0.05836526839930536,0.0041508861014468565,0.00514119442609354,0.11019656028697562,-0.003350376593681507,0.0,0.00040480600440638857,0.0,0.0002941765747480281,0.0,0.002482551652542304,0.0,0.005033208861887534,0.0,0.0010367819914636185,0.0,-0.003234209796435411,0.0,-0.04730882678938074,0.0,0.014682700307835302,0.0
167,-0.22025982032732505,-0.015592096357193393,1.581252661376681e-05,0.00715301514014247,0.009765454734957227,0.02836140972965491,0.044378922739957694,0.04096437391764255,0.02000568102572548,0.11672409029240906,0.02064269925500783,-0.005140260638233163,0.0,-0.00036001146337635197,0.0,-0.0008062637962753568,0.0,-0.014718978175708077,0.0,0.009221636461082762,0.0,1.1342264978309776e-05,0.0,0.0008109473878202475,0.0,0.016083386461756152,0.0,0.00696071437912335,0.0
168,-0.21738849359428766,-0.017345542288972667,1.5787155761690685e-05,0.007561805605714107,0.01043114910604774,0.02850991110908985,0.04535158672180748,0.04224562545953465,0.023264381611983787,0.1179667000550562,0.0208692101559842,-0.0051766225850223835,0.0,-0.00036300863891596343,0.0,-0.0008233488152913972,0.0,-0.014985752415521175,0.0,0.00936500429408516,0.0,0.00010273195302037323,0.0,0.0009040704037908615,0.0,0.01633968568608346,0.0,0.006325720440110128,0.0
169,-0.209909438078111,-0.01738355258755365,1.571787224608157e-05,0.008226771012790813,0.011951352541108889,0.0290652638067619,0.04549629802906825,0.042748364827340395,0.02332179927124225,0.11867588183848878,0.008840737478199854,-0.00528074190466049,0.0,-0.0004107043773932846,0.0,-0.0008098386439582656,0.0,-0.015369540898074933,0.0,0.009390794228384179,0.0,-0.00036993428100317953,0.0,0.0009098671498690506,0.0,0.018407839659110355,0.0,0.005653664476201415,0.0
170,-0.20021457309508478,-0.017015597013534653,1.6379582849801223e-05,0.009809075099842933,0.01263447789813283,0.03159746279832623,0.046164307707309206,0.043327287271150074,0.022772242460551453,0.1201245348702844,-0.004294617793045984,-0.00527654487105101,0.0,-0.00047123040351339506,0.0,-0.000800597050005513,0.0,-0.015457582226710507,0.0,0.009331618038531313,0.0,-0.000668085680819865,0.0,0.0006018691818126916,0.0,0.019273218296284804,0.0,0.005072661046733383,0.0
171,-0.19590050068468368,-0.016905266340677932,1.635040637736645e-05,0.010832180672265058,0.013808892127104792,0.031927773397555675,0.045301378155160534,0.04193077524801411,0.023129112449666697,0.11994174492772457,-0.005434859902601793,-0.005235550515411756,0.0,-0.00047208703749458735,0.0,-0.0007367318119974526,0.0,-0.015388195868412858,0.0,0.009339844116727686,0.0,-0.0006589962940267194,0.0,0.000649330629760423,0.0,0.019497749017816954,0.0,0.00535763635582535,0.0
172,-0.19614820403029656,-0.01644624836598706,-0.00043947546567262507,0.011655686913611504,0.014442773384055318,0.03152914284528945,0.04504545628111514,0.0397899816807686,0.023171412262837508,0.12036596512505984,-0.0041946118423559185,-0.005191595933319817,0.0,-0.00047208703749458735,0.0,-0.0007323193516313817,0.0,-0.015372083067969106,0.0,0.009231405968538872,0.0,-0.0007191017077677481,0.0,0.0005541519116882003,0.0,0.01928948614928862,0.0,0.005640843328934933,0.0
173,-0.27240334208415123,-0.053940810486243135,6.056321881321068e-05,0.0010988990332473003,0.0009172437484381138,-0.0013812713656300348,0.001873925293159109,0.0036099222353976074,-0.041402416872622014,-0.015406186085096593,0.003165464152189496,0.007106975200198365,0.0,0.00027135957321274543,0.0,6.063716248095569e-05,0.0,-0.0004593636857180441,0.0,0.002938118713041087,0.0,-0.003160101664904951,0.0,-0.0013491019449521225,0.0,0.015539400359685901,0.0,-0.004618082655435617,0.0
174,-0.2749269694351221,-0.05499733294304293,6.055783159189073e-05,-0.001317416906265088,-0.0014729218369720662,-0.001022389821257543,0.0015549978837088446,0.003108993846511571,-0.04073576135017927,-0.013488799265763017,0.008203360682249656,0.00683727676826886,0.0,0.0003199632970309845,0.0,5.4965302209087765e-05,0.0,-0.0006895846858516176,0.0,0.002747943602384391,0.0,-0.002874250988533845,0.0,-0.0011311257680795925,0.0,0.013481959934691779,0.0,-0.004547339000455325,0.0
175,-0.28362893511572945,-0.055628679937110966,6.070581919805114e-05,-0.0011389895940077312,-0.0015373124459374802,-0.0017528415912052555,0.001022831140778738,0.0020074066237170778,-0.030921552028526467,-0.009825731616477287,0.00677119137989054,0.007680739194513016,0.0,0.0003223789679459673,0.0,5.908503231018542e-05,0.0,-0.0010991897748965549,0.0,0.0024023441731438047,0.0,-0.002954517614982761,0.0,-0.0013792058895702934,0.0,0.013162347669631026,0.0,-0.0044559472455601825,0.0
176,-0.2833298286921909,-0.05715110256835335,6.068478651030077e-05,-0.001247632831143289,-0.0012315557218764263,-0.0017402047077507156,0.00125882436855606,0.0016213304837773125,-0.030275333269430077,-0.012106878846671247,0.008375851472026527,0.007511516452210797,0.0,0.0003276862806493627,0.0,6.623584567992636e-05,0.0,-0.0010890284167040733,0.0,0.0024509838027601963,0.0,-0.0030244588458679784,0.0,-0.001487184972170501,0.0,0.012430250436876168,0.0,-0.004491164375088118,0.0
177,-0.2826427665177851,-0.05738769396514814,6.029203475309017e-05,-0.0015775733917716378,-0.0015152805283094608,-0.002181035748159073,0.0012955490256963283,0.0013658753851778518,-0.02955137042763448,-0.012399588370386294,0.008630422032012643,0.00743102905284203,0.0,0.0003276635511885449,0.0,6.429740856530185e-05,0.0,-0.001118620067934416,0.0,0.0024457760553601906,0.0,-0.002981282401591956,0.0,-0.0014604058973563538,0.0,0.012611489784018508,0.0,-0.004487786331736978,0.0
178,-0.2837270877576696,-0.05528886972831778,6.0376973773693813e-05,-0.001800232962547872,-0.0014559078214631685,-0.0024730309540261985,0.0014344429443446717,0.0001307699296462811,-0.027347519884401053,-0.01023878412494696,0.008919512699949542,0.0062583931315772865,0.0,0.0003226377764681054,0.0,6.55662534287388e-05,0.0,-0.0010402210764720013,0.0,0.0024246313798345605,0.0,-0.00371521329275261,0.0,-0.00253069600245427,0.0,0.012574292113362476,0.0,-0.004525500682871284,0.0
179,-0.2824821179840655,-0.05285757429927592,5.958575250903592e-05,-0.0018517030425737801,-0.0017188454907855124,-0.0020972975662993444,0.011419115992690842,0.00013106695851442153,-0.025075782623464146,-0.0061981129568001,0.009605452023902646,0.003566007383784341,0.0,0.0003112885163680301,0.0,6.7934904690523e-05,0.0,-0.0027486769035473695,0.0,0.0025458524540467073,0.0,-0.005392271901439892,0.0,-0.008233077640150332,0.0,0.011202776292095007,0.0,-0.004376083327102296,0.0
180,-0.2785292240114483,-0.05296150412404855,5.8833115343967915e-05,-0.002258216613836993,-0.00188424576729057,-0.001907252603364916,0.010655161367485613,0.0008427963225795589,-0.0278291325055332,-0.008189442523201309,0.009609063452004771,0.0029961301633940622,0.0,0.0003091163669243518,0.0,0.00014031742963069944,0.0,-0.002854657618487825,0.0,0.002539524123481642,0.0,-0.005540201682418498,0.0,-0.008394479386280863,0.0,0.008960263749642254,0.0,-0.004359585642126623,0.0
181,-0.28396462470525713,-0.0547208710931628,5.9795998163737556e-05,-0.002835243112383432,-0.0024312823051999507,-0.0013937529117018386,0.010846043142243241,0.001168233417772389,-0.028865372855484576,-0.003256507712173322,0.013371609963582831,0.002748558218516357,0.0,0.00030598101840070905,0.0,0.00022394013863726673,0.0,-0.003012164420228229,0.0,0.002413511879322625,0.0,-0.005805304518068512,0.0,-0.008620774104546267,0.0,0.008363347822157242,0.0,-0.004310428480804332,0.0
182,-0.27513648213376285,-0.05359715816009986,5.9752919821461436e-05,-0.0028247276571073438,-0.002601851643240249,-0.0029781019026872213,0.01121427835977121,-0.004241100793628533,-0.026455620797437393,-0.009280279518602507,0.014207904790612009,0.0013504828176908353,0.0,0.0003038836486903335,0.0,0.0002163726146831971,0.0,-0.0018519918441242253,0.0,0.002347983666060644,0.0,-0.005892594185392534,0.0,-0.008613188141917107,0.0,0.006213162941638226,0.0,-0.004393166066505258,0.0
183,-0.2729428128811015,-0.05106453789146582,5.951635148766791e-05,-0.002545955912133342,-0.0025613190397163507,-0.00393552835183342,0.011314024804628895,-0.014795104325462839,-0.025350240604828697,-0.009422032694838213,0.017821808405795524,0.0014199962671346887,0.0,0.00030319358958017976,0.0,0.0002336136642307481,0.0,-0.0020045877295308064,0.0,0.0022035319508506776,0.0,-0.005780345175380386,0.0,-0.00867166550058894,0.0,0.007098088329671558,0.0,-0.0044506525746992,0.0
184,-0.2719135154099311,-0.05037155212838752,5.8477929346587936e-05,-0.0024321196745743083,-0.0022120623597769846,-0.004367111564539856,0.011825638432103235,-0.015542037721065435,-0.024460368934555,-0.009429277285472383,0.018517119066341438,0.0013179552455162297,0.0,0.00030499901043634094,0.0,0.00024189029266234678,0.0,-0.0016380992607040788,0.0,0.0022343934469320793,0.0,-0.006010274100512662,0.0,-0.008680685452584772,0.0,0.007250291363433823,0.0,-0.0044089655148807265,0.0
185,-0.2744831075976101,-0.05087216840282213,5.8477929346587936e-05,-0.0018926497737765775,-0.0015963121207065412,-0.004988227025687619,0.012000607059549754,-0.014289319586361985,-0.021535766620029553,-0.010751660202520691,0.017453454568409712,0.0016345306649036032,0.0,0.00028527514898306035,0.0,0.000222042213502354,0.0,-0.0016391293931412552,0.0,0.0022858034589448967,0.0,-0.005870019316590413,0.0,-0.00850098945688595,0.0,0.008975858295611058,0.0,-0.003974867998006325,0.0
186,-0.26659767211686924,-0.0518973399801109,5.7506346612709815e-05,-0.0016303342487331432,-0.0012752683528638028,-0.005874047151825984,0.012288994272426955,-0.012668522658950828,-0.023435256250581623,-0.012559504852099087,0.015984750699265585,0.0012351893489077823,0.0,0.0002774676144147015,0.0,0.00020742090953941683,0.0,-0.001008202473759311,0.0,0.0019702283296694446,0.0,-0.006281918164353806,0.0,-0.008571587249873629,0.0,0.010149763759152091,0.0,-0.004494131236867155,0.0
187,-0.26591232165760664,-0.05440339342902573,4.99004228333805e-05,-0.0017084079252011654,-0.0013226762853551454,-0.006135286031433103,0.011863245417042109,-0.010831422331048059,-0.027041272285829122,-0.011660968293015198,0.015740839496478917,0.000727971661960485,0.0,0.00024341011370033138,0.0,0.00021404700682750759,0.0,-0.002294616036653355,0.0,0.0019110441168696912,0.0,-0.0061369810834549475,0.0,-0.008761713041846383,0.0,0.009129726642032227,0.0,-0.004504999330149478,0.0
188,-0.26887584892757344,-0.05616275193671321,5.0270994643860735e-05,-0.0018363180156920776,-0.0013638867598869374,-0.005971583425482311,0.011388127129997245,-0.006396832599227651,-0.027525206606525857,-0.011502335213595416,0.017204269708225146,0.00036248617047604113,0.0,0.0002465173587123538,0.0,0.0002348597843882032,0.0,-0.0022636023869487794,0.0,0.0016647850910249946,0.0,-0.0058167413504497095,0.0,-0.00856988652473715,0.0,0.008536046872694592,0.0,-0.004236242216204583,0.0
189,-0.2695845221389179,-0.05920450335390223,4.961304003043097e-05,-0.001231510088107707,-0.0014396344534266122,-0.005339411525767995,0.011375732652596929,-0.007288583492714151,-0.02661246363521015,-0.010404053993586997,0.015866388404598735,0.0005503691402337985,0.0,0.00024794390064493806,0.0,0.00023594282585285715,0.0,-0.002059971105685189,0.0,0.0018319918086563635,0.0,-0.005681037930640439,0.0,-0.008489625285932367,0.0,0.008335280632977709,0.0,-0.0042289547198985115,0.0
190,-0.277283819151498,-0.06785722331854702,4.964502098982905e-05,-0.0007758702311153442,-0.0013157268902906868,-0.005839787746506235,0.011631352680461345,-0.008733386183956268,-0.017870669942777997,-0.004260240318953609,0.016378226334190362,0.000837749085175556,0.0,0.000248275756018528,0.0,0.00023469678099121536,0.0,-0.0022440468058573635,0.0,0.0018080730111901288,0.0,-0.00583087033534948,0.0,-0.008523333235559772,0.0,0.010238572950213277,0.0,-0.003962626777017603,0.0
191,-0.2795477365105426,-0.07038885702267428,4.964502098982905e-05,-0.0005775324017224325,-0.0008131476662064716,-0.0060101166354966816,0.011687901360721483,-0.007898694964642504,-0.014877187044506551,-0.002160026218340179,0.016157051087616364,0.0010262794968858677,0.0,0.0002483222667369177,0.0,0.00025563727347522843,0.0,-0.0019319147335041882,0.0,0.0018151124697894734,0.0,-0.006047436038012483,0.0,-0.008573280997580295,0.0,0.010949588128586337,0.0,-0.004197479724447694,0.0
192,-0.27129441048795955,-0.0714139905938933,4.787067323617712e-05,0.0002198832426813851,-0.0003491364289938951,-0.0032906675766731057,0.011655525837127074,-0.00727524047703223,-0.014708641941058503,-0.0018916678481588377,0.016694724548104063,0.005404588236640242,0.0,0.00025121912029041436,0.0,0.0002626154489276051,0.0,-0.0013641341704526406,0.0,0.0017824435991549946,0.0,-0.006554682700000961,0.0,-0.008026136666467166,0.0,0.011804014227544042,0.0,-0.0048909571732957,0.0
193,-0.23638155384958945,-0.0723114482669584,8.549445967131282e-05,0.0002023571068447495,0.00015338611816327255,-0.005842577839874805,0.013668465014632427,-0.009936257644332374,-0.011315235677280001,-0.0013087372211860913,0.01669074481973519,0.020541078026469463,0.0,0.00023294713029168532,0.0,0.00033026563080023447,0.0,-0.0005903575225231814,0.0,0.0014101178830307265,0.0,-0.0062418213271080185,0.0,-0.008013723514287441,0.0,0.012360266848941592,0.0,-0.0063346208359205914,0.0
194,-0.2204879770022559,-0.06970858620134487,8.512388786083259e-05,0.0003981291251622906,-0.00040095927879013415,-0.0063015126448152225,0.01502815176417813,-0.012418916921533869,-0.012037124799382215,-0.008536263567682834,0.01739480334559639,0.022501171315667538,0.0,0.00023750088596207858,0.0,0.00031885511110738143,0.0,-0.00032778620632263096,0.0,0.0013633775167939087,0.0,-0.006238759750815051,0.0,-0.007979125754673088,0.0,0.010010535816395107,0.0,-0.006553301440290979,0.0
195,-0.21663192819563223,-0.07006840129086928,8.531888157986958e-05,0.0005059553851008286,0.00018424920194023845,-0.0061691514267883905,0.015246714980274417,-0.013191677648476863,-0.013091984756854613,-0.008992777562280906,0.017472209570376512,0.023628613515355706,0.0,0.00025453572957893276,0.0,0.0003197189054006958,0.0,-0.00038048622305690213,0.0,0.0013954749575325611,0.0,-0.00623823933246548,0.0,-0.008128339173523855,0.0,0.0102232443334638,0.0,-0.006720009951851192,0.0
196,-0.21204480651832583,-0.07037538512029819,8.531888157986958e-05,0.0007859125095378166,0.00047765567174444507,-0.00597779958118875,0.015534050995188134,-0.013215490767404563,-0.012335235660801675,-0.009952875593451175,0.01655840108483851,0.024913082041765042,0.0,0.00024393357113480226,0.0,0.0002984985630995668,0.0,-0.00039772376767650163,0.0,0.0014005988325734673,0.0,-0.006337466727332395,0.0,-0.00811543924314794,0.0,0.010461716559797206,0.0,-0.00671106466951621,0.0
197,-0.21610870808340982,-0.07082813832563983,8.531888157986958e-05,0.0008100020005405329,0.000438623059062845,-0.006067273722939533,0.016084337487160694,-0.012787557153232307,-0.012357088268208175,-0.009974181653912681,0.016524033104277,0.025080290560050008,0.0,0.00024010570198544173,0.0,0.00029904728147681715,0.0,-0.00018621194459336488,0.0,0.0012914706263679582,0.0,-0.006196205080633609,0.0,-0.008080008556001198,0.0,0.010394532278330402,0.0,-0.006722211828132484,0.0
198,-0.21619149281524294,-0.07097988021258123,8.549445967131282e-05,0.000457876427688757,0.000140427794280012,-0.00567223050687283,0.016096962700897145,-0.0032539012375057026,-0.013456688867477444,-0.010317959939790585,0.01675914648902605,0.023802621726794645,0.0,0.00022554984494604875,0.0,0.00033754377166615815,0.0,-0.00015052976412120435,0.0,0.0011194401529886129,0.0,-0.006011049459940735,0.0,-0.00796891264269004,0.0,0.010076834796557988,0.0,-0.006447666958192169,0.0
199,-0.21880889873422033,-0.07040228015223754,-0.0011148524111070717,0.0007085012054757183,0.00022412015175888702,-0.0063682159176054265,0.01588700117280381,-0.011289477507921497,-0.01442649480717183,-0.010651422886519359,0.01770877811507629,0.02343708210614837,0.0,0.00022668734952300726,0.0,0.00034133080075079807,0.0,-0.00043002822771983577,0.0,0.0010755600055646,0.0,-0.005838021251754536,0.0,-0.007864446688178976,0.0,0.010003656811600417,0.0,-0.0060712439334483035,0.0
200,0.2823126920590265,-0.010526132911238821,0.0002625854390123494,0.01757486834108435,0.01657438276082645,-0.008099608188637437,0.019851825091831102,0.07117251268757185,0.022033072505705128,0.006720666984327985,0.04328829859053348,-0.0030065755932357587,0.0,0.0011847906425011382,0.0,-0.00034706756706296473,0.0,-0.021929090593916966,0.0,-0.00583915142090164,0.0,0.005642163458241483,0.0,-0.009932725684523133,0.0,-0.004833995064051537,0.0,0.012364629032847964,0.0
201,0.2638685870142025,-0.011250581780186368,0.0002152137596853548,0.023000826022202256,0.021068034073530157,-0.004503176630136999,0.019602162193888596,0.06924578396008035,0.015277180651879328,0.000551292046362434,0.04028030907567226,-0.002959856551897741,0.0,-0.0044082040114306114,0.0,6.312463972168411e-05,0.0,-0.022211338088847562,0.0,0.00871571180433224,0.0,0.006452144351250177,0.0,-0.007688702565410828,0.0,-0.007811943017763373,0.0,0.012420186598201618,0.0
202,0.23644301810546925,-0.01265430747236423,0.0001768325999055019,0.0381558312002053,0.035281788000127,-0.0011390288308984126,0.019744975116588688,0.06624758155015044,0.006495918623127428,-8.55533204998269e-05,0.04732785198375215,-0.0024074336859720587,0.0,-0.004447574831025174,0.0,2.8438974864484908e-05,0.0,-0.024021946198255095,0.0,0.00791699858133327,0.0,0.007451254344110384,0.0,-0.007267220439284264,0.0,-0.008380282234036461,0.0,0.011703906780052063,0.0
203,0.20921724011021917,-0.0138052252989438,0.00012125938735788097,0.04338442498560872,0.038738588953791966,-0.000970811625851071,0.024788758577913333,0.06573597278438233,-0.03268075635210097,-0.0005655851025428421,0.04906339534794801,2.772294572889775e-05,0.0,-0.004356573466046513,0.0,-0.0006706995342143693,0.0,-0.027209515538985027,0.0,0.006544533437774751,0.0,0.019559696971599125,0.0,-0.007389301119075894,0.0,-0.007741513488571149,0.0,0.012273844030195404,0.0
204,0.20821507821642615,-0.013810739962525386,0.00012125938735788097,0.04337103455086814,0.03905226672857668,-0.0009884424999253994,0.02455747443806582,0.0643659478348621,-0.032179980469632975,-0.0005648719238897374,0.04871024592580883,8.702716769211797e-05,0.0,-0.004367107460317781,0.0,-0.0006998539076864765,0.0,-0.026862236069083646,0.0,0.006616769146402416,0.0,0.019646983047142918,0.0,-0.007395033485535642,0.0,-0.007208221978420644,0.0,0.012279289087340602,0.0
205,0.20652542519131706,-0.013811811127467393,-0.0028894767650662055,0.04269935807328886,0.03872060695172854,-0.000704127239342131,0.023634160750075947,0.06395840207571388,-0.02810319114592515,-0.0007970241207553914,0.04902615880476808,4.156481607605403e-06,0.0,-0.004363477032165227,0.0,-0.0007003676076826407,0.0,-0.027286061484585126,0.0,0.006527658628571692,0.0,0.019461742303732567,0.0,-0.007406551982824479,0.0,-0.007223754306566315,0.0,0.012319356627115296,0.0
206,-0.13082992409169486,-0.01735319892443198,3.203631764475795e-05,0.004613699527517435,0.005642657598971463,0.016416330079260494,0.04453603984892848,0.1071581278325618,0.03089776920178892,0.06611660983982283,0.021680964080861856,0.0007796425023607633,0.0,-8.069222344788895e-05,0.0,-0.0007545242588304225,0.0,0.019457623631468357,0.0,0.0103851612169092,0.0,-0.00046706932205695106,0.0,0.002551978546018016,0.0,0.01986535232163625,0.0,0.008987342079556787,0.0
207,-0.1297772462504295,-0.0170941065988613,3.190328417265335e-05,0.00542994916227972,0.00566113333391161,0.015838017474755446,0.044190824544029186,0.10618003764994402,0.02910057027493846,0.06997258202927999,0.021909631942447386,0.0007776612865094414,0.0,-7.180178209790144e-05,0.0,-0.0007517398829458622,0.0,0.01981210554538321,0.0,0.0103124680406777,0.0,-0.00047230082408804253,0.0,0.0024485130964921227,0.0,0.01975599044413179,0.0,0.008618869499639557,0.0
208,-0.1299143486959408,-0.017044358050621853,3.190328417265335e-05,0.0053216674418716334,0.005593444302279757,0.015887518142987302,0.044164719687943624,0.10562712732960354,0.029018289925237025,0.0698545403565311,0.021823924632981943,0.0008099706672734244,0.0,-8.098330667802712e-05,0.0,-0.0007566679857836741,0.0,0.019755736682604542,0.0,0.010256476987527048,0.0,-0.0004785118625472833,0.0,0.002463535165819739,0.0,0.01980213041521489,0.0,0.008618378917031039,0.0
209,-0.12931521056164894,-0.01711743931819813,3.190328417265335e-05,0.0052187701314309574,0.005232379685645286,0.015692491196658193,0.0442151283026208,0.10569411886084235,0.02908963451755918,0.06994737010465629,0.021691160784718833,0.0008852637610781869,0.0,-8.098330667802712e-05,0.0,-0.0007581279023729346,0.0,0.019736728443921922,0.0,0.010331789281049268,0.0,-0.00045769436120719537,0.0,0.0024576180493216773,0.0,0.019694508202435845,0.0,0.00856508488150128,0.0
210,-0.12957921232213182,-0.01727798205959309,3.190328417265335e-05,0.0048505979369659665,0.005297998729212129,0.015631700193510893,0.04425691688999092,0.1052337927293414,0.028451725066448018,0.06965017325425864,0.0207272149876505,0.0008994816399610431,0.0,-7.033014532935882e-05,0.0,-0.0007566660974414722,0.0,0.01971052745951274,0.0,0.010327782356424632,0.0,-0.0005272999501425103,0.0,0.0023522410181670995,0.0,0.01967234960294901,0.0,0.008515874765593574,0.0
211,-0.1295379291355076,-0.017093416005972775,-0.0008363124779459333,0.004836649486108356,0.005442113409718192,0.015305641375609014,0.044881850054221135,0.10262635760408413,0.028258723288103464,0.06997157675744561,0.0175256215958099,0.0008782519462376075,0.0,-0.00010839232890637538,0.0,-0.0007575702208126239,0.0,0.019595366099898277,0.0,0.010022622647712247,0.0,-0.00043186206348845465,0.0,0.0025650387731504715,0.0,0.019869139633828095,0.0,0.008792477736917579,0.0
212,-0.017972987591598075,-0.019653108848498763,5.231203036848264e-06,-0.06582917364450218,-0.06935948672766244,-0.013351865274064435,-0.012661586169472348,-0.04886438847059553,0.029247909247750784,0.04758640569964657,-0.056487711141010935,-0.00638429321815591,0.0,0.0002685097517776906,0.0,0.00027362613203988013,0.0,-0.0006647119239877496,0.0,0.004607733735766186,0.0,-0.00998627894939538,0.0,-0.0011449628251747998,0.0,0.014965407079074053,0.0,-0.004555657696369229,0.0
213,0.03102629124147488,-0.009856794407993936,2.380851793402723e-06,-0.07357422306262025,-0.07813350248786101,-0.011507820953328718,-0.0178902777728878,-0.04087003305257955,0.02048770092779441,0.029155370543514178,-0.061300037651577655,-0.005424321411289258,0.0,0.0003015120888121619,0.0,0.0002356527132060423,0.0,-0.0003028908644519817,0.0,0.004394926807443469,0.0,-0.007241255917304471,0.0,-0.0004343154049951699,0.0,0.04306441709595993,0.0,-0.003995734910031039,0.0
214,0.18235911622982293,0.018453772437308297,1.958946470345732e-06,-0.028660635347393923,-0.02831793973749832,0.005163177809510864,0.004666459751544662,0.013783633556694569,0.06511600798631538,0.02722094585316691,-7.001541037666192e-05,0.0013899107993916187,0.0,0.0003086567931544819,0.0,0.0007217016337094584,0.0,0.0008245693363788331,0.0,0.004593189334021319,0.0,0.00081951851757957,0.0,0.00576704283593698,0.0,0.11368329234550581,0.0,-0.0036917935710970243,0.0
215,0.2017810234656975,0.021559999722559325,1.3332914732405893e-05,-0.014860232333082379,-0.015090656433885075,0.0083768766327337,0.011002234886836309,0.035582959393253066,0.06053054577439312,0.022646872283057208,0.012176775456227735,-0.0010559102987748555,0.0,0.00031923073843289376,0.0,0.00037214220076378136,0.0,0.0009012018159733937,0.0,0.004935504914382038,0.0,0.000861547305612669,0.0,0.005599244583733847,0.0,0.1280905503904448,0.0,-0.0034138053039967286,0.0
216,0.04570728058050606,0.0026806053461922025,2.464857958282707e-05,-0.051125078838844,-0.05179364127344625,-0.007885128088328225,-0.005920794582589078,0.0012796528322674943,-0.06724348814886542,0.002115023287834594,-0.024148073878083636,-0.012210486987884385,0.0,0.00031697639253880523,0.0,-2.1427931993586415e-05,0.0,3.4751188896462105e-05,0.0,0.004415093747798692,0.0,-0.006324588844426448,0.0,-0.001378098937783447,0.0,0.02950158565199083,0.0,-0.004093582277094407,0.0
217,0.03913505854286402,-0.005955365896056149,1.31687011234647e-05,-0.07021105160676851,-0.07227259643650293,-0.012843342784682143,-0.013212240777595443,-0.008106463849593954,-0.090422864704582,1.6717585461961e-05,-0.026293985019358403,-0.018951042100759923,0.0,0.00032369253410922244,0.0,-0.000335216213052785,0.0,-0.0012558171489251233,0.0,0.004171787082565342,0.0,-0.008230579282567423,0.0,-0.0015322557339768309,0.0,0.0010668789997888212,0.0,-0.004349987853983536,0.0
218,0.03004240110955369,-0.005492524542880156,1.0657729566476735e-05,-0.07474202580321576,-0.07852839908482258,-0.013378171732493576,-0.010922561144552284,-0.011919783964151413,-0.09263210788546558,-0.010974550018639697,-0.05116291846480475,-0.018987128576894816,0.0,0.00032576743432449046,0.0,-0.0004118920570752148,0.0,-0.0011333326752006544,0.0,0.004156655203229014,0.0,-0.009424992402206104,0.0,-0.00016990309701613544,0.0,0.022580978241654535,0.0,-0.004512994141916919,0.0
219,0.03393030289841571,-0.004972476733417074,9.909638363474438e-06,-0.07841952401625865,-0.08410913208844045,-0.012680443515588719,-0.009579309511791163,-0.03155819337771053,-0.09530834804347467,-0.01179622366413226,-0.06472171227356087,-0.01665453928128067,0.0,0.0004116709995981196,0.0,-0.0003608680202264125,0.0,-0.0008866028044450115,0.0,0.003926607625925736,0.0,-0.009245686914693713,0.0,0.001409449876911901,0.0,0.031230367353513963,0.0,-0.004747711604609442,0.0
220,0.030283592347925554,-0.0053728189582852885,1.355100707471416e-05,-0.07926005005037338,-0.08394934353847007,-0.012326698604166578,-0.009366302408476239,-0.03819776332925702,-0.09349831706121724,-0.01463385322137853,-0.06455411641122594,-0.0162210864263785,0.0,0.0004168943749705059,0.0,-0.000391466672194253,0.0,-0.000640290231670987,0.0,0.003909350619415212,0.0,-0.009090072633595878,0.0,0.0023361830873219937,0.0,0.03603950313562544,0.0,-0.005212199645854825,0.0
221,0.02952214946617754,-0.005131747845422972,9.582235403472154e-06,-0.078612578988657,-0.08314056246550987,-0.013445187148300997,-0.009170015061808232,-0.041211290579072794,-0.0939111222802691,-0.013964071574941993,-0.06524844632071977,-0.015660834237459738,0.0,0.0004220926929309145,0.0,-0.0005655368160306996,0.0,-0.00020129554350582305,0.0,0.004168730698320251,0.0,-0.009208053779680491,0.0,0.003234460303609836,0.0,0.037389838529448445,0.0,-0.004991415904722352,0.0
222,0.031277020000860335,-0.004654135552424992,9.434343498952374e-06,-0.0786476794418123,-0.08379603048142682,-0.013084162512023167,-0.008858375913617503,-0.03812189791528095,-0.09581271215281291,-0.014488451419291878,-0.06726626867759582,-0.015768531526435304,0.0,0.0004210906395773313,0.0,-0.0005812193205145343,0.0,-1.8838851575783093e-06,0.0,0.004223045442798039,0.0,-0.009977921784361007,0.0,0.003234025968463302,0.0,0.03815670120807885,0.0,-0.004858783408071312,0.0
223,0.032593819392626844,-0.0049764402650619806,9.434343498952374e-06,-0.07897316683873937,-0.08303648568597985,-0.013520837685150175,-0.009124274598848386,-0.03779615856912364,-0.09267514485256582,-0.01501502170828878,-0.06714631230249969,-0.015282369951795792,0.0,0.00038365551818901855,0.0,-0.0005684052025178484,0.0,1.3811814384332788e-05,0.0,0.00426708040565435,0.0,-0.009340945140116935,0.0,0.0035877661490155512,0.0,0.038353616841953625,0.0,-0.004757516888872457,0.0
224,0.039256380963542774,-0.004234859198939192,7.034972656535524e-06,-0.07634612534842873,-0.07836027649582834,-0.01317924958190317,-0.009996477462463682,-0.03849488143863424,-0.08822843578513079,-0.015417418432551021,-0.06304613172509385,-0.0150243233171906,0.0,0.0004363018994643785,0.0,-0.0005406897541204086,0.0,9.440595056658145e-05,0.0,0.004348158334254542,0.0,-0.009075335310426263,0.0,0.0034041387825710077,0.0,0.039483024296463026,0.0,-0.004599203687139349,0.0
225,0.05879940375168688,-0.0018529858026636373,4.739731182020247e-06,-0.06705228586585563,-0.06767690370714383,-0.01205078065153743,-0.010030907213906596,-0.03541341042397599,-0.07065692838631979,-0.014648595499364175,-0.06287601253205036,-0.013620102409348536,0.0,0.0004541223428859436,0.0,-0.00028300838636735755,0.0,0.0003338632541510119,0.0,0.00465909314239385,0.0,-0.008203129272374888,0.0,0.004756512865870709,0.0,0.053072197527772015,0.0,-0.004454795586362084,0.0
226,0.2157394983493883,0.016177131698296262,4.915994722876337e-06,-0.0001845355214412983,-9.352510344393083e-05,0.002797526108847201,0.0010194358151363293,-0.01825384735146643,0.018353948721376297,-0.0032423220518510766,0.019369540880689817,-0.0026138239258545882,0.0,0.0004903646392124446,0.0,0.00046672228623295306,0.0,0.0032792275785961276,0.0,0.006821289834926148,0.0,0.0028130621052241166,0.0,0.016457409456941276,0.0,0.13449012796639448,0.0,-0.0029139397978874375,0.0
227,0.27405160094896625,0.020459941596723277,9.332852777651925e-06,0.017645036865354076,0.01759465215745465,0.00536987425444816,0.0020018535055868042,-0.013181449086983894,0.051524746937572516,0.0006355194197724905,0.023281627208283032,0.0010483830342792799,0.0,0.0005424279601562462,0.0,0.0010265482873165889,0.0,0.0034411591046590116,0.0,0.007857286653556134,0.0,0.007009485716967901,0.0,0.019354817912719584,0.0,0.15773417594305628,0.0,-0.0029836234320249617,0.0
228,0.28298241820372705,0.020644149107731616,9.346593089455716e-06,0.01747749642845037,0.019463924927304227,0.0025156545312853794,0.0008337886361366939,-0.01112922747189277,0.05928608028767935,-0.000626795884956493,0.039429494945619245,0.0009795754175574475,0.0,0.0007802956486768308,0.0,0.0011279019324727053,0.0,0.004600889670684302,0.0,0.008265565493208886,0.0,0.008620724711060642,0.0,0.017131236720839157,0.0,0.15202199844463093,0.0,-0.0031454829187711566,0.0
229,0.2769615745086038,0.02044687786187389,8.636281602335942e-06,0.017586914924211036,0.019386671010012933,0.0026399652163428583,-0.001684124726992725,-0.01157134540477685,0.06372885975474561,-0.0025200887920893626,0.04438263482530514,-0.00019222480680573968,0.0,0.0009108713193107126,0.0,0.001209358003512752,0.0,0.0053149143229869,0.0,0.008375308870193457,0.0,0.009000291604234488,0.0,0.016415525020544303,0.0,0.15300137218277354,0.0,-0.0032515247837177,0.0
230,0.27641983059019776,0.022023019369589555,1.005140035019475e-05,0.018068345518995534,0.019755872800985407,0.002593268403012155,-0.001731759263802601,-0.011632816193559395,0.06916225929302829,-0.0017982414882550374,0.04715130267543846,-0.0002551067271135336,0.0,0.0009624664110077976,0.0,0.0013910690661209284,0.0,0.0053820575893780585,0.0,0.00840038766702186,0.0,0.00910792807528401,0.0,0.016539090411462856,0.0,0.1485085287199616,0.0,-0.003195677731259969,0.0
231,0.27413207819376084,0.02362851285585895,1.4134360424686857e-05,0.016169000529820964,0.017741337961715366,0.0022220107095440554,-0.0028203789333261856,-0.012099259670817259,0.0660281849418699,0.0002930389705200574,0.048898689027666344,-0.0007517396526131443,0.0,0.0010104899785368818,0.0,0.0013579531580688471,0.0,0.005229488970745894,0.0,0.008327716833880583,0.0,0.009166218867345843,0.0,0.01690024949049652,0.0,0.1456689994765483,0.0,-0.003203395343501211,0.0
232,0.2515767564887102,0.02337353957133783,1.4746602832400784e-05,0.014555268605054327,0.015644720246361574,0.002666378816264824,0.0018798423461511198,-0.014476507383465618,0.06379612779467948,0.0005176318001460552,0.04441514030535727,-0.000996565730825468,0.0,0.000998544467452519,0.0,0.0013230061797091768,0.0,0.004675991069755508,0.0,0.008086360368044176,0.0,0.00905668471981482,0.0,0.016493200458530935,0.0,0.14534395292058816,0.0,-0.00346996766715655,0.0
233,0.24039203610283427,0.024495053620349535,1.5281249051536367e-05,0.017038658465051155,0.017019444710130806,0.0021556973092527122,0.00043004368571462973,-0.015640522352128573,0.05998937072096701,-0.00018541348828444236,0.04211747802886047,-0.002005067523805705,0.0,0.001011430224063253,0.0,0.0010973900720716951,0.0,0.004616503469069509,0.0,0.008242490136523777,0.0,0.00977997084402565,0.0,0.0156277600475699,0.0,0.14163288610542857,0.0,-0.0036084358679844015,0.0
234,0.23423879918024273,0.02331415010612471,2.9233930746473775e-05,0.018736709292001615,0.019449108600932453,0.001972386037649951,-0.0025292543183721124,-0.01863758623649725,0.05088895868731144,0.0002696193839753289,0.03604106199359111,-0.003043277942311159,0.0,0.0009521485246449493,0.0,0.001071865839280273,0.0,0.0041844896682187655,0.0,0.008180471424444297,0.0,0.010714772760222367,0.0,0.01733811349837212,0.0,0.14115188323578082,0.0,-0.0035915309935035094,0.0
235,0.24198133488100765,0.021481841883471388,3.493177575199142e-05,0.02101477377359631,0.018733606021017184,0.0024026880311677113,-0.00048578040923690104,-0.014222770391320388,0.04942179691551934,0.0011988306093608583,0.030055592855979425,-0.0033334029021788846,0.0,0.0009643154254379032,0.0,0.0010891262001292313,0.0,0.004165880154788039,0.0,0.008414626607058948,0.0,0.009192437211988192,0.0,0.0161268469353512,0.0,0.12396082439128656,0.0,-0.003769627856603314,0.0
236,0.23142613206269017,0.01790127061469571,3.112976723027002e-05,0.02478909493352071,0.020332647361499798,0.0006278856924423184,-0.004658957525413074,-0.014440939637029426,0.038931390431923195,0.0006150142492699009,0.021453800687065934,-0.004441910983530207,0.0,0.0009107485412324108,0.0,0.0008556605073945476,0.0,0.003697390487735358,0.0,0.007909448126172967,0.0,0.009682912593437093,0.0,0.015487040880012808,0.0,0.13001319942764059,0.0,-0.004014996618961053,0.0
237,0.21969426085986302,0.018143388730202055,2.8957762053521588e-05,0.026072404733095182,0.0239051752535989,-0.00020361310371294888,-0.003660851845663297,-0.02077261566471884,0.019778613849754906,-0.0002854407483022462,0.020600601922796145,-0.006389386410916103,0.0,0.0009611092936726689,0.0,0.0007285128549953156,0.0,0.003608170638762843,0.0,0.008088659172530295,0.0,0.008393399218202507,0.0,0.0149288988574862,0.0,0.116215168109153,0.0,-0.0041815905862838355,0.0
238,0.22386071386404796,0.01566206209051001,-0.0005956438368538295,0.026481733955872045,0.025491394202417642,-0.0030500914598628618,0.006847521943012948,-0.017871374013036845,-0.006325936925863644,-0.006144423645553993,0.014642578164741255,-0.009577236499363097,0.0,0.0010505960323267175,0.0,0.0006340677942077998,0.0,0.003085377539042334,0.0,0.008829604411938878,0.0,0.005678371121223537,0.0,0.011601930788522808,0.0,0.08871635533266768,0.0,-0.004885030759849034,0.0
239,-0.22708967312430578,-0.01529338910568708,1.7540892615579478e-05,-0.024066920599432707,-0.030184642401809448,-0.008295107177653955,0.017065272225602515,-0.0011157028896134052,0.011080735564326127,0.008844635997254836,-0.007058848535689866,-0.014374901639505768,0.0,0.00011390146206188618,0.0,6.664633839273606e-05,0.0,-0.00036121280788089805,0.0,-0.007092287440778769,0.0,-0.02002033089326154,0.0,-0.0005954544226677125,0.0,-0.0031675891736744097,0.0,-0.011342339304610911,0.0
240,-0.2348349653244214,-0.015078947097600246,1.4782099791409435e-05,-0.024889528286618553,-0.031581165369544556,-0.009746571273142731,0.024624138270127455,-0.0007129636562283471,0.003997638218230291,0.008050153666526767,-0.005828014352829449,-0.014570135500301456,0.0,0.00011641244195504318,0.0,9.402960333072298e-05,0.0,-0.0038711713203945447,0.0,-0.0073848801379094225,0.0,-0.019869039500268196,0.0,-0.0007122746489015559,0.0,-0.0039942301771129125,0.0,-0.011234321715615522,0.0
241,-0.24235726784449196,-0.015537093400183333,2.06146152693479e-05,-0.025799687262221795,-0.03216771248372145,-0.009124876505427685,0.006205590904032154,0.001343739375371346,0.012560045554226828,0.02469247906929833,0.0007669976277647529,-0.014435414270749267,0.0,0.00010795843327264848,0.0,3.52906434497576e-05,0.0,-0.005103860184380533,0.0,-0.006667866143437045,0.0,-0.018192843353087833,0.0,-0.001188070283425853,0.0,-0.003556172562158012,0.0,-0.01230149659435481,0.0
242,-0.242770286291549,-0.013127527749695073,1.9259302980905094e-05,-0.02327162269425924,-0.03118231511074377,-0.006400799746776226,0.0001466824974715873,0.0018788553463272336,-0.008736206368448917,0.032648203047031706,0.002183922229100351,-0.014526023068242199,0.0,0.00011200794326365794,0.0,7.812366748714023e-06,0.0,-0.004369469226323397,0.0,-0.006378006839402012,0.0,-0.018179412624294546,0.0,-0.0008247305931482431,0.0,-0.005585359853482404,0.0,-0.01241174132547294,0.0
243,-0.23662433362755148,-0.010671091670493094,1.7391308997821125e-05,-0.022701656172851848,-0.027958906625648455,-0.0073690586948190525,-0.010484470235776757,0.005760370647689221,-0.024375982240079676,0.0378076251822373,0.008709668652907626,-0.014217483870928806,0.0,0.00012542008765554943,0.0,-1.5103155104139794e-06,0.0,-0.0037504022895498202,0.0,-0.006524802971316739,0.0,-0.01917065726550022,0.0,-0.0008313062173107159,0.0,-0.008616313349193092,0.0,-0.013244963789857532,0.0
244,-0.2535379271685022,0.009479526997780967,1.3696320933722476e-05,-0.013981564052720379,-0.016440482598436997,-0.007454134336448685,-0.013416117082086941,0.005416214164063943,-0.014129878974103366,0.0009822963879663113,0.0007396519343491584,-0.0134039714919911,0.0,0.0001616215426876489,0.0,6.358039630115564e-05,0.0,-0.005247222971763956,0.0,0.0004349801646747537,0.0,-0.015377322609914945,0.0,-0.0006769917139185777,0.0,0.0023776035505415553,0.0,-0.015651748985663523,0.0
245,-0.24185048999018718,0.016354196266987198,1.8891678979443083e-05,-0.014481571681517542,-0.016425660119946093,-0.008162340242361158,-0.015867622847689757,0.005928304568207145,-0.015205100509548193,-0.004244045600845084,-0.010048403010496601,-0.013338861801150041,0.0,0.00016583724126602442,0.0,1.6172124284800252e-05,0.0,-0.005210178996409912,0.0,0.00016740882442070132,0.0,-0.015498122962398322,0.0,-5.308937074266743e-05,0.0,0.0023533756924252304,0.0,-0.016504026254853983,0.0
246,-0.24693109703302296,0.018900915005279406,1.2414285941039223e-05,-0.01407904207344288,-0.015735975096293313,-0.009716205281731937,-0.01624658974797607,0.007417159909117304,-0.015160269041674928,-0.010842220360774417,-0.010359957650884865,-0.013746908736884963,0.0,0.00017146457989610417,0.0,-5.210539595726745e-06,0.0,-0.0048448292474772385,0.0,0.00016716017264740976,0.0,-0.01586679171894089,0.0,3.2376823425436346e-05,0.0,0.0024176352403256552,0.0,-0.015299334108143785,0.0
247,-0.24991667315588206,0.01802258309627935,1.2803286087772659e-05,-0.013480925125277958,-0.014977351702832759,-0.00982699438598407,-0.01569899615510662,0.00723742258094493,-0.016276742746200824,-0.012030284759420376,-0.008086288957057588,-0.013624006127518476,0.0,0.00017415308312646223,0.0,-7.011138515199721e-07,0.0,-0.004880731363311189,0.0,-8.881587176960615e-06,0.0,-0.015810984460567928,0.0,0.00024051950267506102,0.0,0.0034318422888516536,0.0,-0.015333635050650756,0.0
248,-0.2465654041738102,0.01992111084497078,1.3010538524893042e-05,-0.012661144804875308,-0.014703044716286407,-0.009786442289806721,-0.015300666907465548,0.007786547050089044,-0.015266139480484959,-0.009975575354124527,-0.013048152842918352,-0.013580592823368877,0.0,0.00017199154468330787,0.0,1.6109911668668208e-05,0.0,-0.0051495431785050245,0.0,2.4666129114529917e-05,0.0,-0.0158990501023372,0.0,0.00010918552119720545,0.0,0.0032051742924673722,0.0,-0.015671639080956656,0.0
249,-0.2396593522092341,0.02185940960801571,1.572807133917933e-05,-0.013547454173238438,-0.015164247582391975,-0.009179412058005435,-0.013123036833208535,0.00915028007037322,-0.016654308901766175,-0.005018155641229112,-0.018720283527311355,-0.013469537223636445,0.0,0.00017876067960579685,0.0,2.2765776776121022e-05,0.0,-0.005244864940675642,0.0,-0.0014717843754078687,0.0,-0.01582069752812624,0.0,0.0002693843450541697,0.0,0.0014372667029408578,0.0,-0.015508650786123762,0.0
250,-0.22760845703689203,0.02833008526210531,1.635079224557011e-05,-0.00803878021772938,-0.006837399815987243,-0.0068876686973648295,-0.011860123278310418,0.002858245612310062,-0.012282023530358397,-0.004531643297055422,-0.01618396646944504,-0.011752128895403018,0.0,0.00018000157074700123,0.0,3.7883364728075266e-05,0.0,-0.004347638040137761,0.0,-0.0013116190271379015,0.0,-0.014410816253358784,0.0,0.001186513674567719,0.0,0.0024785336126912447,0.0,-0.012822242317315139,0.0
251,-0.08645341071332578,0.13399064136254096,1.4367147697774785e-05,0.049373779416683486,0.056960233990765545,0.01469146609516929,0.02551511500430812,0.010153325978062901,0.010911394204760002,0.051184245934495685,0.013444895361876982,-0.006385701255875918,0.0,0.00018790300629632455,0.0,0.00010513896537784287,0.0,0.00548947759540251,0.0,0.0018632041878339832,0.0,-0.007670859431055175,0.0,0.0034777235419272082,0.0,0.007973762624061588,0.0,-0.004720978554439659,0.0
252,-0.1994479830715695,0.05258858032864864,1.3883336429166337e-05,-0.001529651649628092,0.001868862175785941,-0.0020659458734386448,-0.0007585230846440304,-0.01947798650814247,-0.012761694513748393,0.014635908863765968,0.010766600926414011,-0.011275454990593695,0.0,0.0002472055505014907,0.0,3.334115204531758e-05,0.0,-0.002395200496675889,0.0,-0.0004186154404627313,0.0,-0.011982952640991256,0.0,0.001625639400132342,0.0,0.005462236539809099,0.0,-0.010346910328546208,0.0
253,-0.2320038267553561,0.03410196167258727,1.550349692908773e-05,-0.02165263655799793,-0.022307530276920434,-0.0060428874682778655,-0.01111100780434788,-0.013718849645712426,-0.022799152670177385,0.0049352026357449025,0.012889987136865106,-0.011903673841523786,0.0,0.00025659161775206985,0.0,3.827249330991844e-05,0.0,-0.00500589288634641,0.0,-0.0014971863091708401,0.0,-0.014313495917219629,0.0,0.0009150611358724932,0.0,0.001600003135363668,0.0,-0.012961859668407679,0.0
254,-0.241597003300365,0.033768802469900314,1.4899563258308792e-05,-0.02184165850936667,-0.021727404396452196,-0.005989332011265729,-0.01374125317023033,-0.0068028657510016775,-0.03040331303375724,0.000734812956901936,0.014434058426393063,-0.01015187823458396,0.0,0.0002427446391443839,0.0,-4.077048288215866e-05,0.0,-0.00454712696232636,0.0,-0.001791100664882258,0.0,-0.012697641664209652,0.0,1.84593110491035e-05,0.0,0.0021440638317891257,0.0,-0.012896160053432245,0.0
255,-0.21517326516448876,0.030439935796404402,1.6727331433317905e-05,-0.024893472721587533,-0.02740461076382998,-0.008828474293663253,-0.013494316946528312,0.028866511160979248,-0.0402466316887215,-0.0051446614340282795,0.017093568930927477,-0.008984930310864272,0.0,0.00022475308602512597,0.0,6.148043656979715e-05,0.0,-0.003905839573965433,0.0,-0.0007832980519652175,0.0,-0.01020640020786595,0.0,0.000756759848317983,0.0,-0.004970993031519496,0.0,-0.01161689422542144,0.0
256,0.07426533860022975,0.061442502727881196,2.3639210715387516e-05,-0.01805748198846695,-0.01827719244837612,-0.0005559298633883874,-0.0010675198394389375,0.12337792233429414,0.04551648124136011,0.0011549286149814964,0.05340438076285079,0.0005618488111160474,0.0,0.0005783786216177417,0.0,0.00045417239453302233,0.0,0.0031173438212118414,0.0,0.0046052318853663276,0.0,0.0016425303098544077,0.0,0.009183675455485936,0.0,0.04076606140686866,0.0,-0.003596583121859237,0.0
257,0.1953531150035553,0.06404774914925984,1.7491029790527405e-05,-0.025455320287409794,-0.025609467529406252,0.0016886264718747465,-0.0014748041932155437,0.122027521278827,0.07657880641442666,0.00561620662609033,0.0621726888774574,0.0032256121127978983,0.0,0.0006176092668187313,0.0,0.0005553176683883615,0.0,0.0056773445867474405,0.0,0.006190598064802919,0.0,0.005990858229160908,0.0,0.01130479750848517,0.0,0.051244038680571743,0.0,-0.0022581427962366568,0.0
258,0.21779572174146072,0.060442793867667745,1.7060902654058727e-05,-0.023241193285117867,-0.026150922930024748,0.0017130052244635908,-0.006888677117039316,0.11235326974213355,0.0924370780770298,0.0007434304907105328,0.06293965601402307,0.0036215385404044817,0.0,0.0007006714585566868,0.0,0.000465109087357178,0.0,0.005021334946624519,0.0,0.006250197508190814,0.0,0.004951986403933938,0.0,0.010921904911048495,0.0,0.060287470469808244,0.0,-0.002262288772530714,0.0
259,0.2164028707977492,0.04868720285544081,1.036651395520841e-05,-0.02523231966391785,-0.028666877981772244,0.0013860421463555844,-0.013413463644543513,0.09943646186597281,0.07916805651037526,-0.0014495415892915046,0.05567916167588212,0.003926982141978672,0.0,0.0006886107377963165,0.0,0.00044673762414813086,0.0,0.005420010879162334,0.0,0.0058507581404691564,0.0,0.005849139836732774,0.0,0.011150530316160995,0.0,0.05403777700476804,0.0,-0.002136316380474737,0.0
260,0.21376833550811633,0.04289647579990602,1.0500510581741064e-05,-0.029731059688085315,-0.03193084105116181,0.001149174184038559,-0.009749566574324665,0.05653554410183127,0.08268873330341137,-0.001288766035133869,0.0539423043819999,0.004021100275087045,0.0,0.0006905651336075645,0.0,8.978327393548046e-05,0.0,0.005249551782103052,0.0,0.005184203090017924,0.0,0.005085077844757761,0.0,0.010736720720575571,0.0,0.04544747077431129,0.0,-0.002430075043035078,0.0
261,0.19708112677129655,0.04477393319274771,-2.65706928554367e-06,-0.03633723677048732,-0.03886507381446907,0.00029317847919987125,-0.005127734448871986,0.0016271493135366771,0.086816110230561,-0.0030592931310098426,0.05413566158107224,0.0014020358671982854,0.0,0.0006416528202050954,0.0,7.505614073037409e-05,0.0,0.0059316276978422875,0.0,0.004041873118597257,0.0,0.004811786970843219,0.0,0.009019698540757872,0.0,0.044887317504974704,0.0,-0.0025550299199006282,0.0
262,0.18130497920420335,0.04635712980447869,3.5569732904100115e-07,-0.04201011703800195,-0.04577801818760282,8.897038715428224e-05,-0.006453392840789348,-0.00688184430995811,0.08660023585385862,0.004637255311647042,0.04927405948561923,0.0012302771509799743,0.0,0.0005676778910153466,0.0,8.551841044463252e-05,0.0,0.005035607454830449,0.0,0.004027027072794903,0.0,0.004248116907246166,0.0,0.008788100580838181,0.0,0.03551972403798325,0.0,-0.002911777337681021,0.0
263,0.17972063970950505,0.04839156468684385,-3.944205127923411e-06,-0.04521956961376781,-0.04869869951363562,-0.00018202591787373824,-0.011032469054025782,-0.02707615739777781,0.09010908900493537,0.004874433989151815,0.05028343482800719,0.00037231421002405105,0.0,0.0006181910515774733,0.0,0.0001558374049510462,0.0,0.004093180078062328,0.0,0.0036730974209058334,0.0,0.0033426363109840132,0.0,0.00957934332556525,0.0,0.03575608967078436,0.0,-0.002991306269253283,0.0
264,0.18065373014853453,0.05434501642212929,-9.57554610660514e-06,-0.04508725230743521,-0.047685454346696673,-0.0005172725241662639,-0.003882907748934649,-0.02931441585370798,0.0863854764062732,0.013620079099772977,0.03832020497188047,-0.0015682248332003557,0.0,0.0006741235299192494,0.0,0.00032470072321528625,0.0,0.0029759490335305363,0.0,0.004032708175457605,0.0,0.005690777139857387,0.0,0.007780396631131392,0.0,0.03320878482399235,0.0,-0.0030625959929492896,0.0
265,0.13296789880801502,0.04784464989795402,-1.2121062412833616e-06,-0.049189900360227114,-0.05246745697041582,0.0008759664642107644,0.0016973352083435205,-0.03066644592675857,0.09027465195664168,0.061540862516456324,0.002528729164652205,-0.0036522519385030444,0.0,0.0004081748415886127,0.0,0.0004985333636046404,0.0,0.0019628178036574617,0.0,0.005439161717178631,0.0,0.0032751904246465986,0.0,0.008826462143564093,0.0,0.02052620272018377,0.0,-0.0028521016418264697,0.0
266,0.21728792987676684,0.029188714625077654,9.849652292245713e-06,-0.0009323132532879414,0.001295304252214371,0.014931930582362758,0.04005552950463447,0.05316826949316357,0.014020641119099588,0.023951903712462808,0.04912617076548339,0.010790545613748577,0.0,0.0010139910379865207,0.0,0.00112084798833956,0.0,0.004481192501063107,0.0,0.006545371052167927,0.0,0.022111926935904743,0.0,0.012062898574592378,0.0,0.038521670452150186,0.0,0.03329965870117359,0.0
267,0.2329310732445936,0.03959949289157003,1.1462059363359405e-05,-0.0015725475377639058,0.000705546791502036,0.016130257709482478,0.03509444748997259,0.042153376158296486,0.009477967290830024,0.01756480180740547,0.09693758346488802,0.01146278790806755,0.0,0.001366179658127392,0.0,0.0011209865493981197,0.0,0.006105953722500383,0.0,0.006734207850786997,0.0,0.01914101164408735,0.0,0.012787217409448794,0.0,0.04545515857366151,0.0,0.0314177754362999,0.0
268,0.22977187656787273,0.03561198589845575,1.712351182021765e-05,-0.0032876096977826567,-0.00276822787382172,0.016558004826603388,0.035746724113545195,0.0029007459311916786,0.012107846738294884,0.018796186472963154,0.12805261666878873,0.010216867386764802,0.0,0.0013216014492753066,0.0,0.001837433918013442,0.0,0.0067559982299358065,0.0,0.0073176391919867086,0.0,0.022983895254212773,0.0,0.012880979582465415,0.0,0.04778167915382419,0.0,0.033309963402135816,0.0
269,0.2269054038818435,0.036442458018480416,9.077749659778367e-07,-0.0033699255561578097,-0.003313314579096831,0.015073413587754025,0.039432787877746386,-0.019017357880091297,0.012716774244069626,0.018354199633615238,0.14341967048799203,0.010734954997988275,0.0,0.0010928391276021651,0.0,0.0018899145735243943,0.0,0.006712525816508535,0.0,0.00796955624689542,0.0,0.02445753518170817,0.0,0.0131998540249179,0.0,0.04500104062086819,0.0,0.0323801150167769,0.0
270,0.23548857119965835,0.04017470321145363,2.540426909636989e-05,-0.0054017331352397635,-0.005350940325254779,0.01379549936834128,0.037257044395660265,0.004563691499855263,0.010370105517436959,0.01527133236803527,0.1361060906138123,0.00986533273901064,0.0,0.0008280947923968162,0.0,0.0020602878281008917,0.0,0.0074268534937017554,0.0,0.008685649684521025,0.0,0.021925777052670934,0.0,0.012908189285891224,0.0,0.04696811391975405,0.0,0.029419535878292165,0.0
271,0.238224511005413,0.0391243122849456,3.087675999915387e-05,-0.005655314433956201,-0.006134393110948343,0.012571580911747624,0.03415959957471246,0.03393298769979905,0.009130565666336599,0.012581485717158452,0.1288407796398901,0.008562962298457863,0.0,0.0008194751056822735,0.0,0.001803671351536794,0.0,0.006767504865515727,0.0,0.008526477810196711,0.0,0.02063575793204707,0.0,0.012503459862672886,0.0,0.042284554024811974,0.0,0.02703245338916203,0.0
272,0.2253756547296168,0.036057231193054776,3.046109088668615e-05,-0.005801252981787329,-0.006476131404279363,0.011958535532399008,0.03351464845426936,0.05912146587054568,0.0028350674629017765,0.01123777987540535,0.12625988647289277,0.008878866555532182,0.0,0.0007786551981164918,0.0,0.0014776647436025112,0.0,0.006499260746947512,0.0,0.009113239207870355,0.0,0.017357134836658895,0.0,0.013426153308743765,0.0,0.03603538925561218,0.0,0.024640779414245206,0.0
273,0.2170466525244538,0.034237293980104624,3.0340747945944326e-05,-0.006861070386123255,-0.007934001281109026,0.01063092839154115,0.03444594467592752,0.0632541006196261,-0.018253252563722105,0.009247489215330758,0.13488525321361647,0.00879715653495343,0.0,0.000660231545232727,0.0,0.0013093141891357327,0.0,0.006542749039905933,0.0,0.009917677288432113,0.0,0.016341357464539998,0.0,0.012979414019711985,0.0,0.03341995648076532,0.0,0.024777316279073574,0.0
274,0.220036839125833,0.03442997290094833,4.0815165750028924e-05,-0.0065889288299417524,-0.007665200334845251,0.008339958351708284,0.033419251120067515,0.06282780827013522,0.013314526384487045,0.0065782909958660395,0.13780839645853632,0.006060797486336605,0.0,0.0006475576055601923,0.0,0.0013436789541292,0.0,0.006133176162937461,0.0,0.00997094755378611,0.0,0.013070760473648323,0.0,0.01296789754750699,0.0,0.005648344755460321,0.0,0.018141415970136663,0.0
275,0.21999742920657675,0.033477582854758235,1.6793639609387972e-05,-0.005803505876625897,-0.006549490251659733,0.00884693724816383,0.03269668228176666,0.06350713486811664,0.0249061064057533,0.009334913406369539,0.13720174891245518,0.005585800909128511,0.0,0.0006836733208656037,0.0,0.0007668182278327036,0.0,0.005283633487905312,0.0,0.009385753421884739,0.0,0.011057427307364307,0.0,0.012239013987968062,0.0,-0.0008186128569443727,0.0,0.016947602082082232,0.0
276,0.18842996106947,0.029907920993631116,1.0400964508397568e-05,-0.0065482351794520725,-0.006339248231166282,0.007427440005670386,0.032085801734519324,0.05141533811486692,0.02163383912198168,0.006608023857757866,0.12536288036202936,0.0009042450163019303,0.0,0.0003113743700113865,0.0,0.00015169027828128352,0.0,0.01131844067774101,0.0,-0.06731779818275338,0.0,0.008834056597202855,0.0,0.011456503774403973,0.0,-0.0027420660314561173,0.0,0.015964730093086982,0.0
277,0.19733343815276497,0.03216794227905535,4.7833763994507675e-06,-0.0038581183243387206,-0.003934015013443491,0.006784723122825711,0.030884912850265785,0.048372738931344444,0.012003835891410733,0.0070919569889375846,0.1184166778272105,-5.64087984172293e-05,0.0,0.0003163172524580297,0.0,0.00016752299436503354,0.0,0.011649349383680905,0.0,-0.06510758472272245,0.0,0.01072617647849339,0.0,0.011647828330633167,0.0,-0.003646172819066568,0.0,0.016790826992116533,0.0
278,0.1963438272967941,0.03422211570790383,5.115049571444228e-06,-0.0015493478271617726,-0.001134396000150737,0.005195458278784169,0.030760549660575686,0.049653628530217805,0.014131838594666631,-0.0017962941071450462,0.12585869397054644,-0.00026721859732974914,0.0,0.0003683507721217648,0.0,0.0002124670962045185,0.0,0.011336645889291258,0.0,-0.0657052622930935,0.0,0.01111542733256809,0.0,0.011754428563983737,0.0,-0.007773128576422159,0.0,0.017260968297369977,0.0
279,0.1980117769103245,0.03375966538551146,-0.0007342427407132344,-0.0018252341998688732,-0.0019215146399231679,0.0042961941866754986,0.03132779153235258,0.04911522382435317,0.014058789519715934,-0.0027579577256388764,0.12285104553835263,-0.00012406017312113988,0.0,0.00028585356119710314,0.0,0.00038116452440934697,0.0,0.011120872497322867,0.0,-0.06680398775730069,0.0,0.010415624888020647,0.0,0.012195981082389541,0.0,-0.010147194058779488,0.0,0.017539529622718767,0.0
280,-0.04698095789917215,-0.0009777250056335286,-9.727348117707807e-06,-0.006882847476819637,-0.006207185405275262,-0.02071415601339891,-0.007571331323421841,-0.03304926936766589,0.006906738722682934,-0.012340394504567172,-0.07301230644181132,-0.006624956166130006,0.0,0.00041772960837599177,0.0,-0.00016253513544785096,0.0,-0.00019962486180635843,0.0,0.004847168889202395,0.0,-0.012345888096286525,0.0,-0.00828634408058224,0.0,-0.10106266562009826,0.0,-0.00749482127768232,0.0
281,-0.051703494094198596,-0.00189846697917499,-1.3902712084421534e-05,-0.007806247686254208,-0.008902140675492588,-0.021716111975258242,-0.006062987391206385,-0.03656588530499485,0.002045997435097253,-0.013844046316874031,-0.07324002415113338,-0.006000388939491922,0.0,0.0004239871836826403,0.0,-0.00027144104996730073,0.0,-0.0004925594719048039,0.0,0.00482460192253098,0.0,-0.013397355123054722,0.0,-0.009222410380130311,0.0,-0.10021698039704764,0.0,-0.0067069026519553055,0.0
282,-0.055383394252068945,-0.0031590993665294403,-1.2469740111223137e-05,-0.006821177220346768,-0.009064474935805304,-0.021241939863454188,-0.007337542567847692,-0.036390803697386426,-0.0023202842531878116,-0.014901674628891257,-0.0725649465612613,-0.004958366506139484,0.0,0.0004080468605529641,0.0,-0.0003210762744419369,0.0,-0.0004594667534135125,0.0,0.004765686615081088,0.0,-0.013112450876106026,0.0,-0.009223819762959275,0.0,-0.09850093290356417,0.0,-0.005759413234343021,0.0
283,-0.05802249519264902,-0.004375030490585841,5.096811434244552e-06,-0.007771192180569932,-0.010270498744324973,-0.020658643988910652,-0.008304754949908847,-0.03639290679056158,-0.005629440660063848,-0.014420470271958894,-0.06994249450281624,-0.004703732602761235,0.0,0.0004075324517348146,0.0,-0.000366117511071646,0.0,-0.0002576284459196802,0.0,0.004797887264913611,0.0,-0.013258024470885,0.0,-0.009645240832030442,0.0,-0.09641215215491904,0.0,-0.005613565591018565,0.0
284,-0.05840991938629423,-0.0039763979657638495,4.168078021678773e-06,-0.007901106191036927,-0.010168189344799057,-0.02014430293041601,-0.008047203298136763,-0.03642058393175502,-0.012703547335742442,-0.014615298822178562,-0.06683562134558614,-0.0049055637063454925,0.0,0.0004070692680925092,0.0,-0.000367467797374048,0.0,-0.0002740944451596818,0.0,0.0047812057528909,0.0,-0.012036421581876443,0.0,-0.009100844360025381,0.0,-0.09435942625313275,0.0,-0.005760327256254715,0.0
285,-0.06009797320397926,-0.0032828844799340537,3.521443103452586e-06,-0.007216788377475844,-0.010310064729600223,-0.021201888537799682,-0.006795913279553234,-0.036473139969059605,-0.012715837116054975,-0.013402281033478866,-0.0669687570059349,-0.005454605236105218,0.0,0.00041313722398313775,0.0,-0.00035145116046637426,0.0,-0.0002374617396907744,0.0,0.004861915586018091,0.0,-0.01237427113342236,0.0,-0.009071329283867443,0.0,-0.08933635358553037,0.0,-0.00634717430337533,0.0
286,-0.05691986018887199,-0.003105579164029922,-1.772300744595562e-06,-0.007370933982390395,-0.011275150590666272,-0.021076498305936175,-0.006015152331422825,-0.03601940433076588,-0.018476924286783745,-0.013119809485795877,-0.0657397419474684,-0.005538305657735838,0.0,0.00040745648253382095,0.0,-0.00030474678403492954,0.0,-6.191434933308904e-05,0.0,0.004944580127062914,0.0,-0.012620702656129055,0.0,-0.009154889317216783,0.0,-0.08807560619996353,0.0,-0.006834644652531481,0.0
287,-0.05300539331383259,-0.003346847184121874,-1.772300744595562e-06,-0.0090280138247395,-0.011900793763503916,-0.021453017312032384,-0.004760238093581719,-0.035724492087293745,-0.02121694672147673,-0.016399295805751956,-0.057903598859444017,-0.005044954426451321,0.0,0.0004081757133181407,0.0,-0.00041541109138085495,0.0,-0.00010069337026098044,0.0,0.004989968070558037,0.0,-0.01432224699766666,0.0,-0.009258640874185698,0.0,-0.08650432081558743,0.0,-0.0068967939333954556,0.0
288,-0.02939192960852762,-0.003405659199423243,3.991840694749622e-05,-0.010229640974832366,-0.01481629534480745,-0.0225946033428098,-0.006018102438552141,-0.03756975774225152,-0.02096638475779926,-0.01828132986174435,-0.05458927680028623,-0.004550485283668329,0.0,0.00040644762468152205,0.0,-0.0005672119982080718,0.0,-0.0002124708300772468,0.0,0.005138482815136561,0.0,-0.019241910550984016,0.0,-0.009982447929472536,0.0,-0.08088871452611378,0.0,-0.007385431158849617,0.0
289,-0.020219514958640786,0.0004025957276736056,7.849531159646763e-07,-0.009821518640129819,-0.012761876005773375,-0.021967643846450044,-0.00454550834640028,-0.03631555154524548,-0.011583554234283693,-0.017286902107337965,-0.05271010289532445,-0.003944231403687865,0.0,0.0004064742115765107,0.0,-0.0005649901780765859,0.0,-0.00036805785297536095,0.0,0.0052587482461086115,0.0,-0.018449949404859275,0.0,-0.00893453141576302,0.0,-0.07656427207747103,0.0,-0.00710588181718294,0.0
290,-0.015762681198052526,0.001580572209011756,3.906102351731673e-07,-0.009163415790590868,-0.011428208055136531,-0.019073436157633038,-0.0032663809536328816,-0.02967191812071471,-0.019197407643505346,-0.015103692553370851,-0.03211579109565626,-0.0029236420113158195,0.0,0.00040978621494630493,0.0,-0.0004196625440758635,0.0,6.705458617290028e-05,0.0,0.005560245326129269,0.0,-0.01791531837253063,0.0,-0.00869495576081308,0.0,-0.0762252606198392,0.0,-0.006819009982903353,0.0
291,0.11635691763929441,0.037308061513991214,2.177743281118501e-05,0.02586734989247428,0.02203749829549028,0.009230939814191506,0.01605909725071226,0.0006268243347001688,0.025913863357666926,0.00918823503560377,0.06461594975777665,0.0027553262944348157,0.0,0.0004019662523420848,0.0,0.00020347831358707123,0.0,0.0013928329657466937,0.0,0.007756348791425717,0.0,-0.004555526968624623,0.0,-0.0029194596332661744,0.0,-0.02610444419323452,0.0,-0.004798515263978348,0.0
292,-0.002329596627542901,0.0016725378551151954,-3.925420308888907e-06,-0.006308835636578387,-0.009978995934065732,-0.018177636670310752,-0.008064621135440438,-0.03055423246367357,-0.016221791041561923,-0.013431575529279935,-0.014073436826876099,-0.0025532528995118797,0.0,0.000414009912141254,0.0,-0.00030425229433992366,0.0,0.0002857845671602498,0.0,0.005859415554596414,0.0,-0.018664759826361812,0.0,-0.009818130564501065,0.0,-0.06987980345670788,0.0,-0.006642608866725697,0.0
293,-0.026175802404978035,-0.010980960968793732,-5.950914175101823e-06,-0.012071198468687672,-0.017084280379966097,-0.020412184559376784,-0.01231179546123384,-0.045354850146026575,-0.020515144375655256,-0.01690392161635112,-0.026494562716886848,-0.0034907003449939173,0.0,0.0004214780993416235,0.0,-0.0005489847433931776,0.0,8.0127818639664e-05,0.0,0.004967861524923663,0.0,-0.017326581734551885,0.0,-0.01069252274542806,0.0,-0.08029732299229485,0.0,-0.006486687579808277,0.0
294,-0.022497459456839067,-0.010541555287257635,-5.351176435094807e-06,-0.0146202642141242,-0.016352897387876635,-0.02179276825128906,-0.010904344326854224,-0.04629444698040987,-0.028761708803187607,-0.018281650438155515,-0.008036085042456481,-0.0040334481961202045,0.0,0.0005046897387012724,0.0,-0.0005165219307458309,0.0,0.000886484110081492,0.0,0.00513726759161971,0.0,-0.02150440696516398,0.0,-0.01488797899727025,0.0,-0.08725166348951992,0.0,-0.0064041481370420246,0.0
295,0.0019738028251060627,-0.0068952724990060605,1.8696476470117113e-05,-0.008231557076641232,-0.010883245035224143,-0.017074652027185278,-0.008245151014543898,-0.03933909986555156,-0.021587101787846716,-0.015070200031609565,0.006704336863552793,-0.0022486521040976384,0.0,0.0005355663237255968,0.0,-0.0003267764616980052,0.0,0.0016277514279803389,0.0,0.005652034529855889,0.0,-0.02020621493435988,0.0,-0.013895373006575801,0.0,-0.07497711399567225,0.0,-0.00637460000541288,0.0
296,0.13639386310399657,0.021258677400747168,2.752382064063161e-05,0.01414812450473786,0.013433529487357683,0.0038092923109862478,0.01233609896138957,0.010961573520932584,0.008672750583874629,0.01634442595936014,0.09633246416738458,0.005304723325654126,0.0,0.0008401384493748046,0.0,0.0003401678646006652,0.0,0.005236330438904389,0.0,0.008531866805097831,0.0,-0.006138598100754635,0.0,-0.005590454873048201,0.0,-0.02640105845487341,0.0,-0.004415804299259312,0.0
297,0.03553610778748902,-0.011290275358763733,2.5606995860309237e-05,-0.018591054779072348,-0.015970556365861043,-0.023263399966799537,-0.00898391465963889,-0.019961197085967778,-0.02636718812616186,-0.0057785320931752725,0.029469145803084885,-0.002489297272322082,0.0,0.0006666125362086145,0.0,-0.00012546476935659733,0.0,0.0032525466443806862,0.0,0.006559564834660184,0.0,-0.023075411105578876,0.0,-0.013920760388227295,0.0,-0.07112169081410638,0.0,-0.005248115116952296,0.0
298,0.0555200605860977,-0.011153806524200035,2.5772647921454383e-05,-0.015796800473139277,-0.014358551701394218,-0.021030291617275033,-8.54918229727244e-05,-0.013338296413984457,-0.02944437234146309,0.0007843181104457718,0.024861596829012064,-0.00195713134555928,0.0,0.0007962401961198176,0.0,-0.00015591702085694458,0.0,0.003592163984068934,0.0,0.0073483893673517535,0.0,-0.02160599854685933,0.0,-0.013784610992188334,0.0,-0.062087445953121004,0.0,-0.005115825100518557,0.0
299,0.18363218362397424,0.014691761412142141,2.5670419368601823e-05,0.005514349052338444,0.008327761556200554,-0.003644079784730795,0.024389864457185405,0.021522652254512817,0.018392583008618745,0.01338898413108762,0.07123099043267427,0.0037149804806245125,0.0,0.0011084106844670527,0.0,0.000258331770448222,0.0,0.007379443415518657,0.0,0.012725964312061482,0.0,-0.0019856966286935676,0.0,-0.002026782691783684,0.0,-0.014068836282715559,0.0,-0.003935898409057148,0.0
300,0.18441654295762083,0.01328653240521483,5.606027573919598e-05,0.0029728553460086275,0.0036109695542903266,-0.00480519840955771,0.026194238309765555,0.01654305767028676,0.026092329173404573,0.0031383196518221003,0.06871719886908124,0.0033798912218508587,0.0,0.0009535983534605278,0.0,0.00027567548235529407,0.0,0.006959596906732846,0.0,0.013482736889553478,0.0,-0.0041590609055511445,0.0,-0.003611320752042702,0.0,-0.011682402406053841,0.0,-0.004194643334996351,0.0
301,0.2158980175244761,0.015013417208486061,5.8420423772706514e-05,-0.001072354021603379,0.0012162713027801281,-0.0034309253437098362,0.026643582763744893,0.0038510496835298374,0.03494908195760657,0.005262611413772463,0.05902729308721119,0.0019426784201194863,0.0,0.0010769250770127905,0.0,0.0004355516572340344,0.0,0.006058954339650012,0.0,0.015176407562404818,0.0,0.0007643848046915825,0.0,-0.003920677094628565,0.0,-0.0029696321656909027,0.0,-0.004152739059996784,0.0
302,0.24407831288749657,0.014898315776428795,5.962650138338274e-05,-0.0030873698259457137,-0.002370956900130988,-0.003087279969694356,0.02493477514969384,-0.008724071696208624,0.04137774961890422,0.0012496684081341153,0.045032689931682565,0.001312232692902675,0.0,0.00126188114639353,0.0,0.0005240046218313085,0.0,0.006181519552677433,0.0,0.01771940182656606,0.0,0.00925093753335398,0.0,-0.00331800496516906,0.0,-0.001217892079436294,0.0,-0.004180106576040845,0.0
303,0.2665569268879169,0.014001544631278857,4.953026119500252e-05,-0.001599149197266316,-0.0018403617594306922,-0.0025981280775664206,0.023926073392652968,-0.013049466258214468,0.039658945885568876,0.0019931335212513006,0.04327457489704067,0.0027579997723653346,0.0,0.0013252307964194494,0.0,0.0005337910456481408,0.0,0.0071540957818271925,0.0,0.01910111525335323,0.0,0.013331493267373335,0.0,-0.0025235475341926746,0.0,-0.001972233973392578,0.0,-0.0046962020730990685,0.0
304,0.28700305961345,0.013497333961661192,4.952825401315369e-05,-0.0032154746033096065,-0.0011827435555466406,-0.0008501067763970124,0.023477431791184927,-0.017338034799252625,0.039198548699971344,0.0022738301419130734,0.03910143179835464,0.00339606256738486,0.0,0.0017309578226851387,0.0,0.0007816078756199814,0.0,0.007836761609793415,0.0,0.020241399380918703,0.0,0.021085704141288204,0.0,-0.002144831616883383,0.0,-0.0002172338230927038,0.0,-0.0047313648444592855,0.0
305,0.28853302713880946,0.012108893494431713,2.8761722040303223e-05,-0.004357038079228882,-0.003872866682994523,-0.0016231103737993553,0.02396075946477819,-0.025139805841902625,0.03800023051835822,0.0012409403201957166,0.03661867215528872,0.0029736650898199413,0.0,0.0017731775724750755,0.0,0.0007856055988101965,0.0,0.007020139397536505,0.0,0.020203584164298242,0.0,0.021979801710149734,0.0,-0.0028793678115173545,0.0,-0.0014185562100162996,0.0,-0.004958305663491989,0.0
306,0.2907686195030306,0.01257580879129781,3.2982588004615034e-05,-0.00461622522090164,-0.004265102080139954,-0.0038146152078783707,0.024786357920147,-0.023699301027095627,0.03767838032855758,0.0006611938066264474,0.035471579726293244,0.0031981319250682454,0.0,0.0017432618750020945,0.0,0.0008084757373838364,0.0,0.006716509448062586,0.0,0.020129314721809805,0.0,0.021453619343121923,0.0,-0.002893502528010911,0.0,-0.001928078725055254,0.0,-0.004947771473944893,0.0
307,0.1598797407063165,-0.18090967318084183,3.2532049830555284e-05,0.013295986635845733,0.011127230700607291,4.9009232637502454e-05,0.02648206803482988,0.06738050370563592,-0.027642973967158372,0.004777708522948994,0.022712204407677457,-0.0015448748513987236,0.0,0.0012663732166814812,0.0,-0.0008183506886610859,0.0,0.013497741834911276,0.0,0.0067459751419914815,0.0,0.013737447706063222,0.0,-0.0027139848484601355,0.0,-0.004268058475050049,0.0,-0.004054706925199629,0.0
308,0.163460531202118,-0.1823228381316093,3.2532049830555284e-05,0.013581901190114907,0.011247874208639083,9.986228368695664e-05,0.02657480457852604,0.06734482290175678,-0.027428922337685915,0.0016856799241222104,0.025287356139679862,-0.0014009029524583232,0.0,0.0012806012901752978,0.0,-0.0007958962406234626,0.0,0.013663312783281846,0.0,0.006110056549050608,0.0,0.01360059822050717,0.0,-0.003329694852021955,0.0,-0.004769371444512277,0.0,-0.003771840170708405,0.0
309,0.1613258476801181,-0.18640029319060594,-0.0019243721370851166,0.014054666576994829,0.01182404751476602,1.55261664691794e-05,0.02559982123469567,0.0679566274457883,-0.024913394186765442,0.0006900468099392506,0.03343232416787633,-0.0014032674532605531,0.0,0.001244743098026919,0.0,-0.0007137167280693167,0.0,0.013705178862726321,0.0,0.00677533784139433,0.0,0.012988168374370185,0.0,-0.0035769461767505193,0.0,-0.0033564002444597934,0.0,-0.0038177737663121223,0.0
310,-0.3461106401864719,0.027874755085550134,2.744599232059232e-05,-0.006405416738439912,-0.0038681298352725296,0.024265060699101223,0.014478012076764525,0.06134361122947184,0.021079473224136395,-0.006723466823657497,0.0244362601158587,-0.0051193012236855,0.0,-0.0005312066659910135,0.0,-0.0007892395928537159,0.0,-0.015837016221256075,0.0,0.004546813514237598,0.0,-0.019658860950866063,0.0,-0.001204780395401966,0.0,0.01840568449596587,0.0,0.03128369127155203,0.0
311,-0.35357259889864895,0.01372477110575657,2.340802725683275e-05,-0.004713463829592818,-0.0034690894452788137,0.022482852221211106,0.016485610362262416,0.06361436327727508,0.020339095981583254,-0.004856530697250301,0.023222833137394622,-0.005332329307546263,0.0,-0.0005198504256033557,0.0,-0.0008130556480776611,0.0,-0.021396312496937957,0.0,0.004591817763686251,0.0,-0.02268401383571863,0.0,0.0001531499411021557,0.0,0.01944954980342487,0.0,0.02679833621820876,0.0
312,-0.3524313325349393,0.01989036255711504,2.1182389807212887e-05,-0.0038135373031570725,-0.0031466423019490303,0.021690676940101683,0.015218391902092666,0.04659666857270679,0.02192293605767817,-0.009014366399028534,0.022455117060118265,-0.004970880652131152,0.0,-0.00011323134214508885,0.0,-0.0004278504907017799,0.0,-0.02231874771021904,0.0,0.004547141829944053,0.0,-0.02251707083832154,0.0,0.0006456715705614744,0.0,0.01904445370048853,0.0,0.03018248615252712,0.0
313,-0.3597978424657281,0.021222959181905775,-0.0004658612047573871,-0.0037511971241450375,-0.002816866962853001,0.021530141766140105,0.01585183865742534,0.04669359067306221,0.019992372563580753,-0.004065372734965754,0.021407821807166567,-0.005015362403633968,0.0,-0.00010061291310680821,0.0,-0.00051653958698878,0.0,-0.02126555127168774,0.0,0.004486609926422307,0.0,-0.022261674174600486,0.0,0.000648540928390387,0.0,0.019624004197156632,0.0,0.030941862069102787,0.0
314,-0.17244393218577234,-0.06466375228499431,-6.433099636673469e-06,-0.002652142084756305,-0.0019658097895187947,0.006180606861765304,-0.006544882978118496,-0.008334338182193545,-0.0019606233532827987,-0.00854821885911531,-0.02064170057518901,-0.0048531597096773925,0.0,0.00013065218044802605,0.0,3.018093276655055e-07,0.0,-0.0207407205670433,0.0,0.00014995223257069926,0.0,-0.0028110073388914686,0.0,-0.0015123896675114997,0.0,-0.02292963787939791,0.0,-0.008789545659288992,0.0
315,-0.16983922527860534,-0.06579620347276229,-3.379558986110182e-06,-0.003005191705315379,-0.0019881755697387644,0.005459831627425802,-0.007647332480698431,-0.0026818884136167146,-0.003355196773621086,-0.00911004374255011,-0.02250365558836333,-0.005080857348338175,0.0,0.00013362860089827046,0.0,0.0001666539817428547,0.0,-0.020801070422197834,0.0,6.011983385545456e-05,0.0,-0.002998555932721745,0.0,-0.001943012797097003,0.0,-0.023604150418524702,0.0,-0.009517643903724024,0.0
316,-0.17114843101443453,-0.06481211342491429,-3.579530003972587e-06,-0.00309691655014399,-0.0027304328418568456,0.005573611933488619,-0.007536093048561136,-0.014521628786602833,-0.0029910664229634595,-0.008766841829608012,-0.021927469658774748,-0.004170193665119348,0.0,0.0001383663786671846,0.0,-5.905535614839057e-05,0.0,-0.02125512019138055,0.0,0.00012116496358338322,0.0,-0.002820969249033947,0.0,-0.0014987131343939379,0.0,-0.022518811997154126,0.0,-0.010098170031543912,0.0
317,-0.19041787064425195,-0.06486786414727228,1.9401103333585838e-05,-0.003371352054160667,-0.00298322781867345,0.005986001055385679,-0.006078561673273524,-0.0190257959618672,0.0166190184081567,-0.010147395762291072,-0.02092543939004233,-0.003491915735291168,0.0,0.0001542656910083423,0.0,0.00011934199965906112,0.0,-0.02160963741301663,0.0,0.0006092108925616247,0.0,7.150896301693544e-05,0.0,-0.0017146715942436821,0.0,-0.02156635650016246,0.0,-0.010382554642811946,0.0
318,-0.19208812412253745,-0.06571694324622142,3.359956273985571e-05,-0.0035681705342979113,-0.003191293339274104,0.005197408053778071,-0.005300517262597064,-0.01986648812469445,0.020404949261850765,-0.008811504978570686,-0.019573055839330084,-0.0032138371914162485,0.0,0.00015507352935998183,0.0,0.00021574594120404115,0.0,-0.023420179550151573,0.0,0.00037582039939140056,0.0,-2.1691884564724254e-06,0.0,-0.0018941325183891942,0.0,-0.021265350591730552,0.0,-0.01035615725223173,0.0
319,-0.15293477520444684,-0.048454086690755495,4.9810533724058506e-05,0.0015930547965760696,0.0015014951872404923,0.01109698905898947,-0.0030820357946168744,-0.016549014722219355,0.011843305455650283,0.08218231451675855,-0.015492464613738922,0.0001372570106645303,0.0,0.00015489864032152157,0.0,0.0021390116785530147,0.0,-0.01897948162307381,0.0,0.004776095380013487,0.0,0.004071524716218187,0.0,0.0008471752722941481,0.0,-0.015164512042066551,0.0,-0.008109584297101268,0.0
320,-0.027531567078895907,-0.006428291113264841,7.021233032167204e-05,0.017771320651965263,0.023549026221508517,0.03116357919894261,0.007880694855110653,0.00996843512738763,0.08221960542448972,0.2744536531711402,0.0003948984964737995,0.007551057375021604,0.0,0.00017997679376431416,0.0,0.0028906226751304787,0.0,-0.006579019478810098,0.0,0.00991107355428172,0.0,0.015718275877908357,0.0,0.006960974423084703,0.0,-0.0032130252291157433,0.0,-0.004633385077862178,0.0
321,-0.03524122988615316,-0.013497323489621385,6.769130913801136e-05,0.012653745438130526,0.020489346365734587,0.0408361587990212,0.0022406782396955454,0.0029887343810851004,0.052703877134837616,0.21823607551945626,-0.0019603281778407654,0.004852847982655836,0.0,0.00017978974285292901,0.0,0.000134110426001996,0.0,0.017428799801868938,0.0,0.00976854127649041,0.0,0.01601382848368038,0.0,0.004695998853859671,0.0,-0.0068564622587672566,0.0,-0.008582175613789822,0.0
322,-0.1875938854166345,-0.06234739204543123,7.308811692175798e-05,-0.0012836557196406492,-0.00039568228502463563,0.013211102141996953,-0.004605515829539921,-0.013486309076613969,0.0019885176248718712,-0.0025698189068768733,-0.014558188223860728,-0.0039431165824565205,0.0,0.00018111890200768021,0.0,-1.133534917638661e-05,0.0,0.008374492189221743,0.0,0.0015663465683333118,0.0,0.006594209148269284,0.0,-0.0020493857636392572,0.0,-0.020685448374772153,0.0,-0.01665319294174606,0.0
323,-0.1965744930906677,-0.06604237184057399,8.717674520807389e-05,-0.001691458397019031,-0.0020684667489055822,0.0014643905647393723,-0.007721833744819696,-0.01577510479114502,-0.009259913375208284,-0.009330091005991024,-0.005149815256396181,-0.004329930013210275,0.0,0.00018589176180747175,0.0,-0.0001468678343586161,0.0,0.003647870440372145,0.0,0.0014138447451820337,0.0,0.006896980939639015,0.0,-0.0030823373841162936,0.0,-0.020934142756451217,0.0,-0.016763246553687158,0.0
324,-0.18790950888569724,-0.06734665987820365,6.916512592047196e-05,-0.0028823446644738143,-0.0031516866436324706,-0.0014350584028918734,-0.009695879375384436,-0.021239663442046034,-0.011496458814230458,-0.009937022265969559,-0.009556556666297953,0.007238683918232059,0.0,0.00019203397136881796,0.0,-0.00028772559841308966,0.0,0.0024588899833981512,0.0,0.0015855723485804674,0.0,0.004213534933388314,0.0,-0.0024054495891651898,0.0,-0.022226195150910066,0.0,-0.01583586142982209,0.0
325,-0.18759220719994008,-0.06711416221666992,4.134753917083915e-05,-0.0029269505519012072,-0.0019095326123832598,-0.0019116374128093875,-0.010409452007561043,-0.021842768483187214,-0.018097898088522378,-0.009072757452391497,-0.008518488806917352,0.0072735650530063225,0.0,0.0001940625860120871,0.0,-0.00018319251699042336,0.0,0.002101604672125477,0.0,0.0015424589576847865,0.0,0.004581765719624168,0.0,-0.0023268256385282123,0.0,-0.021990221752733186,0.0,-0.0159611732439876,0.0
326,-0.19392698981885514,-0.06286066841721738,4.5182186011658335e-05,-0.0024332434556181485,-0.0023412102987886616,-0.010150301827669897,-0.012667229086302367,-0.014765764527792522,-0.012759714048311863,-0.010341215293513974,-0.007948072484730267,0.009635359417075542,0.0,0.0001727546243607208,0.0,-0.00012942153189014362,0.0,-0.0050188607731022,0.0,0.0017748310406381924,0.0,0.004519222624587484,0.0,-0.0011853180460443713,0.0,-0.021131359299532963,0.0,-0.012610444440202253,0.0
327,-0.19965939881032457,-0.06434474445761507,3.812511797819368e-05,-0.003470107826514977,-0.003513713124118217,-0.005129125857503707,-0.011987811492019674,-0.0054208061536283065,-0.011238878821381403,-0.008876165827564253,-0.007844837392826298,0.013006488266619948,0.0,0.00016531526626888015,0.0,-0.0002210970866112308,0.0,-0.004844067461618935,0.0,0.0017409555615993649,0.0,0.0031114280866074533,0.0,-0.0014055934058957074,0.0,-0.020361732698005425,0.0,-0.012681013013722488,0.0
328,-0.18608634310052952,-0.06166730682400202,3.281419674448582e-05,-0.0038703585080602544,-0.0020383901764269995,-0.004522828099422767,-0.01028142943511354,-0.0019410047411750411,-0.011576109538361237,-0.00850267636192757,-0.007088880397316892,0.01612195570401244,0.0,0.00015525229772594775,0.0,-4.2593139833080584e-05,0.0,-0.004850208493947509,0.0,0.001717175576887318,0.0,0.002415645794309322,0.0,-0.0014027887560879274,0.0,-0.0202000350782545,0.0,-0.012463034465604227,0.0
329,-0.027791748875467783,-0.008491772883483234,3.279239332038056e-05,0.021749820552907403,0.030053476798566084,-0.00039816496098397177,0.007181585623888519,0.04221974009862296,0.016366571420360583,0.25738858210002913,0.057608076189735215,0.04906956175503582,0.0,0.00016226661186810227,0.0,-3.2230047639586166e-05,0.0,0.005260355626539441,0.0,0.012118881503966764,0.0,0.015847313463196507,0.0,0.008029062057107697,0.0,-0.00041270395482626156,0.0,-0.00451345913098366,0.0
330,-0.0054676151706324816,-0.006654068361659687,3.600349082803636e-05,0.026067306048525578,0.03556098466744933,0.0014729803785776844,0.025855542036450508,0.04322058153424594,0.020183147928450485,0.23622472156615892,0.06604618715683555,0.05367541700127145,0.0,0.00016039539319126345,0.0,0.0004900614756128621,0.0,0.0049947484708855565,0.0,0.011591060008828993,0.0,0.01732931465442987,0.0,0.003409083649098858,0.0,0.0013370209938489764,0.0,-0.0037492961108395134,0.0
331,0.050346887023788214,-0.014842000114384956,4.2187638818505155e-05,0.02118679347339203,0.02667151421305495,-0.00037891118236127214,0.05391735950809706,0.030774525439533976,0.013409413089313421,0.16229365402850576,0.180658130238943,0.03966184099436299,0.0,0.000148751082270433,0.0,4.6377399045431904e-05,0.0,-0.0034953217500314515,0.0,0.010109732791957144,0.0,0.014797150914554543,0.0,0.0017098605919822127,0.0,-0.0018792342794634125,0.0,-0.003059563820021965,0.0
332,0.06129588935141062,-0.017872915824327377,8.469410214637775e-05,0.019310339964209576,0.02442429544992423,0.0007692649112777848,0.05843132843749415,0.02909209579996161,0.015045245060427776,0.16103132137745038,0.2100838532081342,0.04173281862935113,0.0,0.00016555212177940098,0.0,0.0003080634957245712,0.0,0.0030570793711615007,0.0,0.009623414883900267,0.0,0.013268367220323572,0.0,-0.0006852899424703016,0.0,-0.0008348417997863756,0.0,-0.002587267462910979,0.0
333,0.05594680453736747,-0.019729349740173516,7.99950873902235e-05,0.019435421960328898,0.02411021268215598,0.0010333242163207456,0.06417123986385208,0.027823566018643855,0.009220161486415083,0.15815052223117435,0.21122992305159619,0.04227798702541305,0.0,0.00016468870000204002,0.0,0.00031984963004981753,0.0,0.0027558762662929577,0.0,0.009627525830571516,0.0,0.012883031168864916,0.0,-0.0009595327935909999,0.0,-0.001292431567588774,0.0,-0.0026911896265251227,0.0
334,0.0516932168517207,-0.022770155205033202,8.181351023004898e-05,0.01976195150580561,0.023045802521462128,0.0028893020379682634,0.06497778846717303,0.024886456209277787,-0.0018122531611902597,0.15742234713550954,0.21810132261326773,0.03981985234159903,0.0,0.0001716124398899196,0.0,6.396793181038207e-05,0.0,-0.0028397876477625956,0.0,0.009322858987226042,0.0,0.013083115348131197,0.0,-0.0010106580674955046,0.0,-0.0006667827948493141,0.0,-0.0029169414167598386,0.0
335,0.0469030367540266,-0.023447149958633822,8.16190605940165e-05,0.01911245191571493,0.02295511758537351,0.0015025933632911808,0.06549816234279288,0.025715184307114804,-0.004963608520193267,0.15192470855648788,0.21812347575369506,0.040530787276952765,0.0,0.00016933147530242716,0.0,6.199682375432028e-05,0.0,-0.0030566498252171427,0.0,0.009284822769045464,0.0,0.01307421664863019,0.0,-0.0010113578605988683,0.0,-0.0004855913681694631,0.0,-0.0032097045165919314,0.0
336,0.04895832168123639,-0.022216301828122984,8.159927265548015e-05,0.0188161339751607,0.023244368335265702,0.00487131139860477,0.06503690773454524,0.02514409609050356,-0.006721106690325345,0.1467622172247753,0.21727586055001416,0.040246228974587385,0.0,0.00017929642646033649,0.0,4.1125511825709e-05,0.0,-0.0028365985461500233,0.0,0.009251914053046305,0.0,0.013009535842314771,0.0,-0.0009512101969521777,0.0,-0.0005412107149724525,0.0,-0.003126182976425985,0.0
337,0.04365201547878639,-0.023493491646068888,7.80810184264269e-05,0.017561888312712142,0.0199052811335976,0.010716583095702246,0.07017861928827727,0.020787060182356674,0.0012731545361296,0.1270977995371407,0.21678364306238013,0.04155994734441632,0.0,0.0001860462760094542,0.0,5.984083809684967e-05,0.0,-0.0033083966334496073,0.0,0.009180387647291148,0.0,0.013319192426092875,0.0,-0.001137941977274867,0.0,-0.0011317414739963143,0.0,-0.003520185818512415,0.0
338,0.014724164604289726,-0.04659807165969555,8.46819049815212e-05,0.011815925738297716,0.011066533005728393,0.024491720529942036,0.09996827958685194,0.018022271833614555,0.005536638799195708,0.0062422432904742555,0.24568363742477786,0.04318552084818282,0.0,0.00019468603129139118,0.0,-6.336978765918047e-05,0.0,-0.00517905266105466,0.0,0.0036698181980085293,0.0,0.0100367084037968,0.0,-0.0003261695257475216,0.0,-0.010700125402212258,0.0,-0.005217878221752639,0.0
339,0.013915403972848423,-0.04601975738181287,8.42748393736908e-05,0.01121840835152607,0.010807252283255969,0.028600605335155127,0.1000900398784746,0.01851366050465326,0.0031920186850849927,0.005516056573982689,0.24524695362892932,0.045467630558959374,0.0,0.00020103140056964707,0.0,-5.925741785455888e-05,0.0,-0.005333129875482506,0.0,0.0036942702926698323,0.0,0.010620378830522083,0.0,-0.00030668434838759605,0.0,-0.01041418265934795,0.0,-0.005041105813821606,0.0
340,-0.002198171729350438,-0.04753447450389379,-0.0010429127715603866,0.011300167205311974,0.01103822084253387,0.04591685743880756,0.09871827177759716,0.017709741253723127,0.0029580231613228957,0.00500557493544741,0.24702353430368004,0.04431565603182024,0.0,0.00020107682191157413,0.0,-5.1382616090772295e-05,0.0,-0.0052761106727299565,0.0,0.003708678523629505,0.0,0.0121353975094748,0.0,-0.00017697649912664653,0.0,-0.008861800540682056,0.0,-0.004895502832528286,0.0
341,-0.17987129017652892,-0.05678594292645255,2.779039289401181e-05,-0.013757980012912566,-0.01601085778148488,-0.009231166443619489,0.006508044382432623,-0.013365672530968304,0.0018062790065271758,-0.015176677590365678,-0.013990471364964589,-0.004487918676356552,0.0,0.00014252951152732025,0.0,-0.00017589964542745893,0.0,-0.005213337499696705,0.0,0.0006460869436364258,0.0,0.005223013621332242,0.0,0.00018913137555319611,0.0,-0.02135515524640037,0.0,-0.012531559399652274,0.0
342,-0.1796752761626998,-0.05633871428912759,2.9927268390958123e-05,-0.013884811082105559,-0.015897012142138647,-0.009724376550122269,0.0026518819626077865,-0.013389053033115475,0.0008612258331373906,-0.01723230049301905,-0.013512820091417186,-0.004312675947230162,0.0,0.0001422272611552368,0.0,-0.00015512507318039508,0.0,-0.0038294290058297695,0.0,0.0006963351421490851,0.0,0.005287903339346488,0.0,0.0002837806871037821,0.0,-0.02131468599102928,0.0,-0.01257232862445128,0.0
343,-0.17088584673637425,-0.05749692372981756,2.2409480762040118e-05,-0.014745689317425193,-0.016129892349267906,-0.010863035181320988,-0.001832640704161673,-0.01363837856749216,0.028527201761660917,-0.019547667029488652,-0.015363328488543182,-0.0037173096551241947,0.0,0.0001544891121275376,0.0,-0.00028238322281039945,0.0,-0.00702739165696824,0.0,-0.0002611599833398035,0.0,0.001342210601243335,0.0,-0.000289532904661058,0.0,-0.021546530922524718,0.0,-0.011525404008117255,0.0
344,-0.164546643601373,-0.060542393422039105,5.10327964059042e-06,-0.015825112778345522,-0.016198173158052245,-0.010362415104878812,0.04033788559606445,-0.01668985613165665,-0.018844760772636807,-0.016105793232532098,-0.017570276794271467,-0.004357619876726177,0.0,0.00014127145842008146,0.0,-0.00011570056137380272,0.0,-0.01890837294917694,0.0,-0.0003474660739136098,0.0,0.0002681176158998877,0.0,-0.0023618330647835173,0.0,-0.021246690505313297,0.0,-0.009733165147190637,0.0
345,-0.15931561833747104,-0.06250065334900741,7.448678560755928e-06,-0.015742434200878345,-0.016055197413111153,-0.009797115142358476,0.03619780929585667,-0.016018499166734045,-0.017954141611212966,-0.01631560395606168,-0.018565366032190462,-0.004528478242864037,0.0,0.0001409674200614885,0.0,-0.00011242547544031563,0.0,-0.01944778137710312,0.0,-0.0006852296757604603,0.0,-0.000527795775733542,0.0,-0.0023483076123180287,0.0,-0.021737089481639375,0.0,-0.008816952001495402,0.0
346,-0.1591797754402752,-0.06216860085167332,1.4837421939551355e-06,-0.015473292062302735,-0.015686858209393497,-0.009825351592623346,0.039816283779606755,-0.01575421886190482,-0.02394301279620782,-0.01624491771308994,-0.018302478347594655,-0.004839541899373179,0.0,0.00014131910011717545,0.0,-0.00012492199466297702,0.0,-0.01907151542726905,0.0,-0.0005054821755077875,0.0,-0.0004716074596707568,0.0,-0.002222505721335156,0.0,-0.021603239067627254,0.0,-0.00866423045830762,0.0
347,-0.15359262817063954,-0.06085637277750308,7.234975582987987e-07,-0.01529947622379315,-0.015417570472875364,-0.008703683349423178,0.040564611972567347,-0.01618511896078543,-0.026397894804281643,-0.015642781226932155,-0.018829660464294955,-0.00496994179716794,0.0,0.00014445174576451953,0.0,-0.00012611099523507973,0.0,-0.019252641771565746,0.0,-0.0005571913539419574,0.0,-0.0009894434524644823,0.0,-0.0017212346943279223,0.0,-0.022026366573955045,0.0,-0.00867129242029366,0.0
348,-0.169000627805285,-0.06438835220975923,5.093757741602171e-06,-0.01557529504152543,-0.01507847566262193,-0.00495653705143036,-0.002812801161705446,-0.014110159277313065,0.014050498768277608,-0.017223072666019353,-0.02074486046696271,-0.0038936292004919226,0.0,0.00014343926500222232,0.0,-0.0001843971242686793,0.0,-0.009667137048747446,0.0,-0.0009859617885978513,0.0,-0.0003009876817193958,0.0,-9.156470539916221e-05,0.0,-0.022524902875622532,0.0,-0.01125700641110143,0.0
349,-0.12780348163345467,-0.05737497656812408,5.093757741602168e-06,-0.016627943634533626,-0.015683311344279718,-0.006994777550368481,-0.000381715441463103,-0.007943797169865431,0.005711830751593064,-0.015001468417853409,-0.021666921557997595,-0.00342093085079465,0.0,0.00014769712949332364,0.0,-2.7726660578148946e-05,0.0,-0.010254276126074909,0.0,-0.0007812968974158811,0.0,-0.002387497018077357,0.0,0.00041507339365147813,0.0,-0.026963503856854254,0.0,-0.01017578208379093,0.0
350,-0.11915463561738765,-0.06378980073047827,5.205145372871078e-06,-0.0149560844786443,-0.01543875689083782,-0.008045593325018651,-0.0011040778557213661,-0.003957868969020391,0.006673989314713652,-0.0037508261848745485,-0.028200636843288916,-0.004426833935318076,0.0,0.0001448984545220519,0.0,4.338177587007164e-05,0.0,-0.007703365701685648,0.0,0.00024807420845676534,0.0,-0.004992926519525921,0.0,0.0008564100281575719,0.0,-0.03697162637892297,0.0,-0.01157006904275258,0.0
351,-0.03927437585489238,-0.12352357912456029,-7.114472733549731e-05,-0.009790648924295575,-0.010808518217446966,-0.009481755495668175,-0.0011846813662946274,-0.011333264921473258,0.01654468541385423,-0.0012945805930770077,-0.04729483311615952,-0.0014297029146933605,0.0,0.00022187169054683649,0.0,8.166696367131152e-06,0.0,-0.0013641466174640295,0.0,0.0035340829266570836,0.0,-0.00264139327780382,0.0,0.000864748452918258,0.0,-0.06287638733444938,0.0,-0.005947140379817007,0.0
352,-0.023021278295305172,-0.1411590581768979,-7.228657643185749e-05,-0.010636007302475164,-0.0108292332654526,-0.0076694577006852825,-0.0014104869306269107,-0.01520360350172512,0.021824813621325434,0.004902063370048209,-0.04795530934739448,-0.0007284964872600906,0.0,0.0002379493077305068,0.0,-2.989787519802603e-05,0.0,-0.00043282701432231427,0.0,0.0037877824051759245,0.0,-0.004337042168271099,0.0,0.0006914264900247568,0.0,-0.06456671870581944,0.0,-0.0049420883682165856,0.0
353,-0.04563395212324849,-0.16868176612642652,-7.840435524525798e-05,-0.0109427036216221,-0.011259543566306963,-0.0064902366631426405,-0.0018968907772050903,-0.017720555282923243,0.020813466102016665,0.0037116559986538843,-0.051382965334300174,-0.0011441659511223503,0.0,0.00023824791675222678,0.0,2.163765013846904e-06,0.0,0.00021135863387446545,0.0,0.0032823022741969654,0.0,-0.0032811243074612985,0.0,0.0020524417110604006,0.0,-0.06722337402606363,0.0,-0.005409827119373082,0.0
354,-0.051626470134878935,-0.16912531467441128,-7.870200308953872e-05,-0.010955989648929897,-0.011266873323943558,-0.005543833902792611,-0.001084776515133851,-0.017100886661536193,0.020856951586564865,0.001587752155644679,-0.051238425787961166,-0.0010388129921786657,0.0,0.000220574740459228,0.0,4.5082355904346053e-05,0.0,0.0055522192470914295,0.0,0.00330300971913696,0.0,-0.0024611162029297413,0.0,0.0016552311260447513,0.0,-0.06595092859956835,0.0,-0.005463995103702308,0.0
355,-0.05224867194918328,-0.16588952910101765,-8.219191713610373e-05,-0.01111620466024654,-0.011398825800275859,-0.00506045584147258,-0.001264815292063697,-0.017343282740482312,0.021127252682967654,0.0014078784649731398,-0.05048709260198176,-0.001088514979386502,0.0,0.00022293003319881068,0.0,5.6488873904857054e-05,0.0,0.005586073315240461,0.0,0.0033296116386904687,0.0,-0.002686787968213841,0.0,0.0020036982724820117,0.0,-0.0655725628523047,0.0,-0.005854597499916304,0.0
356,-0.05353319075111718,-0.16961767259112506,-8.081144854639147e-05,-0.011646449917060049,-0.011720439636678829,-0.005380273455047163,-0.001319471323499253,-0.01829123195003025,0.02130391175203047,0.005177514646927799,-0.05078162240049488,-0.0009318190183431221,0.0,0.00023668548308584142,0.0,-5.53575322034092e-06,0.0,0.00529067632844546,0.0,0.003435780614143133,0.0,-0.0027741626896926946,0.0,0.001910587503436159,0.0,-0.06407906512839445,0.0,-0.0057901466523671025,0.0
357,-0.055046959206628374,-0.16893107209528488,-9.130559420950725e-05,-0.012098170756870346,-0.012090744887368336,-0.006734030629946642,-0.0013532245622479234,-0.017403215848520667,0.022061628039307456,0.0014933820611454868,-0.05209661741098109,-0.0007969530704601888,0.0,0.00026298188260198745,0.0,-6.211661817085272e-05,0.0,0.005476740025178902,0.0,0.003578574918847638,0.0,-0.0026903132637950827,0.0,0.0017756867565076686,0.0,-0.06260473178398868,0.0,-0.005720547273313352,0.0
358,-0.05551765994936102,-0.1626387487799873,-8.427561405205064e-05,-0.01190960780185384,-0.011996671023330878,-0.005667626837313945,0.0006391810904769831,-0.018536243097653785,0.018863835068793272,-0.0020918773576793686,-0.052736422954419424,-0.00043233075698764675,0.0,0.00026240725551321463,0.0,6.787270872898211e-05,0.0,0.005896471865182858,0.0,0.0035311103759224152,0.0,-0.002439866298547852,0.0,0.0021392259629667825,0.0,-0.06242776400895705,0.0,-0.005754882700312929,0.0
359,-0.051469449882870694,-0.1652627476098871,-8.15317195122804e-05,-0.01185354819416698,-0.0119412162410479,-0.006029224411515132,0.00034340363184966996,-0.02015580497334977,0.020180369892543387,-0.0035040353076388865,-0.047903752682831355,-0.00042358448757523373,0.0,0.0002659299057310753,0.0,-2.0395828230415705e-05,0.0,0.005392030689594817,0.0,0.0035166946262748986,0.0,-0.003143015120471536,0.0,0.002222026713243192,0.0,-0.062104204307056474,0.0,-0.005506112847969143,0.0
360,-0.05349456117853799,-0.17200129030505593,-8.008256959849203e-05,-0.012385522010907167,-0.011821341659256406,-0.007576306143371368,0.0012790550572770554,-0.019282926944557563,0.023810019845483393,-0.0018177758870190634,-0.02150057068646334,-0.0006801869387264815,0.0,0.00026864451814910924,0.0,-1.8267807773834214e-05,0.0,0.005776923395381818,0.0,0.003671972066545608,0.0,-0.0032970812322333297,0.0,0.0009215449721343968,0.0,-0.059803390412233814,0.0,-0.004838523115554439,0.0
361,-0.06355612562176449,-0.1564658144910753,-6.683361158236414e-05,-0.01235276175115442,-0.01220412507166425,-0.006593780637619803,0.002072881376014088,-0.021174720387978577,0.01722066972003506,-0.0008297723260971619,-0.051264857017838825,-0.0003780012562732222,0.0,0.00026546619527690544,0.0,-0.00011216584378101677,0.0,0.006210029988011584,0.0,0.0035143955491423935,0.0,-0.001492332741032321,0.0,0.002172852335810829,0.0,-0.06000473682689751,0.0,-0.005794140432404216,0.0
362,-0.060822783676991385,-0.15650572712907815,-6.303537918553902e-05,-0.01173788489017327,-0.011973585751996,-0.007075466807716784,-0.0016471672140549968,-0.01999456677164909,0.02362521601189107,-0.0006298651472928245,-0.04379844351573598,-0.0002250833652371788,0.0,0.0002154746675833429,0.0,-0.00012811188760718765,0.0,-0.005584931410332713,0.0,0.0036883740732363886,0.0,-0.001996701272573294,0.0,0.002436300417386397,0.0,-0.059211889504906995,0.0,-0.0060482896004515115,0.0
363,-0.04063008634074033,-0.10482939248247188,-7.069164261644277e-05,-0.012396349317195472,-0.010609877892827272,-0.007589529627617484,-0.0037275258424529496,-0.026016255063222905,0.011075463784035068,0.001249050299491777,-0.04418224696641571,0.0006998080878597192,0.0,0.00024389630256578337,0.0,-0.00013223412531378285,0.0,-0.006044163963692425,0.0,0.004571927827350775,0.0,-0.002006799976240927,0.0,0.003960835398622245,0.0,-0.06135573842607592,0.0,-0.005996983020142187,0.0
364,-0.008235582090293686,-0.08067437678102347,-7.876399718830078e-05,-0.011785310122567389,-0.009348105423031746,-0.00660804086920801,-0.008920086303865413,-0.024169553757501686,0.009001654901702988,0.0018128047871036773,-0.044795344999174036,-0.00010498846067724984,0.0,0.0002491259339825331,0.0,-0.0002674822785448783,0.0,-0.006593113736611157,0.0,0.005394070925457448,0.0,-0.004622030819907252,0.0,0.004954049009673469,0.0,-0.06351299466226343,0.0,-0.006265822006026629,0.0
365,-0.0009638935903929929,-0.05959241282858057,-7.885410081984877e-05,-0.011109156224245353,-0.007443599953052489,-0.006160166113927936,-0.009291112936385973,-0.025333281493648715,0.007472213062937454,-0.0031750041038463633,-0.051973167899842534,0.0003334175487818186,0.0,0.000247991772925835,0.0,-0.00029530836348888714,0.0,-0.0070986569166648075,0.0,0.0052191084590885424,0.0,-0.004619700856449563,0.0,0.00575022663261112,0.0,-0.06574100412818455,0.0,-0.006176141692169728,0.0
366,-0.0005216949657290069,-0.05146634422891795,-4.694616401318516e-05,-0.011963258447402496,-0.009254539489583923,-0.0064784919707862685,-0.008716823659855827,-0.02559562838060865,0.007424287748426439,-0.01098750520356099,-0.05608762338430575,0.001158773609604917,0.0,0.0002489525371162842,0.0,-0.0001655238913992214,0.0,-0.007866842975405077,0.0,0.0050014410921373695,0.0,-0.005405813646873639,0.0,0.005975667871494963,0.0,-0.06504210780548389,0.0,-0.005831323533521033,0.0
367,-0.004900646175513008,-0.05197304977751676,0.0010401666334470382,-0.009877981937385594,-0.007040392638867465,-0.006033776699490856,-0.011726101627490684,-0.023425716661562315,0.011471106307915766,-0.0120969942790295,-0.05390285208324753,0.0005715685889786712,0.0,0.0002475942881662082,0.0,-4.67926290008193e-05,0.0,-0.007630479326071549,0.0,0.005195468282573397,0.0,-0.005489472587747711,0.0,0.006437040734600783,0.0,-0.06469153678104461,0.0,-0.006155655357069266,0.0
368,0.05762710112071108,-0.007147090362745221,-9.16835734188824e-06,0.033135216513590936,0.029056856467204527,0.004785382090471571,0.033371785182795606,0.08266807682951494,0.02354523148289813,0.004667072320766275,0.13354952984147486,-3.163613967715506e-05,0.0,-0.006034491742012035,0.0,0.0005950286866823676,0.0,0.00430917257051758,0.0,0.007821073920901254,0.0,0.0022476567149358026,0.0,-0.004757576239466468,0.0,-0.021312780712413833,0.0,0.0071646981440023965,0.0
369,0.05601496078809095,-0.00807070350438964,-1.0886828535480594e-05,0.03402693838130631,0.02952885079204025,0.004737598560196484,0.032437189633633165,0.07938461294907262,0.0235159893146543,0.00478145506033842,0.13297541445444583,1.5489939599765276e-05,0.0,-0.005886249859796713,0.0,-0.002317248091719438,0.0,0.005494679788057379,0.0,0.007302747600600117,0.0,0.0066667187078374235,0.0,-0.00458480350780687,0.0,-0.019795058997054124,0.0,0.0067963066869150155,0.0
370,0.06435654490424624,-0.007039243425525993,-1.0886828535480594e-05,0.03170453681793744,0.027349420212733642,0.004899798149875273,0.03278611291488003,0.07779590514798841,0.026325954251943035,0.005460415133794488,0.12516857049996696,7.131476359945883e-05,0.0,-0.004843879487401003,0.0,-0.002109018794848741,0.0,0.005445767692727608,0.0,0.007698331272205289,0.0,0.006038962746307316,0.0,-0.004901546972716293,0.0,-0.018847031740444987,0.0,0.006782542841415337,0.0
371,0.06667247474734282,-0.006930951530954312,-9.671186972466794e-06,0.031912370988043635,0.027741654180759363,0.0031808766944766815,0.03278838581783774,0.07741978330529142,0.026367300282460638,0.007024868632250914,0.12569820513773788,8.180407545113475e-05,0.0,-0.004468260535748791,0.0,-0.0018573398422288394,0.0,0.005563369279890281,0.0,0.007785221871687636,0.0,0.006100137093280186,0.0,-0.005009770652692341,0.0,-0.01865762387632368,0.0,0.006085440316544886,0.0
372,0.06895176623839808,-0.006824531745269078,-9.375524155975302e-06,0.0315381630688115,0.027033247134920835,0.0033376018232021782,0.032463104138109086,0.07527573222396167,0.026481492363090203,0.007380426707694402,0.12555346636876338,6.95904659350745e-05,0.0,-0.004762529791643289,0.0,-0.001473800475678934,0.0,0.005459891905902005,0.0,0.007653503106042016,0.0,0.006066402454017277,0.0,-0.005073973048061075,0.0,-0.018793058306814017,0.0,0.006042587458246895,0.0
373,0.06661515315857622,-0.006764331956297316,-0.00012096783313943096,0.03114652506789905,0.027077640623512977,0.0027779917890782234,0.031190744973116497,0.07548477060913555,0.02655938607570364,0.008691625667018086,0.1252292166573859,4.290045974035801e-05,0.0,-0.004812160569154869,0.0,-0.0014470732326728433,0.0,0.0054572121757175,0.0,0.0076153752521986575,0.0,0.005947289157519598,0.0,-0.005084674949046011,0.0,-0.01858277628397029,0.0,0.005990155025164106,0.0
374,0.26744017077129717,0.04516529024488725,4.2969385208724817e-05,0.006647702670028686,0.004963514412360281,0.0327197443905235,0.01778756827431719,0.03795687317788817,-0.013568089830406355,0.008503945547446252,0.045051068532070776,0.014296365749650082,0.0,-0.0011902962125452982,0.0,2.5979071186006766e-05,0.0,0.009985066406370544,0.0,0.006296867580163581,0.0,-0.001240041532291179,0.0,-0.0011809706294244832,0.0,0.004756099958555432,0.0,-0.0030118216255294885,0.0
375,0.25868209211018556,0.04260968938107573,4.2824555896515996e-05,0.006596075977418351,0.006066080326661333,0.03269291566885975,0.01685403379126485,0.03972811472624264,-0.012355753000862437,0.00034465962716254936,0.03266491283537439,0.015300619252780586,0.0,-0.0022314179386042046,0.0,-5.015284354638152e-05,0.0,0.010050092800488294,0.0,0.007096424886422607,0.0,-0.006025098865913501,0.0,-0.0009627902951900934,0.0,0.006097339986223429,0.0,-0.0030725671547234806,0.0
376,0.2466179713086951,0.03625498132570289,4.346676232602814e-05,0.006565656440648858,0.006247031186806218,0.03277379859026857,0.016372385301472614,0.03840696166810008,-0.013794214505213141,0.00530417501101408,0.01600229896130808,0.015655071810821174,0.0,-0.0022690706735370558,0.0,-0.00010539574252715255,0.0,0.010060410264802274,0.0,0.007278176896293897,0.0,-0.00981217342101592,0.0,-0.0010911913673890181,0.0,0.007049463371997817,0.0,-0.0032258908085492973,0.0
377,0.23430151451068296,0.034945315167677515,3.939005104474453e-05,0.004005289206764832,0.004341572290240173,0.03256953766296071,0.016087722100965363,0.03863290799594437,-0.00883204503912127,-0.012300176533222525,0.01623891692197741,0.014675008870495089,0.0,-0.001950283260877481,0.0,0.00015695519419433782,0.0,0.010153126207539961,0.0,0.006694161626715533,0.0,0.0035188123728484228,0.0,-0.0007009275782835118,0.0,0.007116086202020713,0.0,-0.0032560633111365696,0.0
378,0.22447965516484295,0.03773598745223964,4.3535256852808366e-05,0.004084311175941795,0.004743051245292374,0.031759563226754495,0.013819765598118264,0.033438952159628506,-0.006667683171359207,0.031410486297053286,0.028525660672779504,0.011325774470786995,0.0,-0.0023289025559226554,0.0,9.20528657915034e-05,0.0,0.009228156986954887,0.0,0.0073227846184573085,0.0,0.0027718048866537362,0.0,-0.0011047776230097184,0.0,0.007794120888699693,0.0,-0.0028875908139476512,0.0
379,0.23226963481492077,0.04142733035029631,-0.0009439984201247448,0.004031800504483224,0.004361503932975267,0.030928490533472786,0.01549983801491618,0.032040176176094344,-0.005174412656111504,0.031787080986367296,0.04336493685122979,0.010411956977784813,0.0,-0.0023981639565867144,0.0,0.00010658979251261037,0.0,0.00926104691806623,0.0,0.006454846012895421,0.0,0.00783174812744872,0.0,-0.0008183543341563997,0.0,0.005946835613808811,0.0,-0.002837971621130438,0.0
380,0.28324381404444715,-0.0019136730567092819,0.0002548886046138396,0.014933051204886062,0.012896047902903158,-0.003549185214432036,0.022583951482816257,0.07631842151397382,0.010234028268499295,0.005519013982441322,0.06466774899047308,-0.00042350321752960396,0.0,0.001889999754651204,0.0,-0.00017291206653384804,0.0,0.009048547913471426,0.0,-0.007326825445759873,0.0,0.004783305770384461,0.0,-0.008021834083703437,0.0,-0.01174874090258678,0.0,0.014943270291423118,0.0
381,0.27495854970517286,-0.003606163359316715,0.00025405424948248624,0.015479560434842582,0.012432692043907774,-0.0027636469609256796,0.022254370758985773,0.0858246023440035,0.01137927186296417,0.010276709082827077,0.06405702328759737,-0.0014580696627261966,0.0,0.0018481925050983776,0.0,-0.00017641043372844406,0.0,0.010118690908309674,0.0,-0.006653554344056976,0.0,0.005012916429742655,0.0,-0.007843827544551131,0.0,-0.011166217472745371,0.0,0.014642081298817243,0.0
382,0.2726436966698462,-0.00020176633580464638,0.00024559432509120864,0.015865119362289314,0.012139741727635604,-0.003209756027017862,0.021597716164770665,0.0843697146378608,0.01533129166635779,0.004726430690984827,0.06387502585460032,-0.0011591080010205032,0.0,0.0017350212725868854,0.0,-0.00021833424527481688,0.0,0.01108301014387698,0.0,-0.006462640463763069,0.0,0.0056008411890457275,0.0,-0.007844058825875692,0.0,-0.011185788505846733,0.0,0.01482050560069673,0.0
383,0.26470290895129023,0.0015398749255130927,0.00024559432509120864,0.016548982005925292,0.012893909291992346,-0.003239811980997834,0.01864146861742979,0.08347204733111507,0.01397828145776896,-0.005151677966217301,0.05685262107639328,-0.00020661577272143618,0.0,0.0016566906493706464,0.0,9.003889188918221e-05,0.0,0.011659309304998302,0.0,-0.006601469474586942,0.0,0.005517814247233234,0.0,-0.008766161438344452,0.0,-0.011069063307576326,0.0,0.015260446414243815,0.0
384,0.25752852310060925,0.0016766582526619087,0.00024559432509120864,0.015644667444918773,0.01206415414234854,-0.003492554259108666,0.018364088775879854,0.08461480150468424,0.026050317193740673,0.0025407535486123116,0.05716929674002825,-0.0009090272440151683,0.0,0.0017194573469649693,0.0,-0.00012992585789429345,0.0,0.011244537977910375,0.0,-0.006097661098207731,0.0,0.006395795925564946,0.0,-0.008450547795429338,0.0,-0.010669163870953463,0.0,0.014819671955686925,0.0
385,0.2571210338481522,0.001490418405691813,-0.004573482647499661,0.015387668706902533,0.012061814676396582,-0.0028661904352799165,0.01951679750804952,0.08340510393523899,0.02336238345589272,0.0057286935246317885,0.05898852413779851,-0.0006059937850966234,0.0,0.0017392243652076637,0.0,-0.0002633395133854371,0.0,0.010819173883380058,0.0,-0.004259457382894988,0.0,0.009377353867355732,0.0,-0.008103820477396797,0.0,-0.010504918868352182,0.0,0.01474558736962515,0.0
386,-0.3040827380770892,0.05437699055364244,4.46692389857819e-05,-0.004339850003431214,-0.004294045095095073,0.02200892367479603,0.014555096621183521,-0.008869875140227506,0.032920716981610636,0.008827178514263307,0.014740280543355511,-0.0034990829764101512,0.0,0.00021554811498039728,0.0,-1.8133127185134607e-05,0.0,0.019628832446169718,0.0,-0.0017481438612949474,0.0,-0.006599100983023731,0.0,0.003238651073537953,0.0,0.02050563486382962,0.0,0.03770669906416902,0.0
387,-0.31182405737860536,0.06377944341145805,4.721622139320086e-05,-0.003057198238887866,-0.001976310724364259,0.025267255393207348,0.011429446460848886,-0.007030910876773767,0.016302384095860625,0.01425637355736047,0.013452063578731237,-0.0029321688932497183,0.0,0.00019956311042878337,0.0,-2.230800002290005e-05,0.0,0.013645039072099675,0.0,-0.0034747253421810757,0.0,-0.0039012960791298314,0.0,0.002948721440355761,0.0,0.022019124145626182,0.0,0.04619059747261342,0.0
388,-0.30640250286449533,0.0685370983004899,5.272884910737649e-05,-0.0026241504351373623,-0.0014775996462283408,0.02621794941503256,0.011365517126897384,-0.0005840399311523429,0.013662610848739914,0.013608437752703352,0.010006374336621864,-0.0024041634033931075,0.0,0.00018537194794190397,0.0,-8.044398062866452e-06,0.0,0.014069535358870398,0.0,-0.00334021970855628,0.0,-0.0038026087219668885,0.0,0.0029848454691935446,0.0,0.02151989292056215,0.0,0.04605546976888308,0.0
389,-0.304921356631773,0.07056743360654566,-0.0007819838040496469,-0.0026724982594271184,-0.0015505891260523025,0.025862151902224444,0.013137293475302795,0.00011123856363185754,0.01366777382716868,0.01408741015876253,0.005326106185058554,-0.0028152138256236324,0.0,0.00016085380883358122,0.0,7.453812150259211e-05,0.0,0.014419057675753844,0.0,-0.0029656069677724438,0.0,-0.0036389313428177588,0.0,0.003069610037830527,0.0,0.02357026023086282,0.0,0.04515209181541349,0.0
390,-0.1397667234589369,0.0025895486765697864,2.6145538019789898e-05,0.03801896679904568,0.029833008300220502,0.001649696036005887,0.05435962331331077,0.11129952400348202,0.022561332844814017,0.005829562475086554,0.03166023470722997,-0.003939082005421389,0.0,-0.0003062697657358136,0.0,-0.0011439357586081169,0.0,0.025529376330267545,0.0,0.006990174229171579,0.0,-0.0053743048229068415,0.0,-0.006734078390259297,0.0,-0.0056949152049588555,0.0,0.008690994978584632,0.0
391,-0.18511588032394052,0.0054462190103953334,2.4442294538195195e-05,0.03886654974529044,0.03194221450387427,0.0017624900792251603,0.05130341055503096,0.12031431081343881,0.020312315731167093,0.004079763637810941,0.033377665535711525,-0.004414859113621498,0.0,-0.00023333559673643388,0.0,-0.0008518536932562704,0.0,-0.00420079138775744,0.0,0.00515994501129274,0.0,-0.005594917658813555,0.0,-0.004677373786241422,0.0,-0.005463199016251476,0.0,0.014757646152729035,0.0
392,-0.18216314418040622,0.006350042491736933,2.29114345771151e-05,0.03929528329078807,0.03258831452286903,0.00258603379309499,0.05167313218425216,0.12110753935252273,0.01771457898701544,0.004315419482456854,0.03349541544698574,-0.004220012341137204,0.0,-0.00023310891826568676,0.0,-0.0008304900584154312,0.0,-0.004068208433038758,0.0,0.0050701945901382205,0.0,-0.005141594770170451,0.0,-0.005079151623446648,0.0,-0.005348785447603548,0.0,0.015253233853243805,0.0
393,-0.1635570420037845,0.007340146030319058,2.565177144974377e-05,0.03972822137851206,0.032302049337460274,0.0023229365259262932,0.051131084293904984,0.13080572623343567,0.012884040818712101,0.004636738520177726,0.03417337003376035,-0.003847292503365935,0.0,-0.00018703591517304485,0.0,-0.000814704508108586,0.0,-0.004105112402833116,0.0,0.004891033771485764,0.0,-0.003203843506290053,0.0,-0.004542997243250899,0.0,-0.005112157970810715,0.0,0.01548099681222484,0.0
394,-0.1643715719542603,0.00731629262421972,2.565177144974377e-05,0.039745464596180106,0.032485439752601875,0.002000523469611114,0.0510449599652478,0.13070377157715304,0.013019419446300102,0.005833314219770564,0.03390589134392688,-0.0038528937721493983,0.0,-0.00018601578276961333,0.0,-0.0008167844668771465,0.0,-0.004136650920864648,0.0,0.004880106587249086,0.0,-0.003194959060548341,0.0,-0.004570921047912745,0.0,-0.00501471357974114,0.0,0.015535484705165432,0.0
395,-0.16337483339603642,0.006607137154008348,-0.0007883940732054156,0.04044926459800724,0.03258521345174068,0.002035299995978444,0.0506304389864543,0.13105668504725687,0.017634531455083747,0.0012031247932806324,0.03497918862721023,-0.0038711357116291384,0.0,-0.00018101168895741658,0.0,-0.0007982827518236851,0.0,-0.004068142177498721,0.0,0.0052152476668644145,0.0,-0.00302476446780086,0.0,-0.00457672830315305,0.0,-0.005231980671562004,0.0,0.01610808740485854,0.0
396,-0.19202894987511276,-0.013909459424411118,2.032974551516111e-05,-0.0023092272436726295,-0.001239748452775583,0.015088375543395366,0.047979705055147696,0.05606965660805563,0.02795375761560788,0.09343818219865911,0.01598131418493412,0.0019322449852202446,0.0,0.0043564885648582855,0.0,-0.00042643240422169325,0.0,0.01593895665855507,0.0,0.007400599616281714,0.0,-0.015465823922700633,0.0,-0.0012601666128805246,0.0,0.02006790650861992,0.0,0.0036500061649422638,0.0
397,-0.18193077518568493,-0.014707574522411133,2.0313903955332842e-05,-0.002853946450020812,-0.0012631588422520091,0.01649382486682234,0.04881796315708547,0.05806335884896424,0.026695795479321213,0.09512985478921507,9.234659630222579e-05,0.0017732685357069458,0.0,0.005017845946929023,0.0,-0.0004336789106956249,0.0,0.015721572861244346,0.0,0.007403109767469973,0.0,-0.015682723650169723,0.0,-0.0015051026375167938,0.0,0.021605744613617257,0.0,0.0025425398808119775,0.0
398,-0.1767532786819734,-0.014744698685441109,2.0902688125871037e-05,-0.0028247472115288884,-0.001262598378135438,0.016805335897189678,0.0489136904079773,0.05853127400858827,0.025502527191323617,0.09604723274801237,-0.006654783055523534,0.0017452139232852473,0.0,0.004780786930240977,0.0,-0.00040576206384642207,0.0,0.01566456583651464,0.0,0.007384341996717693,0.0,-0.015797579799684408,0.0,-0.0017074642098421444,0.0,0.023356942911357696,0.0,0.002398676595336167,0.0
399,-0.1571599323038387,-0.01823169677254237,1.9516843294083016e-05,-0.002472630619591613,-0.00038747044834626496,0.01677708681455613,0.04761129334447031,0.045285408504814086,0.027494339881913424,0.09182749331474106,-0.008499447795420603,0.001629766245592744,0.0,-0.00037378960121380554,0.0,-0.0005909380025868882,0.0,0.015840448087686938,0.0,-0.0062602835570247164,0.0,-0.015442880374172012,0.0,-0.001867472509455735,0.0,0.023185704715935365,0.0,0.00024469862663849685,0.0
400,-0.15606814592620935,-0.01801787485699726,1.9065892408559103e-05,-0.002446636202275194,-0.0005695577306382908,0.015773424536704512,0.04795382554260982,0.044880844416889776,0.028501939787406998,0.0918327852768228,-0.006715758129103421,0.0016293148403100969,0.0,-0.0003739713485959295,0.0,-0.0005881497101681141,0.0,0.015681185547960004,0.0,-0.00613753387683884,0.0,-0.015368695831478603,0.0,-0.0019266474715404743,0.0,0.023879197668136204,0.0,4.630666803358492e-05,0.0
401,-0.15766559386016846,-0.0186337257753104,-0.000411240823089305,-0.0025634288168188434,-0.0006494336181173823,0.015186465665693817,0.048095409009362766,0.04909602039407723,0.027701979907929063,0.08777766407400216,-0.011787848533762123,0.0016457380704947295,0.0,-0.00037358138058983905,0.0,-0.0005393338574874685,0.0,0.015544273840989092,0.0,-0.0060719673776092045,0.0,-0.015628072437373824,0.0,-0.0020263295437379938,0.0,0.02330885486463214,0.0,-8.804480363885301e-05,0.0
402,0.15752840174281707,0.02986244351093824,1.8144341842270237e-05,0.005028509371211272,0.005848065878223144,0.0002749412123934205,0.019301712482130258,0.07760245889359738,0.045584805211161594,0.0018205557732673867,0.05632434365822908,0.0016742590335509348,0.0,0.0004858954352076851,0.0,0.0008565158904100096,0.0,0.002210776716937079,0.0,0.006956109453952531,0.0,0.007201152041120747,0.0,-0.003933728551137297,0.0,0.09153521700741507,0.0,0.014417315381666447,0.0
403,0.15884364456652927,0.02858401576243869,2.3796457079494226e-05,0.004490467598799603,0.005624901729582927,0.0002862295979930344,0.019103007352853207,0.07608023175778582,0.045569845906956924,0.007211317953333643,0.0562779819044104,0.0014585546847319221,0.0,0.0004734922367149033,0.0,0.0008918300147082812,0.0,0.001932925864496372,0.0,0.006938080531855598,0.0,0.006967748018091261,0.0,-0.004337015475164069,0.0,0.0921468986084491,0.0,0.015385644111274183,0.0
404,0.14739502330570609,0.026902247466957387,2.537137199731432e-05,0.005416081962479495,0.006389153169401265,0.0011913184514662112,0.01694483748311506,0.06894533846034918,0.043479402890733085,0.04552932196575505,0.0643363263152356,0.0013346928356418855,0.0,0.00046516163325738795,0.0,0.000993043501972117,0.0,0.0031407897196645443,0.0,0.007828344200500529,0.0,0.0066637579324605005,0.0,-0.0037536303304783096,0.0,0.07359797439738332,0.0,0.01384045184529738,0.0
405,0.13629774514425566,0.02644551396116989,2.820475763101554e-05,0.005525509981825454,0.0070387536963786995,0.0023875766491987874,0.01690611859039879,0.06569376376872178,0.04455920678142869,0.05125126101020991,0.06338248018655622,0.0009995485439385579,0.0,0.00042538434230207823,0.0,0.0010769836180669482,0.0,0.003277829679033809,0.0,0.007835872724625974,0.0,0.006596613971475122,0.0,-0.003774370367959842,0.0,0.0736505439119872,0.0,0.013230489999014697,0.0
406,0.13266883073428365,0.025750415713598842,2.819227518464621e-05,0.005712379238867292,0.006573324054969943,0.002637771405920914,0.017565534913360215,0.06759752580585983,0.04435342239128713,0.052861516670610974,0.06225716969429601,0.0007112816641468953,0.0,0.00042549549932697735,0.0,0.0009623748498297154,0.0,0.0030212914013270286,0.0,0.008006831462804112,0.0,0.006236465042168698,0.0,-0.004030400399295024,0.0,0.07205293811014295,0.0,0.012968397490920535,0.0
407,0.13023392773909637,0.024851422418494244,-0.0006944304010498301,0.0045581834783059265,0.0048914574405564005,0.0024961493746148335,0.01777200662742535,0.06754088884140147,0.043835009364320734,0.05393956870626021,0.0540268783371262,6.730078078508174e-05,0.0,0.0004926574808909591,0.0,0.0008029237275132987,0.0,0.0030849485207033,0.0,0.007702576068330694,0.0,0.006187843338668872,0.0,-0.0038503584167888824,0.0,0.07788199495141902,0.0,0.01247269554757743,0.0
408,-0.3009819255590444,0.00350511091076286,1.6399272433044314e-05,-0.005061344097918781,-0.0037088194090810576,0.016734378329102382,0.03974576651918923,0.09345968038331963,0.02298035996482606,0.0002707863146232283,0.029160193030385542,-0.0038130653287162665,0.0,0.008440047813872175,0.0,-0.0007980038869190056,0.0,-0.02204372311970073,0.0,0.004671485375308243,0.0,-0.0008557350173094395,0.0,0.0006703837855974425,0.0,0.018835424213314016,0.0,-0.00143487413662592,0.0
409,-0.3012044106316311,0.0025106098210178115,1.6399272433044314e-05,-0.004402263786605084,-0.0035670897332739943,0.016243363179010168,0.03868897761127399,0.09847160800929215,0.024196903297387537,0.0003316127043873166,0.02961136221647588,-0.0037251615975892193,0.0,0.007600079512123916,0.0,-0.0007376736988169909,0.0,-0.02206333458603682,0.0,0.004889264468574661,0.0,-0.0006455423488728767,0.0,0.0010144258168719293,0.0,0.019746381480413126,0.0,-0.0015901444857064875,0.0
410,-0.30987844857376484,0.003498006615579649,1.7325769751789193e-05,-0.004125722960165693,-0.0033609345400711947,0.016334835382582538,0.039341656122198074,0.1012066962582136,0.02620618153937854,0.0034837177657638125,0.02960001679578566,-0.0035523612272938166,0.0,0.007536904850491951,0.0,-0.0008040953803516421,0.0,-0.021655443368682855,0.0,0.00480935547333007,0.0,-5.5226440767058176e-05,0.0,0.0011316395293880608,0.0,0.020624448310521994,0.0,-0.001617480703172808,0.0
411,-0.31002638686349904,0.0032012915989576697,1.711586699802974e-05,-0.003995130189821043,-0.0032790925701154465,0.016332471160508656,0.03907678299318221,0.10172803224129119,0.0269516482073541,0.001674697979176425,0.030142116833226065,-0.003545707232003314,0.0,0.007405036665985827,0.0,-0.0008030203676001606,0.0,-0.021568129986872877,0.0,0.00495057164817904,0.0,-1.8907697254605517e-05,0.0,0.0010815174774708922,0.0,0.021026352595410885,0.0,-0.0016101891418597786,0.0
412,-0.31224546178637724,0.0022992210396301786,1.7119458317134824e-05,-0.0038406455588654523,-0.002952961913032548,0.015959169742430165,0.04002436722958249,0.09903902474307327,0.02389195813998166,-0.001959289010556203,0.030392730251555707,-0.003529172164739676,0.0,0.0074056642835309385,0.0,-0.0010081011454813632,0.0,-0.021783354160758883,0.0,0.004671656254211655,0.0,-0.0005932736174025906,0.0,0.001111778183604255,0.0,0.021227231735883822,0.0,-0.0016908410451555553,0.0
413,-0.3128635194094309,0.0016801390933303517,-0.0005044818240245958,-0.004405407219787589,-0.0026334499376494697,0.01636886516163437,0.04116227469522284,0.1012213488980635,0.02233936558155297,0.002211503886480179,0.029399796927964444,-0.002740241955349791,0.0,0.007394358483558301,0.0,-0.0012229744830091146,0.0,-0.02306000265213523,0.0,0.004575789907285983,0.0,-0.00034847905752728134,0.0,0.0015437038465922189,0.0,0.0208535614021511,0.0,-0.0022981942201662033,0.0
414,-0.12062949662053099,0.004369435721218546,2.746830667517518e-05,-0.000186153356954127,0.0024950210985325984,0.0034205352431522693,0.028526724313985095,0.07840580429246218,0.03731836976648113,0.08769288744796451,0.018218682415382433,-0.006872781589794838,0.0,3.064400373005149e-05,0.0,0.0001264315855177025,0.0,-0.010368056894794569,0.0,0.006098985344910716,0.0,-0.013392193604224046,0.0,0.0020461311245462376,0.0,0.026146366009155726,0.0,-0.0031901092276263713,0.0
415,-0.12009203807329984,0.0034630286336112402,2.746830667517518e-05,-0.000347909658810742,0.0031202498410628087,0.003606174892480134,0.0337063879950188,0.08074662454412716,0.03280041064316143,0.08812809454249766,0.019889945011048286,-0.006891976471103814,0.0,8.748652441536195e-05,0.0,-0.00021869349896919469,0.0,-0.011468488754733244,0.0,0.00597971053267777,0.0,-0.014641651926905834,0.0,0.002098817006311163,0.0,0.024583421103893676,0.0,-0.003173797580706651,0.0
416,-0.11795261186758745,0.004181629814976872,2.7482335906861217e-05,-0.0007218073183487797,0.0024828096004767095,0.0026886473273646334,0.028558868335623145,0.07825731023287255,0.036834699975814914,0.08739878150198993,0.01981507201234784,-0.00686012460109198,0.0,3.064400373005149e-05,0.0,0.00012650376685870688,0.0,-0.010339984653697456,0.0,0.006095105499703037,0.0,-0.013501389439871081,0.0,0.0019717829483946077,0.0,0.025467870456769882,0.0,-0.0031580263197816118,0.0
417,0.13822790916418717,0.031677626089126304,-0.0007258753001741493,0.005914180541923029,0.007132620674297206,0.0029224020368738687,0.015692173897090007,0.07421768404531535,0.048085170668781305,0.05908137577867572,0.03604361265155524,-0.002195203889194786,0.0,0.000548287331972085,0.0,0.000486097927296787,0.0,0.0014120006085062134,0.0,0.0075172312679467985,0.0,0.0031834154819692763,0.0,0.007104357288408334,0.0,0.06925395935374513,0.0,-0.0017596546232978196,0.0
418,0.3434314756132016,-0.0029655594303895478,0.000281719491358835,0.01116339869569988,0.013425555963151942,0.002566602371686258,-0.007398333989402774,0.01794669607359574,0.005742737086455614,0.004511348554012763,-0.011057184746988422,0.033060425784619436,0.0,0.000817413850967784,0.0,0.002653081057207697,0.0,-0.006986248410445104,0.0,0.013290046057205443,0.0,0.044295566265642704,0.0,-0.0034188678993498115,0.0,-0.02660038811094322,0.0,-0.004765616637987969,0.0
419,0.20717434416315458,-0.028546617101886308,-2.207755318007628e-05,-0.0026160350792164017,-0.0022692414130472236,-0.01910551062191509,-0.04031118176147924,-0.007137573655244894,-0.11990577846422347,-0.009767025260763534,-0.038394692588427426,0.022946362680410986,0.0,0.0005455498719099529,0.0,-0.0032565285020712087,0.0,-0.02903329564767621,0.0,0.007597967859479403,0.0,0.011799930680845004,0.0,-0.011231469560319458,0.0,-0.03833282050755856,0.0,-0.007053191577345516,0.0
420,0.17748002757692527,-0.03358728385992383,1.3174245111285138e-05,-0.005634529798992743,-0.0066711027531568086,-0.02174282542723104,-0.04101207348556647,-0.026671596647053444,-0.17643865116975951,-0.016872878736733442,-0.0430910032447353,0.02130640292224451,0.0,0.0005131132719446491,0.0,-0.00024241266114838805,0.0,-0.020976836848607763,0.0,0.005197411973168365,0.0,0.0008295654098584486,0.0,-0.01179548444135471,0.0,-0.042306171788686404,0.0,-0.0072738941229565845,0.0
421,0.18920520101997945,-0.032511458082758175,-7.975737426782313e-05,-0.002589923287485756,-0.0025899247007603833,-0.0008427012810868568,-0.034441945857273885,-0.03686879790776473,-0.16867144524456254,-0.0160641115912868,-0.04089894111020866,0.023371913587572946,0.0,0.0005464096943048123,0.0,0.0002832388876795385,0.0,-0.01707035249783772,0.0,0.005872499231682794,0.0,0.01478361134356435,0.0,-0.010524725257084635,0.0,-0.04137911972688044,0.0,-0.006918352541798062,0.0
422,0.32438502588351875,-0.0008541984608380859,0.00016513505722936056,0.02319715461178687,0.02166443789169493,0.024183018647704835,-0.009311340515012293,-0.005441095759004726,-0.031108412426100043,0.0029228199686509694,-0.014880562166314866,0.03701960243991567,0.0,0.0007590650972965247,0.0,0.0027133975607307255,0.0,-0.006018946186147044,0.0,0.01227181980112949,0.0,0.05149474268801014,0.0,-0.0027272927669096487,0.0,-0.027645306826222148,0.0,-0.005233675649024091,0.0
423,0.3301612816189832,-0.001365117559350284,0.00019936072953595524,0.024335791931007038,0.02074493155526334,0.011376320542796626,-0.007989095137057789,-0.004945481844782378,-0.010026516992624444,0.004643142567070245,-0.010658380601858843,0.03691883963758609,0.0,0.0008290491803990825,0.0,0.002299026400512277,0.0,-0.007233791702088843,0.0,0.012530233625953664,0.0,0.04670433748841273,0.0,-0.0020866057662641247,0.0,-0.025008217491942923,0.0,-0.0048580593341979355,0.0
424,0.22903062931087206,-0.027288114556401913,8.155275386503423e-05,0.0006304366083814806,0.0007053850110560219,-0.031163433222138666,-0.02531009795925486,-0.027520683912285484,-0.05089871917958786,-0.06866868619427359,-0.034046859531897906,0.029366098043573534,0.0,0.0005566972187373509,0.0,-5.106678915549961e-05,0.0,-0.014641467909547148,0.0,0.008314171302170981,0.0,0.020896664648171817,0.0,-0.008821574891727624,0.0,-0.03695195782569376,0.0,-0.00626089946901078,0.0
425,0.30101452716360466,0.0020413442991198895,0.0002997401247867159,0.022116350921861136,0.021991688796167436,-0.0005340466041033722,-0.006836224822049276,-0.00770680413055,0.015125179397756315,0.08192888742711975,0.0022459445030156232,0.03493901073541245,0.0,0.0007082627511193412,0.0,0.0017984929371309875,0.0,-0.004591656081116985,0.0,0.01496742303434859,0.0,0.051904867176393796,0.0,-0.0004107276894532588,0.0,-0.019723263263021793,0.0,-0.004103920984551416,0.0
426,0.30807027352286165,0.003911519868304627,0.0003053781205286612,0.022396591719116416,0.02516317285910809,0.0016804876164989103,-0.0017695576197142091,-0.008094482666734643,0.01679493914292297,0.08486095727502489,0.004125624609184094,0.03570143130543663,0.0,0.0006929012737985618,0.0,0.0014131885399084163,0.0,-0.0043677990373232195,0.0,0.015291063913676423,0.0,0.05476273949741345,0.0,-0.0004162640903117238,0.0,-0.018975207797725248,0.0,-0.004170540077104195,0.0
427,0.1966493620549243,-0.0316871442604294,0.00010788822747346184,-0.008944842122505549,-0.0038032346578380826,-0.02478898953947984,-0.037077024627322576,-0.03693564890401259,-0.022507752042988976,-0.034874634015093796,-0.030072742916355002,0.026216387282774277,0.0,0.0005958206191366054,0.0,-0.004968032103940862,0.0,-0.013029174453572757,0.0,0.009840401150514001,0.0,0.027227110711208976,0.0,-0.008911571840687808,0.0,-0.03427313430768587,0.0,-0.00633069786761601,0.0
428,0.3164502322347841,-0.005390063550767885,0.00029716982618388326,0.009927324995228274,0.01596879956460806,-0.005529290391969328,-0.014356433305125638,-0.018114043465974006,0.01244094253355053,-0.010327433521136594,-0.00023591436806902067,0.03525460873059627,0.0,0.0007488679510844777,0.0,0.005022818956681965,0.0,-0.0033742757357487357,0.0,0.01180320297970845,0.0,0.04323972445067819,0.0,-0.003631042478490804,0.0,-0.027239270276359463,0.0,-0.005668992613206752,0.0
429,0.23369756306985348,-0.022431395484573364,0.0001430466630659181,-0.012286362278472662,-0.009949840329346368,-0.01913133936200356,-0.04929574560765185,-0.03800390283200377,-0.01871810119807083,-0.08205202292246179,-0.027825610421377593,0.027679021998365482,0.0,0.0005314901217885487,0.0,0.001461092908840091,0.0,-0.012702809525182046,0.0,0.008311834017773684,0.0,0.02172945530949256,0.0,-0.008931718973655724,0.0,-0.03672487873956001,0.0,-0.006490248820264427,0.0
430,0.3485635801681443,0.011408694853694978,0.00025639265490368454,0.012333095928265404,0.014321439729837283,0.005236087219554881,-0.023201788561723512,-0.012243431754889353,0.015735187396550186,0.002375843136126894,0.014059812035210933,0.04094015617090279,0.0,0.0009500320045489535,0.0,0.0035336548783598868,0.0,-0.00524704888358026,0.0,0.013518029784534303,0.0,0.05031166201056861,0.0,-0.0019027290386072475,0.0,-0.021885295890641508,0.0,-0.0043938909899370795,0.0
431,0.37733049724561435,0.01503284144547892,0.00030198894139320113,0.021665283438589845,0.02192388679793056,0.007674170657419736,-0.01663591614638827,-0.008375867247106523,0.035498097219868845,0.00136727994250992,0.020864910537538216,0.04194270278656789,0.0,0.0010185210845447595,0.0,0.003783551740151806,0.0,-0.00224800903433159,0.0,0.015096476171934497,0.0,0.06825190375889484,0.0,0.000987582298186015,0.0,-0.019304152372767818,0.0,-0.004056601984673465,0.0
432,0.3847850602700795,0.015221842870124604,0.00030106642461362264,0.02244125531879265,0.02449358106415545,0.008643341884713369,-0.009461769576697207,-0.010334596276144184,0.03661050687929385,0.007951538568079302,0.021331687089860295,0.043058068895134936,0.0,0.001089863019217307,0.0,0.0038068185687396322,0.0,-0.0003019585917247155,0.0,0.015254188654082184,0.0,0.07247376638980192,0.0,0.0011437310322100589,0.0,-0.017759601609562716,0.0,-0.00395362838088653,0.0
433,0.38874890248829014,0.014998842608272634,0.00026153130342124236,0.021597172577887173,0.023461248881184338,0.00686988418024371,-0.00493576907309674,-0.0064422391346052104,0.03433642747437217,0.011861745268211687,0.02258248352047105,0.0441008033948425,0.0,0.001028634333868874,0.0,0.003289789671998459,0.0,-0.00043821654093530784,0.0,0.015402456974000153,0.0,0.07448483815606209,0.0,0.0014620499816012159,0.0,-0.017487659958759914,0.0,-0.0038467765888365465,0.0
434,0.401007476572879,0.014720515905932116,0.000247705330445351,0.02074188018687954,0.023686993374200143,0.006356235070457063,-0.004991867815759961,-0.007484615169673721,0.03168190327776969,0.011272614474963865,0.008138464897352348,0.045472952957380575,0.0,0.001028278704841082,0.0,0.003281138364362248,0.0,0.0003540297915816227,0.0,0.015435643486097654,0.0,0.07521053637059992,0.0,0.0018220930066347278,0.0,-0.0181647387078082,0.0,-0.004073931723951849,0.0
435,0.4049623544522715,0.014473520140597544,0.0001827356232539791,0.019812043369784718,0.024248180076719906,0.006232526198191354,-0.004952651578797886,-0.011041590749842841,0.027978686434084122,0.013981979424626112,0.005674116534402552,0.04626856896897765,0.0,0.0010369117238632417,0.0,0.0035208160054329076,0.0,-0.0007077441125706562,0.0,0.01545841095016785,0.0,0.0751918653376353,0.0,0.0024578370740648264,0.0,-0.01831274924223509,0.0,-0.004078212973430466,0.0
436,0.40831475764088004,0.014383510615622692,0.0004572505207051388,0.021489868853074256,0.027128642230654493,0.005813705305503411,-0.007446254545572316,-0.010312045388795302,0.02493190223166392,0.013663788955790295,-0.0030793490872373583,0.04749934010533144,0.0,0.0010001312668340679,0.0,0.0034060838273855514,0.0,-0.0010155952246524264,0.0,0.015436445680951635,0.0,0.07624367745448342,0.0,0.0019865382858689057,0.0,-0.017862857327579525,0.0,-0.0041262106743669685,0.0
437,0.4072331941540438,0.013463496358215745,0.0004563943993910023,0.02069984591068175,0.022726623433309757,0.005820469879744766,-0.00942166042419199,-0.006458140995037474,0.02139337908312113,0.014940222376939618,-0.005343889030255894,0.04878911833120004,0.0,0.0008888959595985014,0.0,0.0036846079974034154,0.0,-0.0024389375540934274,0.0,0.015473753995895801,0.0,0.07522551480033288,0.0,0.0020990418662007017,0.0,-0.018338731949345106,0.0,-0.004165550193231563,0.0
438,0.40497626886103333,0.01241856878438216,0.00046115062014999946,0.01786754474263762,0.018192753624149596,0.005493911278491473,-0.019033936792390835,-0.005683033373629729,0.022007876028531284,0.007949774415528597,-0.010724601692997174,0.048311175138886955,0.0,0.0007491804269374446,0.0,0.002922446701427786,0.0,-0.0052995784987556185,0.0,0.015270711791364033,0.0,0.07144292609817984,0.0,0.0013111228604598965,0.0,-0.019746201643445854,0.0,-0.003547435579517655,0.0
439,0.4039366008684494,0.012049480558440283,0.0004611867080410108,0.018039611308892336,0.01752812240611083,0.0048410320148629974,-0.0105762546588163,-0.006281697775325621,0.02087631750773637,0.00755112879058867,-0.01151000634911791,0.051452914942639316,0.0,0.0007963237590636911,0.0,0.002786807876227107,0.0,-0.006265287256346875,0.0,0.015052300141176858,0.0,0.06922166405444967,0.0,0.0018002967613281367,0.0,-0.019593568377834596,0.0,-0.0034706447911552877,0.0
440,0.40087990440467003,0.00962012162390115,0.00046039828778209974,0.017476168499416155,0.01668674339198193,0.00445064789433279,-0.01039648309924934,-0.012321475391257008,0.01915925574389126,0.0072341019973041955,-0.014336955593466864,0.05018037081145652,0.0,0.000718863111840679,0.0,0.0024177067370239115,0.0,-0.007496513969336876,0.0,0.014782797548533927,0.0,0.06618172668980811,0.0,0.0014054316091075898,0.0,-0.020661887337508556,0.0,-0.003471663822052488,0.0
441,0.40990956658643846,0.008503618116243282,0.00044244872230742233,0.016462496900550017,0.013491331685921266,0.0032184259055450496,-0.016862367512408334,-0.010802063343565956,0.020610212285888267,0.00722092224820549,-0.018706663379767976,0.04828578603783641,0.0,0.0007193775144353484,0.0,0.002151957021439975,0.0,-0.007268223186051272,0.0,0.014055147012751611,0.0,0.057804452433162255,0.0,0.0005127128338989508,0.0,-0.021115113247019066,0.0,-0.003561857220225968,0.0
442,0.3952095121730613,0.008303490334088942,0.0002845208694713077,0.015343341144913555,0.01244293700971108,0.0021962826399346312,-0.03122054507660637,-0.010855411217521446,0.02429228781972049,0.007203004769619991,-0.021001741613835667,0.044996574135177436,0.0,0.0006295752544481593,0.0,0.0016620649863828528,0.0,-0.01044608836746322,0.0,0.013642556899679074,0.0,0.05088412546200508,0.0,-0.0002321396329658956,0.0,-0.02272378089920393,0.0,-0.003636833279506437,0.0
443,0.4034934699696883,0.006965384350455183,9.685325938055075e-05,0.015345168965019786,0.012346067471187418,0.0021299051560040435,-0.030806710752114063,-0.009437873745923026,0.021034404107297996,0.007481829782681412,-0.020799857494555013,0.04441388110020047,0.0,0.0006203662179793631,0.0,0.0018044249014661335,0.0,-0.009723270268994168,0.0,0.012733751688454262,0.0,0.05437379931575903,0.0,0.0006722535516853753,0.0,-0.02321699453748721,0.0,-0.003604573765776808,0.0
444,0.4085771080791964,0.0072019609261146315,-0.003542808864142104,0.014452759918979525,0.012841530056175951,0.002419674905880912,-0.030284633547076924,-0.01023516299909651,0.02278653871735823,0.007665144157846742,-0.020400676767796208,0.04463688187892776,0.0,0.0006174342129965982,0.0,0.002016725173480522,0.0,-0.010553579972129086,0.0,0.012352744916157309,0.0,0.05084756235040849,0.0,0.00031904019344294903,0.0,-0.022304566754414983,0.0,-0.003491397309902233,0.0
445,-0.10045793322366227,0.008931185613031757,2.8602037260455973e-05,0.11056255925171733,0.10373886697210473,0.012270441154750556,0.039445994712620475,0.11760579234253632,0.01980064032175553,0.0018703192492755519,0.0036152483016772263,-0.009462368904762783,0.0,-0.0003945728430469587,0.0,-0.0014908409878968208,0.0,-0.015390260323313736,0.0,0.004062283441244182,0.0,-0.014476511455713662,0.0,0.0006130876818521608,0.0,0.02461809040472152,0.0,-0.0030135346303426153,0.0
446,-0.1020978496283584,0.009517356360934882,2.837911765838224e-05,0.12346834268097681,0.1121163441252634,0.011968923763201977,0.037052945936422534,0.11536518667498098,0.02115658755130386,0.0015044147752201918,0.014013431975864755,-0.009444612255948915,0.0,-0.000348655260569845,0.0,-0.0015153618542154594,0.0,-0.01480814026085561,0.0,0.004070546102415209,0.0,-0.013640476153026732,0.0,0.0005899580195174173,0.0,0.023647328282431265,0.0,-0.003321923253514969,0.0
447,-0.10186545116625016,0.00971808262673499,2.860632169959304e-05,0.12933850181728557,0.1206152010213261,0.011819897264856698,0.036035458159735356,0.11476596633502872,0.01939994628894997,0.0013223855656062445,0.02063302853263118,-0.010275001197198215,0.0,-0.0003144672416955299,0.0,-0.0014998526907502524,0.0,-0.01404004414462752,0.0,0.0040881955012210475,0.0,-0.013455483168285987,0.0,0.0006514237494932594,0.0,0.021221492643838463,0.0,-0.003205204262626817,0.0
448,-0.10484001780616052,0.009226609333950326,-0.0008078418807158784,0.12968797177603686,0.12187047471110779,0.00922062126803122,0.03582250032383361,0.11633112855699498,0.01913614436675999,0.0023887909103843005,0.021689151396404455,-0.010121276472013906,0.0,-0.000304854749849168,0.0,-0.001487219434674003,0.0,-0.013604080786977505,0.0,0.004058996380276604,0.0,-0.013146118305314088,0.0,0.000525647864382075,0.0,0.02052463976056126,0.0,-0.0023071534887078677,0.0
449,-0.32394758233437765,-0.0019979838390188466,5.83968274400972e-05,0.0011828167564252362,0.0027610767612899463,-0.002693737266936636,0.005756567352602119,-0.01367149312822581,-0.019765743868369132,-0.011190251799532498,-0.0058242349550518095,-0.01062069483097936,0.0,0.0002505794307800453,0.0,0.0001497330989861597,0.0,-0.005078548567735568,0.0,0.003612530899921513,0.0,-0.004487654354383477,0.0,0.0005930284639217204,0.0,0.02523524813753103,0.0,-0.0033930621024837464,0.0
450,-0.3356052287588414,-0.0011532210268442131,5.82044300347056e-05,0.0011679813381860866,0.0021781664630649796,-0.002421939513023232,0.00301421774435209,-0.014863249728645566,-0.020786543899949526,-0.007010416211455849,0.009386219506950235,-0.011105315954656688,0.0,0.00039155965972724997,0.0,0.00015267407155052554,0.0,-0.004734366536369424,0.0,0.0031030924357393014,0.0,-0.004322010629498214,0.0,0.0005920064252301522,0.0,0.022397510770850768,0.0,-0.003510349904596554,0.0
451,-0.3347550632230106,-0.0009993683105491713,5.803408827685095e-05,0.0013216877426431362,0.0019871773273473846,-0.002356654906724944,0.002539551499936885,-0.014418249413962499,-0.021498843074918606,-0.008193583047395776,0.011656112271326643,-0.011086703645669514,0.0,0.0004340942182674864,0.0,0.00017213703548125758,0.0,-0.004740571000786763,0.0,0.0030090945260937882,0.0,-0.004649650161355455,0.0,0.0005990830479727247,0.0,0.021339415003176477,0.0,-0.0034887092943435634,0.0
452,-0.33435428087639857,-0.0024173941318890845,4.801851456072054e-05,0.0012086149233148838,0.0017749014613466492,-0.00024021318572323044,0.0023394140229988183,-0.014034478244257822,-0.02053893960779901,-0.00833463863758792,0.012773496152334593,-0.011220775445195175,0.0,0.0004265152518758309,0.0,0.00016481328690209175,0.0,-0.005610070903681612,0.0,0.00297439027194785,0.0,-0.00535098032750511,0.0,0.0005328291484578969,0.0,0.02067336778779956,0.0,-0.0038855987796960804,0.0
453,-0.33559254898745117,-0.002988804816254397,4.82544496101993e-05,0.0014128214102150107,0.0018813170885943666,-0.00048599389295888245,0.002375490039884023,-0.012374612812277074,-0.021900640453450755,-0.004997644348024962,0.013432300339108527,-0.011887776869287539,0.0,0.00040382128413054815,0.0,0.00016084638871640767,0.0,-0.005856222225729373,0.0,0.0030399987706621247,0.0,-0.005752662765608035,0.0,-0.0004353340946120224,0.0,0.020388055661587714,0.0,-0.0039416734850492696,0.0
454,-0.3419670249643684,-0.003949363315831736,4.15256492984445e-05,0.0014681498401866314,0.0019944740135591854,-0.00029999615261783825,0.002857319403709044,-0.010296870639821409,-0.020292123521434353,-0.003595934961322299,0.016482090032062833,-0.011870550709260373,0.0,0.0003921630373179807,0.0,0.0001390772984826545,0.0,-0.005789924074731425,0.0,0.0031521520205837175,0.0,-0.005953397740225597,0.0,-0.0007574813801673974,0.0,0.01906173929763371,0.0,-0.0038870324512472426,0.0
455,-0.3459634518716187,-0.004183090839164321,4.203450078018429e-05,0.001610026869691402,0.002322926361462925,-0.00016691048314638787,0.0030002771557362347,-0.00809733444211274,-0.02051183282941275,-0.004416269907290582,0.01984532257820451,-0.011506447648217682,0.0,0.00035667062446232236,0.0,0.00020996406052220897,0.0,-0.005583546287070659,0.0,0.0034058986625206747,0.0,-0.006098913210879567,0.0,-0.0008206410945541718,0.0,0.017399563033292924,0.0,-0.0039152545514009925,0.0
456,-0.3538662634341036,-0.0042382204520677,4.2347530656352735e-05,0.0015186546198607612,0.0022372796290148268,-0.0001621736933216018,0.003029606612370749,-0.006250848899559281,-0.015225566521594625,-0.005856909166628273,0.02112413477580146,-0.010800534194993522,0.0,0.00034340801889114664,0.0,0.000302330597441283,0.0,-0.005594561443037065,0.0,0.0034387476569927933,0.0,-0.0059301006084987624,0.0,-0.00061471501882048,0.0,0.017280123846507855,0.0,-0.0038477491731078346,0.0
457,-0.36204896444610146,-0.004461493520129051,4.278747864494905e-05,0.0010225501701710807,0.0017892986464283413,0.0004784355226841126,0.003013694116198913,-0.006208794903238851,-0.006173285613612395,-0.00838425352716496,0.021329376187777676,-0.009611290428475529,0.0,0.00032172127375655347,0.0,0.0002990753170984123,0.0,-0.005908730270007235,0.0,0.0034242269126395263,0.0,-0.0056494931740053884,0.0,0.0006056453197715951,0.0,0.020249220184062458,0.0,-0.003845029866707378,0.0
458,-0.3652080058548972,-0.004907834538090934,4.278345468335664e-05,0.0005039609653938184,0.00145417608419347,0.0007190259076075273,0.00257046890119642,-0.00729463108603043,0.0010610020655650967,-0.008739980587227506,0.02075041150736278,-0.009065930096762306,0.0,0.0003206670943893448,0.0,0.00026890066116972105,0.0,-0.006552599300804273,0.0,0.003439445189599646,0.0,-0.005613830137281636,0.0,0.0004676839773500875,0.0,0.02229135277967121,0.0,-0.003985235141972235,0.0
459,-0.365228797645722,-0.005591622677933326,4.297844840239364e-05,0.0006294863665669608,0.001345051744428302,-0.0015084429321938,0.002867495855999201,-0.008551976184184362,0.0036853687952381857,-0.008342192801000754,0.020637683870811163,-0.009245904982593874,0.0,0.00033222962568061004,0.0,0.00021301710644463227,0.0,-0.005979976342612607,0.0,0.0034397037000567228,0.0,-0.005314532446583999,0.0,0.000555296902284046,0.0,0.02223531849329451,0.0,-0.0036983530512658164,0.0
460,-0.36600725044199606,-0.005039761774364385,4.3317068843215605e-05,0.0006585424359127067,0.001479840586274698,-0.0027003783968892877,0.0030295967357241564,-0.00976889464003203,0.0006047311644948065,-0.008246798948523199,0.021919880997283113,-0.00929315693820134,0.0,0.0003361603016398319,0.0,0.0002525276129442331,0.0,-0.005527541796534048,0.0,0.0033394095518925276,0.0,-0.004862922670010433,0.0,0.000499483139541359,0.0,0.021887042138957147,0.0,-0.0034376989798270224,0.0
461,-0.36423281139444824,-0.0045365067495507245,4.314879840500593e-05,0.0007945755597408133,0.001645703457487944,-0.0028916625287177837,0.010444755553687603,-0.00980287148685883,-0.0025827394442165955,-0.007626417755346805,0.02233623028383063,-0.010826748385353035,0.0,0.0003239738354088119,0.0,0.00026741296887586747,0.0,-0.008054932640925827,0.0,0.0033554635986787623,0.0,-0.0053713378934191185,0.0,-0.0036485302762599785,0.0,0.020689835931073087,0.0,-0.0033975507502863353,0.0
462,-0.3580988166110136,-0.005314665724737654,4.3159451040579524e-05,0.0008359225443620606,0.001689313513483583,-0.00276399340768225,0.01057561019453897,-0.009218385084442655,0.0015377417383422517,-0.007341503100366929,0.021692487637014837,-0.010812735067018466,0.0,0.0003159534743843072,0.0,0.00025277520484278635,0.0,-0.007723493259913018,0.0,0.0034113800657401324,0.0,-0.005357277599778294,0.0,-0.0035918124919278732,0.0,0.020246193951713266,0.0,-0.0033817506528176465,0.0
463,-0.35995345375880844,-0.005031900965774342,4.297328598631144e-05,0.0008914409961701378,0.0016670010639764825,-0.0025609849722467875,0.011067034064072457,-0.006624947132292911,-0.009786887310272524,-0.006405243017537364,0.021418459073534967,-0.011278962164509496,0.0,0.0003168216294359611,0.0,0.0002851727080734981,0.0,-0.007285975094622384,0.0,0.0033957898059430065,0.0,-0.005390957526439423,0.0,-0.0038812642988146915,0.0,0.01944036394458009,0.0,-0.0033954896486504318,0.0
464,-0.35689607781929555,-0.005058663209152481,4.29946300619127e-05,0.0006134125767522646,0.0016996369918165248,-0.0025687816092864304,0.01182094026846218,-0.005456810895582762,-0.013003234794291677,-0.006356023060309914,0.02165925548486977,-0.011336266661709143,0.0,0.000319559183558527,0.0,0.0002876626205976784,0.0,-0.007188087534502092,0.0,0.0034296164721141636,0.0,-0.005483756560360802,0.0,-0.003931948695399537,0.0,0.017711353970205845,0.0,-0.003375790676744172,0.0
465,-0.358953222382218,-0.005073729163860642,4.29946300619127e-05,0.0006191607287086196,0.0010218389894310147,-0.002727432282737672,0.011783840178644221,0.0006329829138658406,-0.013964884396814748,-0.006426857503102297,0.021768930619023543,-0.011309562386927145,0.0,0.0003297020507430585,0.0,0.00032786557809989726,0.0,-0.006972911897944464,0.0,0.0034609092742423075,0.0,-0.005501519077208217,0.0,-0.0041674447768380845,0.0,0.01639740224339973,0.0,-0.0032405044241032603,0.0
466,-0.3577735636769555,-0.0044849969842243554,4.2912627016357284e-05,0.0006318065066551506,0.0016781486075526223,-0.0030696205517377942,0.01152209219199251,-0.0008865029084990701,-0.01507144238616449,-0.00692920970880683,0.021678227730926654,-0.01139163067695535,0.0,0.00032904667001814296,0.0,0.00030401868552714745,0.0,-0.006745876156970984,0.0,0.0034738724816108443,0.0,-0.005423477102226528,0.0,-0.00422145032660169,0.0,0.016529221757490244,0.0,-0.0032625860978432973,0.0
467,-0.3568211031105976,-0.004286345265360452,4.281065453328686e-05,0.0005995629169973653,0.0011735360977871445,-0.002642995947653554,0.012061786317373977,-0.0018112405992350064,-0.015218892174944425,-0.006972381909518647,0.02123928632968664,-0.011419534121175128,0.0,0.00032839201926556413,0.0,0.0003250115021123297,0.0,-0.006920609960560574,0.0,0.00341532124224181,0.0,-0.005446322219715517,0.0,-0.004182768709238455,0.0,0.016760080022953407,0.0,-0.003294602403148836,0.0
468,-0.3548535875544745,-0.00391634300700257,4.320479013288287e-05,0.0007381804100481025,0.0013768477290077529,-0.002609043987400813,0.013351041537741436,-0.005735669194666034,-0.01470742540334259,-0.0071997128124250374,0.021206499057980176,-0.011509193578871826,0.0,0.0003090060898057561,0.0,0.000287190854798898,0.0,-0.007150965685917428,0.0,0.0034557288678576676,0.0,-0.005499899210012194,0.0,-0.004043561023448786,0.0,0.016720145615495074,0.0,-0.0033334528135022918,0.0
469,-0.35038910970170994,-0.005017365878713033,4.308627665979302e-05,0.0008679717315531212,0.001454839140245651,-0.002658087746186097,0.013725115263690088,-0.009877768008731577,-0.014637642509173328,-0.00705251024948903,0.021115973752596925,-0.011671966645011909,0.0,0.00032982950813401253,0.0,0.00024992026311664093,0.0,-0.007373252954767687,0.0,0.0033959140947412937,0.0,-0.005720733240824628,0.0,-0.0039244710670817235,0.0,0.01745888428103172,0.0,-0.003389635628275352,0.0
470,-0.34916590824873084,-0.004830041030582333,4.31667425998681e-05,0.0008404738637299396,0.0015291580769756503,-0.0026365702599951916,0.013802052398593431,-0.01274235793275379,-0.014213562538441719,-0.007445965706399925,0.021220746807491666,-0.011800619069008235,0.0,0.00035083161097295215,0.0,0.00024899910061786535,0.0,-0.00791349329210516,0.0,0.003330503329104879,0.0,-0.0057937409811403134,0.0,-0.003968826422952679,0.0,0.019609729278686597,0.0,-0.00353558504485884,0.0
471,-0.3470830259529158,-0.004740696551569305,4.31667425998681e-05,0.0009056835812809813,0.0014428620995642148,-0.0028862132182640877,0.013986461535772913,-0.015122506951058034,-0.014388979028290885,-0.007508973727725934,0.02142664808646755,-0.011946612835467127,0.0,0.0003585148976016403,0.0,0.00023234980380516115,0.0,-0.008189493894970841,0.0,0.0032736516790705323,0.0,-0.005599672829427312,0.0,-0.003743889397184512,0.0,0.02002975252933886,0.0,-0.0035600358868232277,0.0
472,-0.3443962876959065,-0.005306047194062343,4.31667425998681e-05,0.001807159247917888,0.004009833070068173,-0.002756384430668527,0.014288886762483877,-0.014475499054963018,-0.015979156138101584,-0.007485718585429374,0.021321844348455014,-0.012020900026704336,0.0,0.00035454739257923787,0.0,0.00024738963357644607,0.0,-0.008192314431331013,0.0,0.0032960587681810593,0.0,-0.005533408968699446,0.0,-0.003995238299405484,0.0,0.018600397236633693,0.0,-0.0035436329974326717,0.0
473,-0.34264181774925095,-0.0047033680403301605,4.292813648527999e-05,0.01957154913369867,0.01765074046853154,-0.0030914123602206,0.018272510993276224,-0.02002787700953468,-0.018903905491710952,-0.0077055014569074355,0.023242963097508857,-0.011505403906090316,0.0,0.0003079683110782116,0.0,7.723054592447584e-05,0.0,-0.008121802398569224,0.0,0.0031910812598728786,0.0,-0.004484440321781936,0.0,-0.0027649616817774694,0.0,0.017655591588665486,0.0,-0.0033388989918717304,0.0
474,-0.3404760152855693,-0.004168522897241935,4.2893201649673316e-05,0.022541173049966744,0.01929165754111678,-0.003047981563415215,0.01877373861415746,-0.01710662019195879,-0.022784928406085984,-0.008327321129716285,0.02334956041378157,-0.011257082199675849,0.0,0.0002785968846891898,0.0,9.319603900525455e-05,0.0,-0.008338258389142492,0.0,0.0031335608749679888,0.0,-0.004267399791932329,0.0,-0.002879473358745307,0.0,0.016743863914574157,0.0,-0.0032786220301183125,0.0
475,-0.34097100953041987,-0.003941918877157623,-0.0008184317424884234,0.0229283439477297,0.019863229683665194,-0.0031168069560816828,0.018168395188686588,-0.011787032797486314,-0.0231636922410696,-0.008533631752632827,0.023294452631553605,-0.01144019152935085,0.0,0.00028413712500726204,0.0,5.9176665746625285e-05,0.0,-0.008091253370233475,0.0,0.0028997204006125433,0.0,-0.004030589202101803,0.0,-0.0030226764092207005,0.0,0.016269131932194248,0.0,-0.0031776331786600234,0.0
476,-0.11497354026974975,0.03720021457455716,4.1560632921871484e-05,0.038318671773648935,0.038782982063238026,0.002629117307401868,0.019077941662124794,0.09818998841543154,0.024899328905425733,-0.0017993592166710994,0.03186959750671185,-0.007859452208145358,0.0,0.0007802013516029632,0.0,-0.0004607242740841891,0.0,-0.009151730100847725,0.0,0.002745461608678624,0.0,-0.00725061457779805,0.0,0.0006741627301629058,0.0,0.02717835945740909,0.0,-0.00816899321502498,0.0
477,0.14548138692147675,0.05891776680354897,3.923648390580918e-05,0.019460072729450478,0.017083797848257493,0.003818580372339052,0.015841211148781953,0.09321567268508477,0.04115359353015593,0.0023067837813947737,0.05265153138628046,-0.003014150302901427,0.0,-0.0032873888620613195,0.0,0.0003782992878485478,0.0,0.0014425177854127484,0.0,0.006478668343683392,0.0,0.006687449057928683,0.0,0.006624755475150011,0.0,0.05674729893564139,0.0,-0.003666325391768488,0.0
478,0.17456879717596482,0.05988812594670787,3.762989160173484e-05,0.017251489987442532,0.01788960737754046,0.003530143008505664,0.015457180466972746,0.08709107212438583,0.045197725499081194,0.0023740305528860885,0.055665457971995985,-0.0025111889612906683,0.0,-0.0034021905949198437,0.0,0.0003803994903300448,0.0,0.0022307760426184967,0.0,0.006662036126062885,0.0,0.008415436671752374,0.0,0.007516913454583735,0.0,0.061326134314953,0.0,-0.0031774986170498734,0.0
479,0.17304518403990873,0.059808978442015506,3.7632721723872866e-05,0.01759712694052566,0.0161023387726987,0.0041976912002057954,0.015629585360561787,0.10126396436810729,0.04545967552012353,0.0031013771528990344,0.057844996710300925,-0.0017751494033732584,0.0,-0.0037107328775247803,0.0,0.0003866265219051796,0.0,0.0024072781294065954,0.0,0.007029697930900238,0.0,0.008471376000676866,0.0,0.007525373095533826,0.0,0.0626340713557638,0.0,-0.0027679223296394107,0.0
480,0.1787248113518894,0.0606982973747549,3.795097980040075e-05,0.016586147570845585,0.015349890910974535,0.0033902050470058904,0.015512835784943654,0.09627628138264809,0.052434560743854795,0.004015649914664837,0.0583158482265313,-0.0016228588579352407,0.0,-0.003921049364917715,0.0,0.0004860601685275532,0.0,0.002416072797745133,0.0,0.0072095671327294,0.0,0.008072622678630943,0.0,0.007056563303535236,0.0,0.06366696291928152,0.0,-0.0025872727841548975,0.0
481,0.17594359389520428,0.06085914025526515,-0.0008829029328401726,0.01651136286245212,0.015401829928093868,0.002678874352034499,0.015107853897938043,0.10131015722855898,0.051794584691562756,0.004787306487025958,0.05923109358444958,-0.0013834364043416084,0.0,-0.0038669572927464545,0.0,0.0004930753151007714,0.0,0.002170275861400193,0.0,0.007118132374166647,0.0,0.008875778158472191,0.0,0.006871646622675549,0.0,0.06357576872787578,0.0,-0.0022408938656684673,0.0
482,-0.32843105978265597,0.01933945020224984,2.5304033442990988e-05,-0.0008245883475166198,-0.0006255735491834691,0.01743351826908016,0.012666052451926296,0.006678424310394315,-0.01876772006271898,-0.0078388744765844,0.01172123325417281,-0.00974259409954353,0.0,0.00037979370901905556,0.0,0.00012780756359123078,0.0,-0.011653873076787459,0.0,0.0027589975449179727,0.0,-0.017646171587536504,0.0,-0.003222433379736219,0.0,0.014892153205488609,0.0,-0.0055981261937288005,0.0
483,-0.332797347891886,0.02005747154996703,2.5298740433451254e-05,-0.0011198469387487238,-0.0007998783003205417,0.019341776630798186,0.01267384819103594,0.006079650069735528,-0.016802812385362482,-0.006052072786485919,0.012769791733003277,-0.00950474814024104,0.0,0.0003807889587592932,0.0,0.00015255111469394405,0.0,-0.01146425165521623,0.0,0.0027655447918073606,0.0,-0.01746183614587489,0.0,-0.003230634320950646,0.0,0.014480953948531898,0.0,-0.005585390710062836,0.0
484,-0.3298795336795564,0.020872622971222544,2.5281302417451498e-05,-0.0008695937728608941,-0.0008859544012175596,0.01874340462043657,0.012905936816896032,0.0015623851376069394,-0.015401421995183283,-0.002684046209387617,0.012612766901370392,-0.009481842816149891,0.0,0.0003708046816649786,0.0,0.00015323193560962906,0.0,-0.011578395009565322,0.0,0.0022747680532535152,0.0,-0.017639328116874898,0.0,-0.0031764355383581636,0.0,0.013692933295039234,0.0,-0.005471591257422225,0.0
485,-0.3249024085640136,0.020518227562140914,-0.0004567079863593851,-0.00018546281552160018,-7.147084546939671e-05,0.018819433177599203,0.013502288038677163,-0.007604790984455556,-0.015009821545396918,-0.004460502239396445,0.013058574715691402,-0.008875300993440815,0.0,0.00036900804156565396,0.0,0.0001808358326184369,0.0,-0.01149345245872735,0.0,0.0023232834945372226,0.0,-0.017094863170192653,0.0,-0.002915387262391897,0.0,0.016024977718946613,0.0,-0.005580466797467937,0.0
486,0.14805145192368943,0.012725938082805234,1.4065346365375915e-05,-0.0007979085769662602,0.0005960878647768929,-0.0017904583406781005,0.033209926430135796,0.08625335597695301,0.010690486953665911,0.0071166431930745075,0.1299412257649567,-0.0010679461751678821,0.0,0.0010614889421787605,0.0,0.00028019284097798415,0.0,0.00748085927312417,0.0,-0.01302298222452084,0.0,0.012972186719215245,0.0,8.812603069390844e-05,0.0,-0.01992050820961783,0.0,0.011637362892986305,0.0
487,0.15106704829868642,0.016146297364794008,3.286166117119091e-05,-0.0008244937534977925,0.0005761902374952032,-0.0019382983181004511,0.0324841406644924,0.08688629482101208,0.010982905023836817,0.006226593118545514,0.1296467995727445,-0.0012597376326728654,0.0,0.0010835059930970276,0.0,0.00039954103430405255,0.0,0.007512560037322759,0.0,-0.013429551163579882,0.0,0.013357032209504894,0.0,0.00033135185648152884,0.0,-0.01880513533356104,0.0,0.01175509841254537,0.0
488,0.15435048114752523,0.019589001403504006,3.1747587136133e-05,-0.0002457245313415054,0.0007483284705211132,0.00015782109084329048,0.033117726859110165,0.08845158547861201,0.016664033680523122,0.0070046696925285135,0.1313810602535291,-0.0011727135438386787,0.0,0.0011012077661513814,0.0,0.0002788000693969641,0.0,0.007881790676725174,0.0,-0.0137940643875018,0.0,0.013412831519553988,0.0,0.0007033292882813177,0.0,-0.016525760083761838,0.0,0.011466216320368062,0.0
489,0.14987049896306753,0.020304981964124797,3.176285904081487e-05,-0.0006320103459013817,0.00016101341846712396,0.0017325517236029435,0.03326510897771341,0.097660314612096,0.024770134561148044,0.007369074104618815,0.13403039909240017,-0.0013212769402031097,0.0,0.0010211513888332307,0.0,0.00024626562749365764,0.0,0.00843356348812682,0.0,-0.01322704610569014,0.0,0.014235893056819557,0.0,0.0026640611448732806,0.0,-0.016697113065239102,0.0,0.010817268420392283,0.0
490,0.14673683257061132,0.021413853700048936,3.376454678043354e-05,-1.589198033886146e-05,0.00018958394683380868,0.0019668597010006473,0.03514485704523101,0.09492650761649415,0.03161123690400762,0.007369870229729115,0.13773539226978407,-0.0013557481551651005,0.0,0.0009565884965629681,0.0,0.00025666523611340053,0.0,0.008471262867986693,0.0,-0.012600936559243834,0.0,0.014050520018975568,0.0,0.00290224779667359,0.0,-0.016806718245081884,0.0,0.010698394800079008,0.0
491,0.14069817688090572,0.02070670405212941,-0.0007717944304002197,0.00019412542918450373,0.0014328055585239772,0.002060999875314272,0.04011685280478063,0.09196997107407942,0.03129520348264444,0.007554861592987414,0.1386052924601045,-0.0010702461126695568,0.0,0.0009605263362018637,0.0,0.00041045512471308865,0.0,0.008327427176058236,0.0,-0.011972768475499935,0.0,0.014051282494925214,0.0,0.0031811076835479794,0.0,-0.01697129120627844,0.0,0.010668314540505696,0.0
492,0.16028096534034886,-0.037907492882483976,0.0001183667714014778,-0.0047823437291086195,-0.003599485661817691,-0.054672477845613264,-0.007012629166454324,-0.052314691705451645,-0.00027688617235050285,-0.019991874404995797,-0.006880568247190456,-0.019518730222001124,0.0,-0.03151734603011273,0.0,-0.0005679196116950022,0.0,-0.010145593759723244,0.0,0.00274528866760197,0.0,-0.15834563143480754,0.0,-0.0036135690183843835,0.0,-0.04779088366830388,0.0,0.005429428585985061,0.0
493,0.16274672705746437,-0.03804010145471081,0.00012049875967845237,-0.004372825525834719,-0.0038778923271600963,-0.05493138307071601,-0.0074863178217089215,-0.05325845729844311,-0.0072834725453528445,-0.022113284698800542,-0.008025566273834748,-0.02059585399937245,0.0,-0.03140931988307049,0.0,-0.0006579457685113827,0.0,-0.010571610460624643,0.0,0.002776260312648828,0.0,-0.1582389368282621,0.0,-0.0053759826305558155,0.0,-0.0479154218364642,0.0,0.005842561539190334,0.0
494,0.19730932604819784,-0.027324004831833358,0.00012097775977019925,-0.00230289668622311,0.0005381897207889793,-0.028377024187720777,-0.003096631395268018,-0.04811854653821877,-0.00732389200647751,-0.019017740625285096,-0.004688515766400054,-0.01965298658306695,0.0,-0.024745582223409265,0.0,-0.00044556242723181664,0.0,-0.009254423784539749,0.0,0.0044570347558245795,0.0,-0.14341514117033116,0.0,-0.004924322468851236,0.0,-0.04185605005268561,0.0,0.006966246232010089,0.0
495,0.35667552409456543,0.010581596821108135,0.00012864482769615768,0.01308758881817604,0.014889748564436426,0.15611357121255273,0.01784535457100296,-0.007798191437009135,0.010322063452338643,0.00591204155612936,0.026024854282388966,-0.008587419069923092,0.0,-0.006633198335243233,0.0,0.0005065150723564734,0.0,0.0009133976495109201,0.0,0.010235917462241126,0.0,-0.049012784187937954,0.0,0.0038782413406111267,0.0,-0.016541027889969577,0.0,0.010019661496460518,0.0
496,0.3625597438752273,0.013872671803336055,0.00012879850581357227,0.014594256467995498,0.015200625783125945,0.15915812814496422,0.018895236793016888,-0.003909027075050933,0.00819051957786081,0.01402626749417657,0.027096543628589032,-0.00783191702387397,0.0,-0.005142156782847343,0.0,0.0004063399541649775,0.0,0.0011101438734232158,0.0,0.010756069131287314,0.0,-0.04577227272906331,0.0,0.004766512696681152,0.0,-0.015390001151063181,0.0,0.01052123254625671,0.0
497,0.35365005448073955,0.014043814768806298,0.00012877553000588396,0.012952748515626859,0.013233143692749706,0.15895666330118716,0.01601817857128506,-0.008468041465605026,-0.0007725252334940615,0.012021408220437561,0.023556821511253954,-0.008394838313390836,0.0,-0.005693966736941963,0.0,0.00035562165986506263,0.0,0.0008513752940729314,0.0,0.009869285660591193,0.0,-0.04990279659820063,0.0,0.004618170092924363,0.0,-0.016046801347996062,0.0,0.010873599301601812,0.0
498,0.19350132882818907,-0.021702209282351545,0.00012192332401416381,-0.0028145544879693138,-0.0038536759441114158,-0.026242307008255215,-0.0006960701858310722,-0.0460360213704126,-0.03818188813362175,-0.008026967263701326,-0.005258153686171435,-0.021250017472114278,0.0,-0.02219703288215672,0.0,-0.0008138224428207483,0.0,-0.0086697697000742,0.0,0.0034743702268987147,0.0,-0.13823712492495402,0.0,-0.0029461841703963287,0.0,-0.04103869166274378,0.0,0.007885344378997567,0.0
499,0.18108715522048163,-0.026711646367613636,0.0001195769660444495,-0.003107815421917549,-0.00615967604280052,-0.04968558433681032,-0.0019500528665241008,-0.042721311174342316,-0.04238635880553003,-0.011980753141565019,-0.007698289948111965,-0.021981742134899878,0.0,-0.024230981004738122,0.0,-0.0009321019562300242,0.0,-0.009953240571048893,0.0,0.0018844420558057154,0.0,-0.14490063812514584,0.0,-0.004273550818595005,0.0,-0.04352810390985297,0.0,0.006777918098753062,0.0
500,0.17425964008625883,-0.028086778004917757,0.0001195769660444495,-0.003860345218718899,-0.005870021895186462,-0.055266684102202854,-0.002770605672504103,-0.045753447859139894,-0.043019546687423096,-0.012390078030362777,-0.010468900553752476,-0.022122413470761625,0.0,-0.027236309204739715,0.0,-0.0011717103276539151,0.0,-0.010548286044255199,0.0,0.0012367998755609677,0.0,-0.14631242313704915,0.0,-0.005904637333309202,0.0,-0.045243641586227616,0.0,0.006757147401158199,0.0
501,0.16144110358146488,-0.01918016912196038,0.00011836837438456945,-0.007647858849621698,-0.009447452756119513,-0.05419344544934233,-0.0016553823707795125,-0.05029925863536815,-0.04264258802483247,-0.01322392302013311,-0.00767361680612511,-0.02248043375159413,0.0,-0.02902089320018879,0.0,-0.0013053303129743796,0.0,-0.01093392750471696,0.0,0.00040768616607148386,0.0,-0.1510199522497193,0.0,-0.006710025498416488,0.0,-0.04433240551979231,0.0,0.0060126119626617925,0.0
502,0.18778401535650116,-0.012453464505453593,0.00012491654701442172,-0.006901244044184917,-0.008592246596440721,-0.046547485325220635,0.005453452181359466,-0.04609504523365823,-0.0381087289766252,-0.010510918610296857,0.003810947615938058,-0.01956966079041007,0.0,-0.02727474002247116,0.0,-0.0008091887872162259,0.0,-0.007977860071814637,0.0,0.001038431817838674,0.0,-0.1394445751561507,0.0,-0.005271101992957249,0.0,-0.03984602970164567,0.0,0.005837637783064851,0.0
503,0.33727974902786556,0.053007647945138806,0.0001573239331344559,0.009722433080523066,0.01168194277833297,0.010646595359456872,0.025081060647992127,0.008271572135254226,-0.011352710304160105,0.01476171234318295,0.04623356666961809,-0.0091117111530193,0.0,-0.011017953551704656,0.0,0.0007739250156226888,0.0,0.0013581685050387342,0.0,0.008208629324970565,0.0,-0.06460185775206123,0.0,0.0030799121750334653,0.0,-0.016476616904357567,0.0,0.01005334189811626,0.0
504,0.3704476184790839,0.061488918143741966,0.00016734601442133285,0.012071374300263421,0.010946692285013701,0.016483294837736712,0.025729786808647095,0.03153531760958787,-0.010740457316466563,0.016259026236895863,0.056732021315664426,-0.005655074299004134,0.0,-0.0066166875604442565,0.0,0.0008776516946608751,0.0,0.0028356788999574214,0.0,0.00887669602605144,0.0,-0.04421973463577372,0.0,0.003979499771460228,0.0,-0.013151304235356567,0.0,0.010514435925352368,0.0
505,0.3821283927265353,0.06205382102172699,0.00016292329545691033,0.010908436931759644,0.010212430269429577,0.015604824804708869,0.025865356818206984,0.03472417736805975,-0.010459252052646612,0.016225758986665628,0.06139179252678223,-0.0049787808002710685,0.0,-0.004836578515742728,0.0,0.0008156549782243784,0.0,0.004091144532078089,0.0,0.009207755007540744,0.0,-0.036116289712881396,0.0,0.004804001438307584,0.0,-0.012352860565948094,0.0,0.010429301758041014,0.0
506,0.3799491194829178,0.055748613037499964,0.000161419742289415,0.009742353037116028,0.010791926656238253,0.01726479005598143,0.025177816558051316,0.06252805753858758,-0.013858698170441608,0.015741492369087794,0.06024588536228247,-0.0028098429067140674,0.0,-0.0040204065125119,0.0,0.0008711340545409875,0.0,0.0046036506342089605,0.0,0.009942521276838295,0.0,-0.03356146866084559,0.0,0.006642212351984978,0.0,-0.010821819163242619,0.0,0.010151755190732348,0.0
507,0.3711169457592005,0.05287096892228148,0.00016133534061127483,0.007851419144553198,0.009561145652213447,0.01654233562715232,0.024787369095942098,0.0788387630421902,-0.0032871211563664355,0.01532570506480237,0.05970735311461805,-0.00218300725998601,0.0,-0.003166023216954967,0.0,0.00085396258871294,0.0,0.005090350460440335,0.0,0.010369690173477752,0.0,-0.029287282167372163,0.0,0.006501648101590758,0.0,-0.010677500588649871,0.0,0.009172409493414127,0.0
508,0.3773943978076593,0.05496784904483188,0.00016265325137095746,0.008301617991481396,0.008721116348690761,0.016076480091664156,0.023231465123754857,0.07561493995633704,0.0008432205695643712,0.013898976496667903,0.060156406613773625,-0.0020274246013860468,0.0,-0.003036872249567494,0.0,0.0005029981804359272,0.0,0.005474776884646336,0.0,0.009918620773049867,0.0,-0.02496584559129574,0.0,0.006904480868847824,0.0,-0.01133234380545812,0.0,0.008291499298099875,0.0
509,0.3712147995591631,0.05592003833277414,0.00016309650689669579,0.008169529284527924,0.0082979382657242,0.016504853717273425,0.02304081785655474,0.07331221413858797,0.012029122183318221,0.012617796893671752,0.062219147346970725,-0.0015194341580711936,0.0,-0.003077336771412707,0.0,0.0005312157868635277,0.0,0.005613205891173297,0.0,0.009452710585445908,0.0,-0.02267467611979257,0.0,0.006965860848581941,0.0,-0.0120736319899724,0.0,0.007984586058199178,0.0
510,0.37034188597146384,0.054933656323821474,0.00016977439810004631,0.006745301112234297,0.008284037702226526,0.016477467882766814,0.0215594818084557,0.07086581071890607,0.017837017547098526,0.011072380827020854,0.061661211263787284,-0.001627664002934827,0.0,-0.0043151713092501685,0.0,0.0005246760340895705,0.0,0.0054764461362642285,0.0,0.009224904577446657,0.0,-0.0237154787819988,0.0,0.006822974966022549,0.0,-0.012181577186891154,0.0,0.007823308831875209,0.0
511,0.3643324622122998,0.05223983487063234,0.0001300300862093059,0.005366549885983928,0.007295471387951392,0.015069304188559403,0.018289130956544233,0.07057097870292968,0.02766586545396168,0.005296431918949194,0.06101976050856182,-0.001789710965765053,0.0,-0.005416304461734267,0.0,0.0004878248316406608,0.0,0.005053302577751945,0.0,0.008454449781746053,0.0,-0.029301373701669825,0.0,0.006818868145154296,0.0,-0.012672486892115925,0.0,0.007817258912333046,0.0
512,0.3598123026064204,0.051066982108544975,0.00013734550115995545,0.004442744844898497,0.004887233699858132,0.01455874840994523,0.01832161481815057,0.07051178959014079,0.023358893514267048,0.005390451900654039,0.061805584397829745,-0.0019265402955072587,0.0,-0.00657114808155296,0.0,0.00043976902167362433,0.0,0.004784452445817751,0.0,0.008007816923030084,0.0,-0.0266288462556135,0.0,0.006764370457238555,0.0,-0.01348283256226425,0.0,0.007624096563284757,0.0
513,0.36186234885454494,0.05102149076761086,0.00013115999606241996,0.003912229757927286,0.004697040119295765,0.014545452826645405,0.021847154721839956,0.07029900164240299,0.020318554025641054,0.005805251289035955,0.06140404061391967,-0.0017956095484576806,0.0,-0.00646611981297972,0.0,0.0004011014372978451,0.0,0.004791616220213566,0.0,0.007875375404035167,0.0,-0.023703920423157707,0.0,0.0066400589721702305,0.0,-0.014120290600084996,0.0,0.0071945980420003094,0.0
514,0.36071677831104704,0.05045492552660936,0.00013123713892905603,0.004113693861484448,0.006810606612417114,0.014688320550471036,0.02244460777370717,0.07340533851360496,0.019587558883744857,0.00641134827798056,0.06110865392337519,-0.0016705022965752738,0.0,-0.005059771904809343,0.0,0.0004096606774776405,0.0,0.005066709495639416,0.0,0.007936453091564155,0.0,-0.023180046206041537,0.0,0.006896393868375408,0.0,-0.013852940726612717,0.0,0.006952918329548183,0.0
515,0.35710524291025303,0.04751946917046896,0.00013088437565925772,0.005344324483751171,0.007113391221051146,0.014146653157828875,0.022815697339509354,0.0774199193979422,0.022053569706435946,-0.004532957780083293,0.06208497748833164,-0.0016479772172726722,0.0,-0.006283189136083537,0.0,0.00041872907213956104,0.0,0.00545644878247775,0.0,0.007888831420672184,0.0,-0.023561897312375794,0.0,0.006722490662304713,0.0,-0.014782003833513451,0.0,0.006773657465817379,0.0
516,0.35805218715049125,0.04740893801044708,0.00013088818745826897,0.00651999480185794,0.007129143137660689,0.01395165735476995,0.023474581163417343,0.07452386299070551,0.02334552796286531,-0.0038044319531026116,0.0621482654627122,-0.0016152470561157295,0.0,-0.00575423643199536,0.0,0.000422419620095009,0.0,0.0055772262528900945,0.0,0.007580114123779181,0.0,-0.022824781310115793,0.0,0.0068899382694750195,0.0,-0.014584847885770342,0.0,0.006970766221776382,0.0
517,0.3597709417778352,0.04808817685520789,0.0001308781375909868,0.005866584328531762,0.005910669893602898,0.013996420679214673,0.024018317409125533,0.07246082697646751,0.02337967776450837,-0.004594810902729182,0.06311621805694063,-0.0019070887730815117,0.0,-0.005846626440443828,0.0,0.00041383661528611996,0.0,0.005612303083905011,0.0,0.007494300251948856,0.0,-0.023119201418006805,0.0,0.006840352823797825,0.0,-0.014410218177361489,0.0,0.00720183889829904,0.0
518,0.3517918547588411,0.05272850096597274,-0.002590206985447263,0.0005652027612785846,0.0017415268010850902,0.013469126252212731,0.022987387167708553,0.07159006712769939,0.024696089028233364,-0.00438299072113073,0.056858400816837316,-0.0024975604557203584,0.0,-0.008153016415325905,0.0,0.0004015457014435549,0.0,0.005144698822524609,0.0,0.007316657358318641,0.0,-0.02335539473002649,0.0,0.006578952705634497,0.0,-0.015410176044475662,0.0,0.006978527108421946,0.0
519,-0.23079679903047354,0.05228560599468785,3.379436979459841e-05,0.0036442889087666647,0.00632991908795943,0.022899107223946624,0.022599282426169626,-0.008941259466870683,-0.02686129942955722,0.009480676928008512,0.011857228109177624,-0.016406301021028465,0.0,-0.0003697139862675603,0.0,0.00015885814058611027,0.0,0.0248754453233034,0.0,-0.0009901738863134044,0.0,-0.022489229156512063,0.0,-0.008448376933233949,0.0,0.010455930614209326,0.0,-0.01440141635334006,0.0
520,-0.23595260647834862,0.051925152211444996,3.227156315387785e-05,0.003990480920771573,0.006862172291877678,0.022133491176633283,0.02371250126968913,-0.016271270656387962,-0.0249863629854614,0.019213237146369095,0.017039599358418648,-0.016545219973941146,0.0,-0.0005687408769676504,0.0,0.00031964966394996443,0.0,0.025667775145729193,0.0,-0.0012382948998698035,0.0,-0.021321292843049202,0.0,-0.008392083254892914,0.0,0.011088111434537034,0.0,-0.012844456489345095,0.0
521,-0.2262323892380947,0.05115394185645156,3.299800630764847e-05,0.003242840991402034,0.007863743391851303,0.023613152806806433,0.020963435952869095,-0.0066197709114320736,-0.02444491772328156,0.011757279869481541,0.015207565207012979,-0.016239433317038244,0.0,-0.00028702408368189814,0.0,0.00035393527606572035,0.0,0.0274767007857227,0.0,-0.0014567602810313261,0.0,-0.020829538978690516,0.0,-0.008413694425869296,0.0,0.007179937966283671,0.0,-0.0126279117981897,0.0
522,-0.23304987405866487,0.05211665233775982,3.375806826121526e-05,0.003068970452412636,0.007683752232812508,0.026271941679272708,0.019703277492362198,0.0038902815403153365,-0.02430135142452766,0.009874410303527805,0.02193352766254249,-0.015002401928150439,0.0,0.00010086043194143746,0.0,0.00042247410288591994,0.0,0.026749506806651998,0.0,-0.0009219988536435403,0.0,-0.0202793255169658,0.0,-0.008516798738690106,0.0,0.005717502893275081,0.0,-0.011496823571150781,0.0
523,-0.24259457732310138,0.04935417846730701,3.690941204178192e-05,0.002628903390138535,0.00792930058364458,0.02567329738754722,0.020273219766959776,0.02717718890205582,-0.014315554482731419,0.008058450125388684,0.023604786217296822,-0.013969705857079512,0.0,0.00011127777315941888,0.0,0.0003962366107381743,0.0,0.02666820912078222,0.0,-0.0006658990926513909,0.0,-0.019203922032427028,0.0,-0.008814707562148773,0.0,0.007221133040625948,0.0,-0.010961881416750493,0.0
524,-0.22389920905043373,0.04769181518598714,-0.0006792095581482163,0.001112877727917495,0.00693291955775094,0.026162201411579607,0.019460615848645578,0.06578852570776615,-0.018365118305011488,0.0007288364217338714,0.017962364314835298,-0.011876703952223722,0.0,0.0006238125181688898,0.0,-0.00010114393991450631,0.0,0.026579708157105898,0.0,0.00018478972278438934,0.0,-0.01992740948047673,0.0,-0.007570300213678739,0.0,0.00724241642483034,0.0,-0.010295057325244897,0.0
525,-0.30844451782848487,-0.029883887630490383,2.254541888414052e-05,-0.007251564172009993,-0.007780228692641865,0.0005348834076982542,-0.005321013736035795,0.06152735743802772,0.012011475615745618,-0.01140777842139096,0.023735088359851313,-0.004139504474329346,0.0,-0.00026867401332551555,0.0,-0.0010754618635115782,0.0,-0.0165813447510515,0.0,-0.014352516623884643,0.0,-0.014639231324628032,0.0,-0.003988053989283258,0.0,-0.022637604752134752,0.0,0.004766114437392281,0.0
526,-0.31198988789937054,-0.030467865034515734,1.196278505885526e-05,-0.006619706934094834,-0.007466840723811068,0.0031315946810902377,-0.0028711627570536338,0.06013652023916866,0.01218557964107632,-0.011046586863134172,0.023092313731265125,-0.004890705741681994,0.0,-0.0002683214124580336,0.0,-0.0010572044831734398,0.0,-0.017442604254841572,0.0,-0.01453259070939031,0.0,-0.015101809706302231,0.0,-0.0037521925314805086,0.0,-0.023282389062788206,0.0,0.005939411208171525,0.0
527,-0.31484029504893185,-0.030910120837237206,1.1931848122858803e-05,-0.005792685759885039,-0.007649845248576609,0.003713550447540181,0.0004146382316909261,0.05778607163555189,0.011705193726856161,-0.010883242032582292,0.022427130315633127,-0.004720635046347624,0.0,-0.00028522074377498673,0.0,-0.0012815668454739678,0.0,-0.018164470767503826,0.0,-0.014511773740441594,0.0,-0.015769953510766096,0.0,-0.003990137945242259,0.0,-0.023530218258771673,0.0,0.006623459053889461,0.0
528,-0.316350699432886,-0.027967254118800734,1.823633188775445e-05,-0.0030228172959167626,-0.003713365459098761,0.006859720792472396,0.0013733111309136839,0.03837681703155919,0.02201406025698397,-0.011390426899955357,0.020820312901857967,-0.005247684599512238,0.0,-5.036578668038093e-06,0.0,-0.0011014338622194442,0.0,-0.021399317816561708,0.0,-0.014762382879485291,0.0,-0.019067666721531668,0.0,-0.00435792181047602,0.0,-0.022541351924396224,0.0,0.00846100572959703,0.0
529,-0.32280351923488376,-0.022078392023611487,2.032341627125139e-05,-0.0013374535764421973,-0.0023608262963741946,0.009423985431404523,0.0060849937735202074,0.014781667643640627,0.028293690603901474,-0.012107390824568022,0.021053854277369916,-0.005463596527109131,0.0,0.000229440016485179,0.0,-0.00041610073845616035,0.0,-0.021548893627137168,0.0,-0.010707615295742158,0.0,-0.01675497711704806,0.0,-0.0030565935777860024,0.0,-0.02162965024488885,0.0,0.010728863395201989,0.0
530,-0.31006374069682663,-0.01928750157335485,1.6364211556131626e-05,-0.004094718284964062,-0.0039134651605614345,0.0049045044626545116,0.005250316646200675,-0.000760302879498457,0.03111310703007383,-0.01163119845280811,0.021875260494522673,-0.005651727807696666,0.0,0.00032915541620887387,0.0,-0.0003567323458399097,0.0,-0.022020227640985043,0.0,-0.006596122235561753,0.0,-0.018637782536134333,0.0,-0.0012687089335359995,0.0,-0.02220566428699449,0.0,0.011113857581969389,0.0
531,-0.32686619937530703,-0.016412034348247895,2.144026385145316e-05,-0.0043345406757967124,-0.004316646379302534,0.028103280253517774,0.005961335582034634,-0.011886819876864525,0.030835855994468118,-0.009583004638487653,0.01902585024961526,-0.005427685344785981,0.0,0.0001982790063507229,0.0,-6.881661102330251e-05,0.0,-0.020623772298504754,0.0,-0.007179308845841066,0.0,-0.01741802003202116,0.0,-0.0011892326069115815,0.0,-0.01995363689753445,0.0,0.011465486054537725,0.0
532,-0.330486680954685,-0.015291515464942377,2.6699618679812553e-05,-0.0040564546050204575,-0.0036155239004038134,0.02966111407347207,0.004799583314063837,-0.008616078720786844,0.006724692849343874,-0.011321038708310822,0.020159639040714536,-0.00693627874130113,0.0,0.0002011594985211072,0.0,0.0002080268956221682,0.0,-0.010709852227348217,0.0,-0.007698873608068414,0.0,-0.011978177659629094,0.0,-0.0014438380625175502,0.0,-0.019682751908942652,0.0,0.012577981116652273,0.0
533,-0.3232175324109755,-0.014529360199149627,2.60354237834321e-05,-0.004194561811825416,-0.003537400104442882,0.029315802338042787,0.004949182355949423,-0.00887563764542629,-0.0017113241792950733,-0.011557416773821192,0.01816198198989699,-0.007407823244472011,0.0,0.00022229069888280456,0.0,0.0003352999548174609,0.0,-0.010217955936114945,0.0,-0.007447154542750789,0.0,-0.011156181841157537,0.0,-0.0015648445165313244,0.0,-0.019289526336687554,0.0,0.013099390393729664,0.0
534,-0.31879245000039913,-0.014267004742837328,1.6055458296952957e-05,-0.003572594655029334,-0.0026511549493987915,0.029072557704851367,0.004876145511106655,-0.011430749583938483,-0.012832617460311847,-0.00982351849243321,0.017998477966144535,-0.008318741185771422,0.0,0.00025547274822591257,0.0,0.0001710852347879806,0.0,-0.00968150420877257,0.0,-0.0073402470186288765,0.0,-0.010613409673187005,0.0,-0.001872682272513456,0.0,-0.01733301802529049,0.0,0.013068888326901137,0.0
535,-0.32343171325188264,-0.014947277970688172,2.1008531653763006e-05,-0.0034958508455333573,-0.0026083021301614414,0.02100632842891236,0.004869432240994573,-0.002513232270126818,-0.014807684891883874,-0.005037928599415704,0.018818980254301874,-0.007918646513950562,0.0,0.00024180275760093479,0.0,6.617238962336676e-05,0.0,-0.009247900875744846,0.0,-0.004868584328891703,0.0,-0.01047234521686244,0.0,-0.001942701496431963,0.0,-0.01641188439783934,0.0,0.011846455333451345,0.0
536,-0.3334407313965234,-0.014353654936325807,2.4071569792852604e-05,-0.0033273080432445873,-0.0023921771564477056,0.018054443630406963,0.00421345110616892,0.001069127272075231,-0.0070979974377331995,-0.006602549942751626,0.021803164923137216,-0.007863585364691084,0.0,0.00022887495220051438,0.0,-0.00035888080141315,0.0,-0.009045862406063336,0.0,-0.005183308858121833,0.0,-0.010023106835249871,0.0,-0.002326994958560635,0.0,-0.015743891632839922,0.0,0.011533043463311986,0.0
537,-0.3380391202594809,-0.020558341647843776,2.2967940367486078e-05,-0.005708134948229548,-0.005215938955277501,0.014688753713900379,0.008520540385739362,0.04922844984423504,-0.006089656794952451,-0.002009744453068798,0.02229047952034536,-0.008469853912352568,0.0,-6.521802397146145e-05,0.0,-0.001754253295894698,0.0,-0.013456463007977985,0.0,-0.012152121166793078,0.0,-0.014986953884314235,0.0,-0.0069224751627717926,0.0,-0.015688216914832503,0.0,0.008954246962247588,0.0
538,-0.33646772131323965,-0.021226942500728426,2.218491340446313e-05,-0.005479869570315856,-0.005964290900926916,0.014328263413341282,0.00926306292663728,0.04606800582285982,-0.00606381210364457,-0.002953971358921829,0.02214303126972952,-0.008649898992142463,0.0,-0.00022127745801217867,0.0,-0.00194197359291512,0.0,-0.014081086890949748,0.0,-0.012221478089182738,0.0,-0.01578267386522731,0.0,-0.008212291937583164,0.0,-0.015282164241638257,0.0,0.00860244101255808,0.0
539,-0.3377938841603473,-0.023799583795817925,2.2146147875191795e-05,-0.006480135996976615,-0.006126049688785436,0.010081460327197207,0.008574019859432059,0.05650901407137114,-0.009904851178565975,-0.0016382644643173168,0.02485474883022007,-0.008520839070249614,0.0,-0.000797218873623179,0.0,-0.0021461825259174697,0.0,-0.014041984405645004,0.0,-0.012341647061112756,0.0,-0.016824561395863386,0.0,-0.0078045978624558705,0.0,-0.01590158897217102,0.0,0.00772040029352923,0.0
540,-0.3336784640216873,-0.024844407474760216,2.2125534928582874e-05,-0.007027149796054071,-0.0059119974967609965,0.006228505425835932,0.008568532850933052,0.06786509513412797,-0.013577578604794199,-0.00038979977036017276,0.026198627906090732,-0.008125964536136066,0.0,-0.0011270371405521244,0.0,-0.0025092925108285737,0.0,-0.017664040333586435,0.0,-0.013917683671168773,0.0,-0.016168578210043916,0.0,-0.007979710039297365,0.0,-0.016035697649230633,0.0,0.007070619179105968,0.0
541,-0.3369929824988672,-0.025231411364439602,2.3443654796576968e-05,-0.007830175947345983,-0.005950893520823312,0.006677242891048469,0.00835470016932305,0.06690444292280469,-0.004548496886369358,-0.002102355911413298,0.026471774876603488,-0.007724149903331449,0.0,-0.0011567786068663922,0.0,-0.002420119564367817,0.0,-0.018623641266318235,0.0,-0.015219507607386877,0.0,-0.016425583653587032,0.0,-0.008767082702513572,0.0,-0.01772042395565448,0.0,0.007040967185145336,0.0
542,-0.33834426109580573,-0.024731016148125264,2.4322768746174125e-05,-0.007792017212828745,-0.006063895068306533,0.006898982959318584,0.008002134873855381,0.06472351402579458,0.0033159601315045813,-0.0028780482493789062,0.024389022637220457,-0.007335584270210975,0.0,-0.0011919594050836691,0.0,-0.0026368978091118223,0.0,-0.01894227070523472,0.0,-0.01640348905083515,0.0,-0.01742796941883533,0.0,-0.00857602389580437,0.0,-0.0179948167488948,0.0,0.006604711759791459,0.0
543,-0.33643116718028043,-0.026350331373188637,2.0090463197520527e-05,-0.006841314442864914,-0.005091109917179926,0.005386357493257963,0.007661952411903368,0.061119675506207484,0.021403985182622955,-0.002468489285605364,0.023227348042242434,-0.005381226527679963,0.0,-0.0009841140014398852,0.0,-0.002767818725177396,0.0,-0.026193739048179652,0.0,-0.016750655967919945,0.0,-0.021139141650219594,0.0,-0.007119300719433984,0.0,-0.018960077094321803,0.0,0.005773749842482693,0.0
544,-0.33460367068708907,-0.026431218142344403,1.7362649521839766e-05,-0.006807497236643221,-0.005424579466270101,0.005255728785336955,0.007659664836037242,0.061616665647838686,0.023188622380614237,-0.002189330492634562,0.023139060806303447,-0.005364840827205369,0.0,-0.0009818795868399679,0.0,-0.0027022027046478434,0.0,-0.02660062686938434,0.0,-0.01674819994607146,0.0,-0.021083081537606484,0.0,-0.007136447362862569,0.0,-0.019131145999556714,0.0,0.005797993459913329,0.0
545,-0.32168719405524854,-0.026163567322359752,1.4218929562695444e-05,-0.005791659434895376,-0.003963531426655051,0.005482775262051848,0.008214626343021433,0.06759375019707513,0.02463984980739612,-0.001646538449566521,0.025826262275758283,-0.005086746341848286,0.0,-0.0007759053643990355,0.0,-0.0027704495752714268,0.0,-0.026129285001955067,0.0,-0.017248915539148653,0.0,-0.020427154044317924,0.0,-0.007298980650918307,0.0,-0.01928570756860217,0.0,0.005938735483285718,0.0
546,-0.3170868007784803,-0.02662058389092068,7.729816593283317e-06,-0.006175269365784795,-0.004121025792361679,0.005382932611904919,0.011822315293235823,0.07272010499321226,0.018087614265631533,0.0027466458822287855,0.027333075323784994,-0.004709195949945787,0.0,-0.0007684448175341066,0.0,-0.002557821239877278,0.0,-0.02574026586529727,0.0,-0.01624093918083555,0.0,-0.018247706328422642,0.0,-0.006883326703972707,0.0,-0.019762733628728112,0.0,0.0059082341358056905,0.0
547,-0.31595614564368535,-0.026382488430463716,8.134287236184767e-06,-0.006210075413038705,-0.0042497074584767714,0.005626709618256559,0.01422305290386297,0.07354066988435719,0.01965238422260284,0.0005425202035605823,0.02780174292622043,-0.0043045968904916465,0.0,-0.0007650637039391308,0.0,-0.0025427598918380955,0.0,-0.025579003291784287,0.0,-0.01618454976364453,0.0,-0.018107624110973122,0.0,-0.006418660704704163,0.0,-0.019864397487621623,0.0,0.00585723868811135,0.0
548,-0.31634533660073266,-0.02631313377999196,8.574206155644201e-06,-0.006140774870148954,-0.004299187301707942,0.00590783254901398,0.014167095681619217,0.0739307212458813,0.02316880601416153,0.002743741729316959,0.026334322143948218,-0.004294916699901422,0.0,-0.0007627597969568882,0.0,-0.002557990812825499,0.0,-0.025497568216232797,0.0,-0.016274587687826168,0.0,-0.01807044182189339,0.0,-0.0064592298600895425,0.0,-0.02000635396921317,0.0,0.005922840721619456,0.0
549,-0.3128213672905396,-0.025857941744311486,8.454839928143271e-06,-0.0054455570628335935,-0.004012410879678485,0.005851340116843709,0.014348434101750325,0.07596420906459482,0.028504272464222522,-0.002658676147412732,0.0248538615151177,-0.00427692048780478,0.0,-0.0007547449063766101,0.0,-0.002582173980124471,0.0,-0.025621410812361176,0.0,-0.017003268212517096,0.0,-0.01788950943282349,0.0,-0.006050590286700789,0.0,-0.020146603220959017,0.0,0.006345096399492116,0.0
550,-0.32083609107245276,-0.02569837741369652,8.437134210788197e-06,-0.0050284620688476455,-0.003485747340016373,0.010299194933736381,0.016271821007499965,0.05948752043743645,0.027095328401865845,-0.005692077980433305,0.02611768861324086,-0.004573986473233143,0.0,-0.0005886869082657107,0.0,-0.002180341277195355,0.0,-0.023248055188595122,0.0,-0.015852201900489624,0.0,-0.018439146636194614,0.0,-0.005514648087080128,0.0,-0.01985964941427584,0.0,0.006812020013021081,0.0
551,-0.32296459705262054,-0.025909847292350224,-0.0003107538007081489,-0.004815510582726925,-0.004198213058912378,0.0100673457020209,0.015877641164687744,0.0610212696912374,0.026172706186809846,-0.005936125176946427,0.02914812342925142,-0.004341675680910024,0.0,-0.0005779041229938641,0.0,-0.0019784657958141004,0.0,-0.023434138947002928,0.0,-0.01500803976919954,0.0,-0.01800626008003623,0.0,-0.00551798768006011,0.0,-0.019858036204672594,0.0,0.006783576083844302,0.0
552,-0.2627582683961922,-0.009452011433811712,6.0340104376729124e-05,-0.011063650767477978,-0.011169636404976282,-0.0022044978275513687,-0.0023167737181769344,-0.00643585049251438,0.0036116409279716394,-0.012357821650999436,-0.0220566348142553,-0.006706825169096894,0.0,0.00022732850559905246,0.0,0.000485362474700631,0.0,-0.004258071863412577,0.0,0.0035449480356457186,0.0,-0.003800666742940667,0.0,0.001413058114578053,0.0,-0.013609013822629154,0.0,-0.003105396144371954,0.0
553,-0.2591619789745598,-0.011074712653072022,7.187310662979501e-05,-0.01045883327672491,-0.010646250203727036,-0.0023944309148525946,-0.0032636484127357528,-0.003782118874746364,0.01225326524837932,-0.013385976728423999,-0.023214936469712864,-0.00644474264051516,0.0,0.00022558863466946898,0.0,0.0004178684522622697,0.0,-0.0057158206815713895,0.0,0.003299421357591374,0.0,-0.0044326257496472106,0.0,0.0015886707908842426,0.0,-0.01482556480777516,0.0,-0.003177510659251066,0.0
554,-0.25888570013409795,-0.016376382860897966,4.55602691184069e-05,-0.008619129227382605,-0.008828472258809552,-0.0011872985454673887,-0.004362450283492403,-0.003755573616004349,0.0194778328558567,0.005026871438031457,-0.022418692505535073,-0.005855424725027327,0.0,0.00022222278532013458,0.0,-4.329548496252282e-05,0.0,-0.013914796314104855,0.0,0.0025238345117017777,0.0,-0.00810922583921129,0.0,0.0019935429733546027,0.0,-0.017316622517575354,0.0,-0.004790718116414225,0.0
555,-0.23690700369815113,-0.0193942605068662,4.2405633450025545e-05,-0.00893779349634378,-0.008905970620379414,0.0017640580555504269,-0.010553319501186022,-0.0027507376043931424,0.023741287551070658,-0.00015072616763939554,-0.022933315748517265,-0.006937952903289003,0.0,0.0001578672931509166,0.0,-0.0003485450218244188,0.0,-0.016476329494537506,0.0,0.0019225063672453195,0.0,-0.009594123840659788,0.0,-0.0005854417314380452,0.0,-0.024364832396160496,0.0,-0.005080257997345918,0.0
556,-0.22931013686747717,-0.02008319726640569,4.41110072204738e-05,-0.009606265861418191,-0.008480119711817708,0.0003943204705022335,-0.010016643158268114,-0.0007368037067680807,0.021019040734889177,-0.002895643175155607,-0.023912423817392617,-0.007902472099069675,0.0,0.00014873687478958095,0.0,-0.0005320603274554653,0.0,-0.016360299898698874,0.0,0.001686078239990888,0.0,-0.010030469101328095,0.0,-0.0006414136195525848,0.0,-0.025214903298945046,0.0,-0.006099057711228817,0.0
557,-0.23251120559596855,-0.016936711847185665,4.829764087221298e-05,-0.010178215536151256,-0.009625700873150176,-0.0015882973834008209,-0.003626413771898537,-0.013569489448553502,0.021465462146077797,-0.00772616165436079,-0.02353087788983743,-0.009082727615182497,0.0,0.0001766200193846172,0.0,-3.909401313614213e-05,0.0,-0.013362358391618041,0.0,0.0022290771465525807,0.0,-0.009103234102483466,0.0,-8.236421818615878e-05,0.0,-0.025190528294881654,0.0,-0.0041256762391172165,0.0
558,-0.2394137210547693,-0.01287146431263623,7.932802123165409e-05,-0.007967133682320455,-0.006697172404274481,-0.001950759559974429,-0.0028316367622112032,-0.01708247964143726,0.009184830158142428,-0.013241710700441603,-0.023666131821797932,-0.010007236726260011,0.0,0.00021918720184777228,0.0,0.00019150301533324917,0.0,-0.006752090041573448,0.0,0.002938306728525735,0.0,-0.0049132503256946675,0.0,0.000529518338159238,0.0,-0.024916482562970486,0.0,-0.0039024131850760187,0.0
559,-0.24945988708189543,-0.01050757732595698,7.21581865386554e-05,-0.0054457888638051975,-0.0040341406591968675,-0.0027178675504537816,-0.003339430187612676,-0.01675779937110121,0.003906369018752737,-0.01280900581936318,-0.018543045329156082,-0.01016697999952202,0.0,0.00022052235997437137,0.0,0.00024062613531902787,0.0,-0.004091995989417673,0.0,0.0033166062716978788,0.0,-0.003752701574660764,0.0,0.0006552317264847619,0.0,-0.0245310904321816,0.0,-0.00420664459997886,0.0
560,-0.25384500746003796,-0.010903775808612489,7.317293844178408e-05,-0.0033852882789338237,-0.0024640924672183232,-0.002671543205401778,-0.003024939851460232,-0.014088819590408719,0.008796726905832554,-0.01333364494898137,-0.018397656523976316,-0.009828154297812652,0.0,0.00022370492525913805,0.0,0.00023490041313274396,0.0,-0.0054542402679652,0.0,0.003323853381678122,0.0,-0.004541317729013031,0.0,0.0005292615471489824,0.0,-0.024613842897883282,0.0,-0.004107464938674312,0.0
561,-0.252301828095322,-0.011870974044725686,8.376231662639419e-05,-0.004139012550294124,-0.0029142751318510323,-0.003171012960072505,-0.0028378003999883837,-0.014387119863738118,0.01190154453008879,-0.013539749044659754,-0.02113130077826372,-0.009719588321015302,0.0,0.00023049664691467342,0.0,-5.635695716286286e-06,0.0,-0.006621361462307194,0.0,0.003394257287820109,0.0,-0.005196001930116551,0.0,0.0005697013131458736,0.0,-0.025095850628921158,0.0,-0.004082124040476893,0.0
562,-0.25375833101406525,-0.011062988487328137,8.123092652475988e-05,-0.0013555364437281964,-0.0007681386814798507,-0.004087913499468459,-0.0027655166418875743,-0.013807701275553605,0.0103788256841208,-0.015106885840772386,-0.022173769343296814,-0.009868513694502534,0.0,0.00023611487211848498,0.0,-1.62657732667105e-05,0.0,-0.006175156113131265,0.0,0.0033494959358350007,0.0,-0.0045478085856282095,0.0,0.0006180634344790394,0.0,-0.024828265598435397,0.0,-0.004056244480743971,0.0
563,-0.2595520485337797,-0.009563228151338914,8.351512828529564e-05,-0.000497722622673769,0.0005066509005950274,-0.0037020315836030684,-0.003262781669153048,-0.014518308531576317,0.003947480290139619,-0.01362240666073086,-0.021727892495311794,-0.01001879887593019,0.0,0.0002275058693674104,0.0,0.0003389545388050536,0.0,-0.003996118718405856,0.0,0.003392615199087836,0.0,-0.0031757213881857997,0.0,0.0005683516197180654,0.0,-0.024403537240911957,0.0,-0.004095486392593697,0.0
564,-0.2581599640795742,-0.00884495742819237,6.869162067989707e-05,-0.0002915334015470405,0.00103500608684632,-0.0035279316635695936,-0.002961570715934337,-0.013676813718556882,-0.00280471673769156,-0.012460142698991795,-0.01979357166754631,-0.009186438845102726,0.0,0.00022538971777037026,0.0,0.00016706109536964077,0.0,-0.003321540517824993,0.0,0.0034165361823253293,0.0,-0.003336699418032568,0.0,-0.0012489621338406523,0.0,-0.024372536988284354,0.0,-0.003996314006498595,0.0
565,-0.258185334436894,-0.009641746671258118,6.772753893959606e-05,0.00037966100347860905,0.0016652985974606278,-0.0030784993824672807,-0.0029232750939372416,-0.013508540009056378,-0.004759325629534933,-0.010563634481760013,-0.01925944523728189,-0.009482055429299446,0.0,0.00022746784579125373,0.0,0.00012080266350943325,0.0,-0.004048963046192326,0.0,0.003321797458919534,0.0,-0.0033574070915273527,0.0,-0.001289616700035248,0.0,-0.02449688346495032,0.0,-0.0042590377521004065,0.0
566,-0.2594680361394697,-0.0092558031503476,6.826663643528882e-05,0.0008954229732350842,0.0018560567530009847,-0.002610755046747261,0.0002326748116294353,-0.01253474769842744,-0.006105743044121253,-0.009464769232191094,-0.020225301108688264,-0.009459269588035108,0.0,0.00023025241374178526,0.0,5.5418881318468607e-05,0.0,-0.004257585944145314,0.0,0.0032227593544283456,0.0,-0.003276981565778676,0.0,-0.0011275870272803169,0.0,-0.024869513421702003,0.0,-0.005857199942389245,0.0
567,-0.26491126733520787,-0.01052204832912204,6.061047693158488e-05,0.0015014261579430828,0.002030280161010986,-0.0025105693470255886,0.003727387512120815,-0.007646944257792136,-0.003338378022229144,-0.01131257428728008,-0.019275288702528,-0.009186788771863772,0.0,0.00022594460771593327,0.0,-0.00015318721923192842,0.0,-0.004686754822798198,0.0,0.0032070073854265084,0.0,-0.003700352704206636,0.0,-0.001000211285012765,0.0,-0.025520245585844415,0.0,-0.006703350251215818,0.0
568,-0.28054066771394676,-0.009892089745411229,5.840162389085969e-05,0.0003048017823500479,0.0011288496197937679,-0.0030326777150593404,0.004050364777210214,0.0076493381767692385,-0.003537961889461348,-0.01266918732806227,-0.01795297590872799,-0.008947844297401352,0.0,0.00021100349725835618,0.0,-0.0001858394959346758,0.0,-0.004636176753574665,0.0,0.0031500804628224743,0.0,-0.0036470467668387042,0.0,-0.0009194940853130022,0.0,-0.024380245200988998,0.0,-0.007044505892247157,0.0
569,-0.28660064540731645,-0.009673044182920478,5.594357055511025e-05,0.000335776942305658,0.0011021613742198861,-0.0034455033685096433,0.0033225757755997684,0.012103329319485618,-0.0015366678265297503,-0.012726553686982925,-0.01686042162048864,-0.008806163345653683,0.0,0.00021118347499373026,0.0,-0.0002973192682808398,0.0,-0.005100146180035941,0.0,0.0031439413463700524,0.0,-0.0036644636307806154,0.0,-0.0007971414191266889,0.0,-0.024400392985477883,0.0,-0.00831888996696288,0.0
570,-0.2889218172578474,-0.0091578337829434,5.266220972187118e-05,0.0002552043356064597,0.0012239638819513282,-0.0037681166880935597,0.002827277150815833,0.012783519669142767,-0.002453403032649573,-0.011591395450212425,-0.015477153849208412,-0.00862418568817987,0.0,0.0002091765692706378,0.0,-0.00030611681345755294,0.0,-0.005351437891565643,0.0,0.0031043292094635514,0.0,-0.0036346728105301805,0.0,-0.0006768457558631971,0.0,-0.02426454457617648,0.0,-0.0081810505147819,0.0
571,-0.28612782651013263,-0.010743382065318824,5.305556100101069e-05,-0.0006933582673158619,0.00017306764789652807,-0.0027547381577095204,0.0023750088939310933,0.011644595176350792,-0.011320876102117333,0.0006576392094094073,-0.00622452211127417,-0.008881546669393486,0.0,0.00021275731674732387,0.0,-0.0006297067883587311,0.0,-0.008342814180661299,0.0,0.002847092892459325,0.0,-0.0032223595630698604,0.0,-0.0010906082583370135,0.0,-0.023454508452432618,0.0,-0.010836569493900052,0.0
572,-0.28074801596602894,-0.009942025434537996,5.292041934290216e-05,0.0013486227859237053,0.00152669033525679,-0.0024915732895196387,0.00228960660782346,0.008142465068026909,-0.01903735821038015,-0.0018277661546588885,-0.005717089784726112,-0.009800959090342665,0.0,0.0002254672958956476,0.0,-0.0006137274473804181,0.0,-0.0069600391545836665,0.0,0.0029299309799107297,0.0,-0.0026927507361486037,0.0,-0.0007253341592609193,0.0,-0.02134414134451476,0.0,-0.010974522642321476,0.0
573,-0.26400436227621843,-0.010763188082754341,5.116352028959345e-05,0.001184893258010054,0.0017277847966954616,-0.003095179640538846,0.005428453457712849,0.012521709844609404,-0.0184512534732577,-0.0007230742021510707,-0.01323449990849512,-0.009752689952688926,0.0,0.00023751510105044375,0.0,-0.0005809950375258855,0.0,-0.008142275551807075,0.0,0.0025361187875046574,0.0,-0.003127181364865253,0.0,-0.00036137361588225775,0.0,-0.0221306087081171,0.0,-0.012257738081847776,0.0
574,-0.2748983985810362,-0.009203695090927855,5.426011018144394e-05,-0.00013841302193796364,0.0015977160170747957,-0.002466373426034268,0.010591047281014471,0.018603480309324138,-0.012783580907253785,-0.007518516303396974,-0.014298451605289314,-0.011147956047444684,0.0,0.0002389468582278264,0.0,-0.00037632247512183896,0.0,-0.006663928614636857,0.0,0.0024176350768278466,0.0,-0.00463472056640503,0.0,-0.0006029240918074133,0.0,-0.02215330014811878,0.0,-0.009553285903517617,0.0
575,-0.2769005430340858,-0.007222422736985241,5.6856280989841264e-05,-0.000455263693316377,0.0006971127282978614,-0.002314455919069162,0.005464819938854446,0.018280985960916686,-0.010623536577064534,-0.012225762309883923,-0.014617679972004255,-0.011408507779249661,0.0,0.00023958082976630718,0.0,-0.00029228444673226167,0.0,-0.005812014506942224,0.0,0.0024505025397009365,0.0,-0.004892032183606947,0.0,-0.0009099414531387757,0.0,-0.021280482901077712,0.0,-0.009001689524282082,0.0
576,-0.27628032217551,-0.0062012943600727255,5.652632883523523e-05,-0.0016182483827735144,0.00015106723218205964,-0.003219573766834565,0.0056056238211006325,0.01917522399907904,-0.010894934850582384,-0.01356608365467399,-0.014370475980757143,-0.011517696615774483,0.0,0.0002404099130673183,0.0,-9.17473231827393e-05,0.0,-0.005743838391536983,0.0,0.002462570028606782,0.0,-0.004842532798940785,0.0,-0.0009230438756414003,0.0,-0.02104110783442834,0.0,-0.008147280071075418,0.0
577,-0.2761779717024721,-0.005474843065469148,5.599965679820881e-05,-0.0022806800186762843,-0.0004968002298056062,-0.003042185781551802,0.004967093387305695,0.019215788858256862,-0.01046577029883938,-0.013967576430111815,-0.015595342836600197,-0.011916876641318738,0.0,0.00024271071723114976,0.0,-0.00010212709229612698,0.0,-0.005252602019371129,0.0,0.00240117820346213,0.0,-0.004584808023580046,0.0,-0.001258012503261096,0.0,-0.02128861663455029,0.0,-0.007982452769387667,0.0
578,-0.2783502924502656,-0.006416607005097161,-0.000705703249023945,-0.002722647613588314,-0.0020633980380270634,-0.0032260278054488138,0.004829767057135738,0.018507590096075315,-0.010560836542918684,-0.008299609280711336,-0.014846410398680258,-0.0119296349541767,0.0,0.0002552139837398376,0.0,-9.093623270694899e-05,0.0,-0.005312287732980743,0.0,0.0014456875219247631,0.0,-0.004644444807142287,0.0,-0.001127249119270898,0.0,-0.02093982630816195,0.0,-0.007924810577574862,0.0
579,-0.2067244625452567,-0.010313357946179262,0.00018955394665744963,-0.003154168262197939,-0.0011298331273725832,0.03055067808585734,0.039511443667363005,0.07025454876927627,0.02538534544758902,0.12589482344300693,0.028248163656342067,-0.0033124189428497303,0.0,-0.00041790434743139504,0.0,-0.0008047020561950222,0.0,0.017622957236577724,0.0,0.0003202545773782824,0.0,-0.0006548514757339778,0.0,-0.0034991120215919556,0.0,-0.013912864613952013,0.0,-0.0007492638833093611,0.0
580,-0.20563251623378176,-0.010219452375022343,0.00018955394665744963,-0.003228822164264766,-0.0010998556292181859,0.030981844008349992,0.03937583803450218,0.06812900191956366,0.02346044654154232,0.13058210164026546,0.028117674177072827,-0.0032745394411860854,0.0,-0.00041790434743139504,0.0,-0.0008446809711795666,0.0,0.017964626219754552,0.0,0.00020187342358613414,0.0,-0.0007265589702520435,0.0,-0.003259812067090598,0.0,-0.014019463003184223,0.0,-0.0007373886353804183,0.0
581,-0.2045677726908986,-0.010642861349291344,0.00018955394665744963,-0.003399567604081351,-0.0016781591043805672,0.030867495279453067,0.03925465053852443,0.06921695069836788,0.023076598451759585,0.13050956614930842,0.029451781408112214,-0.003261741008373378,0.0,-0.000416061031558381,0.0,-0.0008270123692293057,0.0,0.01821927689352927,0.0,0.0001968767018613282,0.0,-0.0004850631090644392,0.0,-0.00322164541063541,0.0,-0.013971487897985118,0.0,-0.0007322759534481049,0.0
582,-0.2057222229362876,-0.011003989085283002,-0.0006078231286683357,-0.0034191364050151886,-0.001692125991823789,0.03191039783153425,0.04062825392937662,0.06869506596149486,0.02307433497192177,0.1299349679513083,0.03179100465696894,-0.003252970741528251,0.0,-0.00041511078062995104,0.0,-0.0008341323207056551,0.0,0.0178629213418691,0.0,0.00017022444192868667,0.0,-0.00046335720875864586,0.0,-0.0032176593997046577,0.0,-0.013823466956350934,0.0,-0.0007175053603568644,0.0
583,0.15716720672109055,-0.034900760916689096,7.154167402837234e-05,-0.09385064463671616,-0.08526769431270487,-0.012961183173675594,-0.05008936154059336,-0.02377923588995662,0.006632397986657206,-0.01402765047051499,-0.0495797336825067,0.005033929599423321,0.0,0.00044503503002935355,0.0,-0.0014535433614101796,0.0,-0.00400969485174307,0.0,0.002803677520554028,0.0,-0.025604582314318055,0.0,-0.006153131127729801,0.0,-0.04937035015252293,0.0,-0.0069960233652084725,0.0
584,0.15474868117038204,-0.035625082612267205,4.2229811199133316e-05,-0.09264498808551686,-0.0846974475050261,-0.012261394364230868,-0.049275573066018236,-0.020863791495395547,0.00543816243355708,-0.015767004698706424,-0.05033437037538588,0.004660835518959881,0.0,0.0004359463272653763,0.0,-0.0017392552290974666,0.0,-0.0034435853891290943,0.0,0.0025956681419458793,0.0,-0.024629924836519792,0.0,-0.006104349892630588,0.0,-0.05048753751294464,0.0,-0.007055587837610031,0.0
585,0.15971486776989383,-0.03184167682453457,4.229586334871591e-05,-0.08527051002847828,-0.08234122848442926,-0.011664906796577003,-0.03777169765744708,-0.011856014253563325,0.009367072997528267,-0.024604755682667127,-0.045180507624439495,0.005156070748606525,0.0,0.0004678452198526959,0.0,-0.0008896721692059192,0.0,-0.0021018784318635694,0.0,0.002290405607166618,0.0,-0.02050343277577245,0.0,-0.005091609433171405,0.0,-0.04771419981728536,0.0,-0.0068792672543322025,0.0
586,0.3342286932221723,0.00303911953397975,8.748771524550202e-05,-0.019252896215112246,-0.019083395826467262,0.003963005151592532,0.05085135108942069,0.056461794377416455,0.024233550501417886,0.08127470941529957,-0.013622896680519045,0.01361121539567141,0.0,0.0005207304451152077,0.0,0.0007607481577854842,0.0,0.0043919522678165235,0.0,0.009728239369904664,0.0,0.012234077888782722,0.0,0.00015767611072329377,0.0,-0.014740537032424285,0.0,-0.003772457472235191,0.0
587,0.34535153098178073,0.006704810892405344,8.754274101073163e-05,-0.013453434298949038,-0.015502936787278007,0.005942794314003477,0.05276449854188915,0.039875952403703514,0.026156294261991526,0.089503303711196,-0.011375551089530794,0.01493516375706116,0.0,0.0005201300194727856,0.0,0.0017514078628715205,0.0,0.004007446784292034,0.0,0.009842813067823065,0.0,0.012894945035728913,0.0,0.0006385841112460232,0.0,-0.014767729260073224,0.0,-0.00395976205116695,0.0
588,0.32510495482664736,0.006669737395317582,7.600458700019816e-05,-0.024831138881440007,-0.025007982105297602,0.0048835913275450575,0.051535658061030505,0.001226409639229049,0.027932904797643543,0.07889369338542555,-0.01601737927824763,0.014262040604689606,0.0,0.0004892000363795713,0.0,0.0012471989056607837,0.0,0.0037137130314826693,0.0,0.008745432767339599,0.0,0.008922917363271951,0.0,0.00020789235189630674,0.0,-0.017865981758721405,0.0,-0.0045350441602821714,0.0
589,0.17508080946464896,-0.01869500914433085,6.016358431971761e-05,-0.07729995390389548,-0.07276925999426541,-0.008490246675181983,-0.03720471128370573,-0.019342759445693764,0.008094811418609987,-0.031142551167755057,-0.047095863741722144,0.005151636349196493,0.0,0.0003944754035136005,0.0,-0.0009493538434868711,0.0,-0.0003926481758783525,0.0,0.00319854508020859,0.0,-0.017732997688440243,0.0,-0.00613567675253794,0.0,-0.04525316994665539,0.0,-0.006999150421140778,0.0
590,0.15976566947765788,-0.024006886976768598,2.4185926808292147e-05,-0.07858632464245262,-0.07332112893398661,-0.011098546823091708,-0.04583850944171096,-0.0319571536545711,0.013528636255471446,-0.03383842582250947,-0.04349883491186572,0.0038943524704020496,0.0,0.0004445960469379709,0.0,-0.006692126929500323,0.0,-0.001138594317896859,0.0,0.0029010442698346284,0.0,-0.0289641019666081,0.0,-0.00694947219830784,0.0,-0.052842077910212344,0.0,-0.0075818729942182935,0.0
591,0.17860940833341352,-0.021804249578943828,2.1328988176499907e-05,-0.06666651130911316,-0.06135374927808368,-0.015427272163947955,-0.04099722197108224,-0.0367940137384272,0.005646814152460128,-0.02944116450783498,-0.010056121205143166,0.005070084064366402,0.0,0.0005188418484546025,0.0,-0.005820159120033106,0.0,-9.289632292249152e-05,0.0,0.0032390853451577002,0.0,-0.023442103665482928,0.0,-0.006416208932676818,0.0,-0.04632542630500316,0.0,-0.006975715562268642,0.0
592,0.27938871422076944,0.006409646076464775,2.8499463930380663e-05,-0.03651189607167429,-0.028480710202702257,0.003654054298954973,-0.022792490488104514,-0.009875299796228256,0.05981401439021008,0.017775495489576153,0.03344884265552457,0.011911587482079237,0.0,0.0005335428625601178,0.0,-0.00259340711564595,0.0,0.0021334169701971717,0.0,0.007820092723899042,0.0,-0.008803206739356145,0.0,-0.00415260603667669,0.0,-0.029573985342463596,0.0,-0.00562142154206139,0.0
593,0.1608764789515523,-0.021806727849242244,2.9921468839074707e-05,-0.07964228933371968,-0.07241283317503368,-0.019214502802679556,-0.04273439912874791,-0.02846715185406544,0.007401873933711308,-0.03820995546985213,-0.04862410778453113,0.0017884195993998662,0.0,0.0004870828381529513,0.0,-0.007467656629863058,0.0,-0.0030577651253522963,0.0,0.002351161673988481,0.0,-0.03302378110278642,0.0,-0.008569418590133854,0.0,-0.05799398690986775,0.0,-0.007667278068235356,0.0
594,0.15985625581414065,-0.015819773980951357,5.4329038593137754e-05,-0.08415609352475063,-0.07770933203239691,-0.020782806442237154,-0.0474504337889861,-0.029733388420487665,0.008145929426608564,-0.040584340408341246,-0.05394649947232802,0.002335223583572835,0.0,0.0004788556614938057,0.0,-0.008150382250890743,0.0,-0.004147829673115277,0.0,0.002572306319604842,0.0,-0.03539050495139251,0.0,-0.00945844807106877,0.0,-0.05893452822792274,0.0,-0.007743955076179743,0.0
595,0.1883741525756023,-0.01557706995180909,7.650494940444915e-05,-0.08195705984493173,-0.07422667757959486,-0.018911661009678876,-0.0426118803607596,-0.032999728191446774,-0.0005634542694933988,-0.006932102708768393,-0.05213791467781436,0.002580179030312871,0.0,0.000474808793086779,0.0,-0.008817209470318922,0.0,-0.0036521742742045434,0.0,0.002633757699621995,0.0,-0.031043986512931065,0.0,-0.009278421932382253,0.0,-0.055727836106094004,0.0,-0.007560707511791907,0.0
596,0.17493381835947874,-0.016862691319637958,9.493944121429316e-05,-0.09047486072296725,-0.08018341426067076,-0.02047601785584443,-0.03944830233538931,-0.034034457962584745,-0.0023205506666522046,-0.03592291980099072,-0.05234321007979262,0.00238716779846263,0.0,0.00047539279877961037,0.0,-0.009029362649391122,0.0,-0.0047713421911159395,0.0,0.0018899428351184747,0.0,-0.03452003269212995,0.0,-0.010127679943894841,0.0,-0.05964559832704757,0.0,-0.007949100436653943,0.0
597,0.20813551851559214,-0.010415281474236118,0.00011778709068278912,-0.07112893368865933,-0.06923902967217088,-0.016704151750809092,-0.02265406552515549,-0.023289424218611406,-0.0026599619569067567,-0.026858791477164107,-0.0503913379776993,0.005888875329470843,0.0,0.00057430190540361,0.0,-0.009616705007236225,0.0,-0.0028653431549203173,0.0,0.004014179312997789,0.0,-0.03595020979244674,0.0,-0.008637339883181544,0.0,-0.0628734243293231,0.0,-0.007443846060466406,0.0
598,0.38118767533909953,0.03951522848148992,0.00023992679705929992,-0.010774979103744689,-0.007605475938105771,0.0014419534158559755,0.0032172742666859177,0.02717003163494916,0.00636898342552411,0.016680507950243728,-0.013528775333897028,0.016522734152388276,0.0,0.0008239821968881483,0.0,-0.004903765810181988,0.0,0.0021368167316639535,0.0,0.010925436402878349,0.0,-0.011976240101971855,0.0,-0.0011090578236892692,0.0,-0.03421316962417051,0.0,-0.0055480382116156485,0.0
599,0.3796903677808007,0.03881019941838766,0.00026285686314289717,-0.006507627139546293,-0.0038149172772552315,0.010583381295485516,0.00982439903302349,0.02294327154509239,-0.000194053509602148,0.011717078501015206,-0.030689456442604374,0.015966292890039063,0.0,0.0007330834512961905,0.0,-0.00615669294167355,0.0,0.004611357593861301,0.0,0.010627223172743588,0.0,-0.010760226636197152,0.0,-0.0017973277699808324,0.0,-0.0290138937877038,0.0,-0.0047385401236223436,0.0
600,0.3032945368957029,0.013430241183074527,0.0002622830311858268,-0.05372814240119676,-0.04955915899079247,-0.024770472530870898,-0.00997498348973241,-0.0007019978962206958,-0.025556194861125196,-0.010250024331633304,-0.056466112197388146,0.008422363232792782,0.0,0.0005654322374373258,0.0,-0.012038335128810222,0.0,-8.665483900490524e-05,0.0,0.00601626133953497,0.0,-0.03079679974629207,0.0,-0.007474919115887265,0.0,-0.044093062006137905,0.0,-0.00603059408762024,0.0
601,0.4392191893654318,0.04431514349534574,0.0003703095130499636,-0.009539589025099075,-0.010084984424439444,0.002861438316084932,0.011010071516666567,0.03327247804018539,0.00014855088862081574,0.004318427167761273,-0.011846589291207606,0.019066712459850154,0.0,0.0009627971093043854,0.0,-0.0033914035317268564,0.0,0.0063561690073636575,0.0,0.010101866172478833,0.0,-0.004172762768353874,0.0,-0.0007407546664558698,0.0,-0.02398960024244067,0.0,-0.0044180981074186994,0.0
602,0.44333280582522955,0.04746931932657688,0.0003824206816353627,-0.003243720450112174,-0.0005227080331381141,0.005105082704424184,0.01642674611575231,0.027976034664783773,0.008781775944635065,0.007583347278935867,-0.008741885966731238,0.02133786692170336,0.0,0.0009818551358383987,0.0,-0.0033067913695351146,0.0,0.008857885692750938,0.0,0.0105881464025879,0.0,-0.0012623387385526678,0.0,-0.00018193773947701187,0.0,-0.022987205932375344,0.0,-0.004421757000132262,0.0
603,0.43112858524911607,0.05187403777451683,0.00038387935344913785,-0.005089908296154223,-0.0021222843670675156,0.004798664928015909,0.017742380684888478,0.017393521664106192,0.012144083830697665,0.009139217478024802,-0.011456363463900061,0.02116431457567107,0.0,0.0009234477412475872,0.0,-0.003243285239999408,0.0,0.008759100585282413,0.0,0.010633057741023922,0.0,-0.0022846230031913772,0.0,-9.744429243560824e-05,0.0,-0.02427435079967685,0.0,-0.004613887099395919,0.0
604,0.4136193115244457,0.05627720618830817,0.0003839887644883899,-0.004465151781831251,-0.0024665039484340684,0.004868348651963431,0.018792177760989803,0.01452957262489767,0.012478521959152099,0.015856291033287145,-0.0036854041988188093,0.02141173702575942,0.0,0.000979035529538459,0.0,-0.003288575131271681,0.0,0.008660347629356675,0.0,0.010478100658272205,0.0,-0.001432166366354891,0.0,-0.00012607481228928312,0.0,-0.02332360839336333,0.0,-0.004407873208553148,0.0
605,0.4201673285146324,0.05289446051834735,0.00038353434772115687,-0.0027549266119220573,-0.0013128700328112752,0.00464976516485956,0.015692680725012512,0.008664168329098504,0.010527490613234282,0.013457304177331385,0.016931133801055407,0.021884348977034392,0.0,0.0012394562751157506,0.0,-0.0032997259113289354,0.0,0.00965958502031479,0.0,0.010498198163186001,0.0,-0.001231932053870421,0.0,0.001339175365855069,0.0,-0.020394439823023802,0.0,-0.004839794095042106,0.0
606,0.4046217909021104,0.05303725199986608,0.00038866475990683645,-0.0029256468589664896,-0.0008259574378473309,0.002634722257044298,0.01448286485706143,-0.0022187316669900333,0.009487201592801012,0.010008425641004,0.032954867645825565,0.0221369947949007,0.0,0.0016513462875177554,0.0,-3.86760658728658e-06,0.0,0.016693193399405778,0.0,0.011180739941017941,0.0,-0.0026673161164682962,0.0,0.002703316351161204,0.0,-0.021938159418493638,0.0,-0.005076737488103227,0.0
607,0.4086255497553663,0.05317317621609431,0.00038842072153762793,-0.0038032357297206817,-0.0012946002862403493,0.002877173951754088,0.013940010069620165,-0.008415501899944826,0.009045092587077374,0.009500080794665007,0.034534467876666496,0.022158868238185803,0.0,0.0016656220422740541,0.0,0.0013624336130280952,0.0,0.01682695563483169,0.0,0.0103441134160307,0.0,-0.0024660362536305077,0.0,0.002362314504548672,0.0,-0.022757501301357806,0.0,-0.0050981448126065825,0.0
608,0.41290119653579205,0.050267330092471814,0.00038897844716992224,-0.0038502717481416985,-0.0012962682591320105,0.0037183356303502964,0.013645094802349341,-0.009322961369687997,0.008814672770134169,0.00764863361422004,0.03698930488156215,0.022205339293944647,0.0,0.0016656220422740541,0.0,0.0013530862877767684,0.0,0.016279680634385816,0.0,0.010316217920959169,0.0,-0.0019370907482712113,0.0,0.0021858045099288543,0.0,-0.021231689639319942,0.0,-0.005534620095262078,0.0
609,0.410237552717561,0.04916026043602933,-0.007582328722396919,-0.004320295584528563,-0.00159813087449068,0.0021160070944660726,0.011036791193368735,-0.010426997506630438,0.006910491871356125,0.00780388699798143,0.03717279844344667,0.02212690724138439,0.0,0.001665765370672551,0.0,0.001376069116973168,0.0,0.01630364470410506,0.0,0.009803082863921645,0.0,-0.002375547354570952,0.0,0.002197858327073222,0.0,-0.020952316757946416,0.0,-0.005583332162190731,0.0
610,-0.3376110586413841,-0.021378816276206632,1.66430142857292e-05,-0.00685209911729109,-0.005683076234072742,0.004194505722852271,0.019089771587104332,0.125795354091377,0.021691622634499527,0.000536599938362225,0.02581566158521324,-0.004030225121389451,0.0,-0.00032810556816379886,0.0,-0.00031257026401571887,0.0,-0.02104541855108809,0.0,0.005397024786245083,0.0,-0.002088876687314801,0.0,-0.00449650370555728,0.0,0.018071508829079007,0.0,-0.0008820341147814183,0.0
611,-0.3359498401753274,-0.021404960322584914,1.66430142857292e-05,-0.00678708589869977,-0.005669909761822641,0.004030310220305974,0.019200795352429148,0.12784049937871841,0.023019210398419802,-0.0001237553361097279,0.026111618712796592,-0.0040045363214192085,0.0,-0.00032723882180632475,0.0,-0.0003175147210558958,0.0,-0.021348228373707482,0.0,0.005398410836559998,0.0,-0.002070500906822555,0.0,-0.0045202776630257555,0.0,0.01817303602653411,0.0,-0.0008924947992661943,0.0
612,-0.3358672655843068,-0.021083455267884233,-0.00047677832994179564,-0.0060594499550027416,-0.005385293987867946,0.004195291531014909,0.018987736684082608,0.12638873932252315,0.023187055600879684,-0.002786030162987405,0.026562130511618154,-0.0038583599866894077,0.0,-0.00031678443068167584,0.0,-0.00029437253770371407,0.0,-0.021013044057897116,0.0,0.005487168380569714,0.0,-0.0020703084696313667,0.0,-0.004290173887446423,0.0,0.018859265779632144,0.0,-0.0009104585465408264,0.0
613,-0.12370154105435696,-0.003484466299410328,4.287885818535729e-05,0.040129268408270434,0.03313553066519693,0.007247678707276323,0.045288280185463936,0.09957379358682748,0.02629949646210444,0.08654286820032935,0.016072689971400603,-0.00593571256386301,0.0,-0.00026206823941909345,0.0,-0.0007136256991491955,0.0,-0.013727720399032464,0.0,0.007352772747742554,0.0,-0.015304304472753657,0.0,-0.0006447048935244903,0.0,0.019035850993045444,0.0,-0.0017181981961764373,0.0
614,-0.1261290187351687,-0.0017925844437416134,4.2951673768651585e-05,0.038835130769719575,0.03280032965792421,0.007634029734251097,0.04390724296274254,0.09757053527996426,0.0245237249065487,0.09151688464508247,0.01588657987229245,-0.006158135814018488,0.0,-0.0002538411665191341,0.0,-0.0006888011695428896,0.0,-0.013076168875603679,0.0,0.007668898614232714,0.0,-0.015007786041250512,0.0,-0.0006522139207036455,0.0,0.019098578122883576,0.0,-0.0016161373373664968,0.0
615,-0.12590744293196307,-0.001772996489404941,4.385476911307638e-05,0.03855765647773023,0.03357121269662751,0.007681042617114213,0.042957554792475476,0.09456025958875923,0.02401820063192484,0.09343116738297852,0.01727947295027974,-0.006350742418746422,0.0,-0.00025262497831903593,0.0,-0.00068952417587535,0.0,-0.013079757905799344,0.0,0.007562689649699852,0.0,-0.014785429194349796,0.0,-0.0008072947680709227,0.0,0.01955511622035845,0.0,-0.001462216179037015,0.0
616,-0.1254091691492986,-0.0017312842671799481,-0.0007505726036677724,0.03901379628045412,0.033025073222355115,0.007624696138169145,0.04306176490145708,0.09349646487624208,0.023215114048123705,0.09469642381232514,0.018381330267331856,-0.006360673449604121,0.0,-0.00025262497831903593,0.0,-0.0006877196501794274,0.0,-0.01290152007425345,0.0,0.007555622417517911,0.0,-0.014740395327307134,0.0,-0.0010152760499553563,0.0,0.019339532541613046,0.0,-0.0014503842203287477,0.0
617,0.10179582824028602,0.035878304554530734,3.821853915062991e-05,0.008615557568432738,0.011209069323388143,0.0002544150901021446,0.023880378695635272,0.05337592300570125,-0.0063585604504401115,0.04066006605415213,-0.015449319380634778,0.0010186691721411913,0.0,-0.0021467029883325507,0.0,0.0008746009760968919,0.0,0.0007735886778814197,0.0,0.009194250818921007,0.0,-0.07589429665107214,0.0,-0.014576562559417482,0.0,0.023621942399284643,0.0,0.012870554719039386,0.0
618,0.10102370697185772,0.03589972632491288,3.821853915062991e-05,0.008650122448973075,0.011183221035421345,0.00028259635950422373,0.023890076894765837,0.05403343158276931,-0.0063293454877380246,0.04064873758089693,-0.015329473639318728,0.0010147179432502744,0.0,-0.0022200008580010398,0.0,0.0008746009760968919,0.0,0.000749894723296101,0.0,0.009192450711750916,0.0,-0.07591111346384587,0.0,-0.014581209527858909,0.0,0.023640849502406473,0.0,0.012884717186556595,0.0
619,0.10071230146791925,0.036003453711651555,3.821853915062991e-05,0.008629628094579556,0.011194101530373651,0.0003025762955446501,0.023918516763148174,0.05395150649319762,-0.006261338720461837,0.04067568958195987,-0.015173342097673162,0.0010257808466765243,0.0,-0.0022200008580010398,0.0,0.0008779934182289235,0.0,0.000752607697775655,0.0,0.0091926069837298,0.0,-0.07592320989000272,0.0,-0.014580338306059636,0.0,0.023628914256969426,0.0,0.012890259996139682,0.0
620,0.10068215659969268,0.03588052474664323,-0.001002960407534497,0.008447352167588332,0.011248095086867119,0.00020562544287787375,0.023856357408181508,0.054756623451194926,-0.005828741980693022,0.040149401103042826,-0.017241463519816844,0.0010356507469238116,0.0,-0.0022200008580010398,0.0,0.0009162278534949187,0.0,0.00047311456568024284,0.0,0.008968272916550633,0.0,-0.07497897130901814,0.0,-0.014322080015592311,0.0,0.023427207279540382,0.0,0.012946398061899508,0.0
621,-0.2138750573631746,-0.05517302946787609,4.73975312592852e-05,-0.00020303692830792069,-0.0003745967856925744,-0.006692675134423494,0.005289270655131802,-0.015290941074581704,0.024598195057754724,-0.01186283830291478,-0.018060626295593137,-0.008007915710061212,0.0,0.00017581458213238268,0.0,-0.00010272922951132409,0.0,-0.012711318702223553,0.0,0.002786359825786743,0.0,-0.008753837949645052,0.0,-0.003048364633797995,0.0,-0.021510114712966454,0.0,-0.0035224411895584014,0.0
622,-0.2142007310032108,-0.0526753442051862,4.633814572892751e-05,-0.001706799909333405,-0.0007553404680547353,-0.006381609189273201,0.00785519331051652,-0.01844122438530131,0.007639492626464329,-0.014681961176991488,-0.0183814090826097,-0.009046216793782244,0.0,0.0001800832094868959,0.0,-8.835787521312423e-05,0.0,-0.007229083457073126,0.0,0.002889632150534626,0.0,-0.005302843517736389,0.0,-0.002472788863705043,0.0,-0.021251013404199423,0.0,-0.0034741842659466726,0.0
623,-0.21646376182019011,-0.05081569423003326,5.243253430494431e-05,-0.0011408691217983612,0.0010442870329191224,-0.005939149619531565,0.003976776731956228,-0.017939067029683724,0.003399973696879259,-0.014758107856388241,-0.018157524836853154,-0.008891800152813264,0.0,0.00018020387560319676,0.0,-0.00010724332692893499,0.0,-0.00557962059613523,0.0,0.002972248064023306,0.0,-0.005038656140580238,0.0,-0.0024668869590279254,0.0,-0.02046659265876949,0.0,-0.0035762522071625174,0.0
624,-0.21756293530763873,-0.05052724587130855,4.667229544667496e-05,0.010618520191029872,0.01221667386761765,-0.005997428283872308,-0.004077771220450669,-0.026595235170617054,0.0008318237076660774,-0.015127014474707297,-0.017110904898956242,-0.008234814456181246,0.0,0.00015785622210664745,0.0,-0.00021088129424027863,0.0,-0.005237821208150052,0.0,0.0030161263452640917,0.0,-0.005121058067356661,0.0,-0.0017813191516497678,0.0,-0.020130237954460672,0.0,-0.003295468726440606,0.0
625,-0.25479801679992536,-0.060197102743739836,5.405362894562986e-05,0.010069822751731041,0.011807120996550862,-0.005169550042600245,-0.0058703756408091225,-0.02546829322703262,-0.0037935994029003627,-0.014794388258219987,-0.012614428254734723,-0.0074393818063604004,0.0,0.00015307497871745596,0.0,-0.00017280084485734145,0.0,-0.0039008478920779465,0.0,0.002858551650233215,0.0,-0.0049206900315495955,0.0,-0.0015512744409045924,0.0,0.019193885817634572,0.0,-0.003161065058310265,0.0
626,-0.2556004142932712,-0.05991873340200066,5.409281470283206e-05,0.010835900270128122,0.01162868185769774,-0.003951946465273113,-0.006071864142672942,-0.024655894376356808,-0.01374732938132669,-0.014625507821022439,-0.005945233620161759,-0.0077963142717200375,0.0,0.00016788950962850276,0.0,-0.00014815136106606099,0.0,-0.003608849823465706,0.0,0.002826374810225747,0.0,-0.004994028431466096,0.0,-0.001376426312964234,0.0,0.017119427555093193,0.0,-0.0032626824329049352,0.0
627,-0.2588140215826327,-0.06097322478443893,5.3847810085945035e-05,0.011438412729782426,0.01147398449667716,-0.004053913865473425,-0.006824983995387713,-0.024730171899681935,-0.016098554051636016,-0.01487833289338881,0.0023569663240968508,-0.007863711154252188,0.0,0.00023554326473291685,0.0,-0.00014537837374280614,0.0,-0.003134907516122617,0.0,0.0027831668787081363,0.0,-0.0048943481863042634,0.0,-0.0011011514018299596,0.0,0.016573528831770084,0.0,-0.0033551917164964043,0.0
628,-0.2593949397517886,-0.06235590968649607,5.30022331658071e-05,0.01147630802039422,0.01095987776141827,-0.0019372724316422125,-0.007102367048319985,-0.025259618047324513,-0.018495459835262653,-0.013955461129972226,0.0078045210108672386,-0.007895791664205105,0.0,0.00025780693840916544,0.0,-0.00015011615464263873,0.0,-0.0033886156812516456,0.0,0.002782012984338104,0.0,-0.005286794864291485,0.0,-0.001024801569290646,0.0,0.014705736314947804,0.0,-0.003744558484587736,0.0
629,-0.25676023012752824,-0.06305041400401544,5.291424673558098e-05,0.01096744382050163,0.010667763532630069,-0.0027445240334294046,-0.00668543086106395,-0.026355874692558796,-0.01991625132533219,-0.011467231333866644,0.007432659798421599,-0.007949773563834623,0.0,0.0002792450045187548,0.0,-0.00014671418660793065,0.0,-0.0034148968906628726,0.0,0.0024646979322572094,0.0,-0.005495132522552418,0.0,-0.0010889690369945862,0.0,0.013871331329067847,0.0,-0.003731622403881767,0.0
630,-0.23692081657312358,-0.054712221384117354,4.451359553363708e-05,0.009614537246305592,0.009370433183863292,-0.0009330553005777259,-0.006267858021085833,-0.02650351506537441,-0.016625343797541752,-0.011761868969967311,0.011920504672027024,-0.009126267345170282,0.0,0.00027516450947777523,0.0,-0.00015378865925992345,0.0,-0.005401756797033548,0.0,0.002428461686083767,0.0,-0.006098057235591913,0.0,-0.0013661393284250297,0.0,-0.01707744377443975,0.0,-0.0037764919597800084,0.0
631,-0.23515709867592596,-0.054779076006092886,4.463323448153742e-05,0.009653962596922673,0.009393530472075676,-0.0005713256626408141,-0.006206290910133301,-0.02694988907234694,-0.017816204156552107,-0.01234048410930122,0.01184534994178983,-0.009122994194146819,0.0,0.00028568531617555805,0.0,-0.00015979166928250147,0.0,-0.005612584572177193,0.0,0.002324293179814139,0.0,-0.006052450870157358,0.0,-0.0013730844519995733,0.0,-0.016674990588870942,0.0,-0.003802199119828399,0.0
632,-0.24114313162125275,-0.057942323260536006,3.767522080067679e-05,0.00966154766507093,0.009038874771560502,0.004801782259078317,-0.006097402866714985,-0.023543384308544517,-0.014400510445346161,-0.00912126314140894,0.011443839392014474,-0.009774123439238305,0.0,0.00025548308380725793,0.0,-0.00011710316250061266,0.0,-0.009179207270559564,0.0,0.002413398282838055,0.0,-0.0059311809102761855,0.0,-0.003371415213362778,0.0,-0.016533919009436324,0.0,-0.0035686453441899865,0.0
633,-0.24956578392827494,-0.061579941737528676,4.1860942209604875e-05,0.00912724417819218,0.00804586728125447,0.004522739919037269,0.0011047523838139046,-0.020038484102697485,-0.013209130983862342,-0.007149317288062672,0.018123789177093494,-0.010932309941143753,0.0,0.0002207451874643618,0.0,-7.215625379531478e-05,0.0,-0.01156766379387238,0.0,0.0025058977090306436,0.0,-0.005180521812639118,0.0,-0.00688306285977977,0.0,-0.016058393617967105,0.0,-0.003408571544006957,0.0
634,-0.25413032267096186,-0.061793979657400855,4.230228393530706e-05,0.010208582041156834,0.008376041275582386,0.006841054442964736,0.0008312983184165547,-0.01613801848750512,-0.013909859678019647,-0.00842194442142125,0.019260173101744,-0.010715977808209104,0.0,0.0002192923527386449,0.0,-2.189627970038999e-05,0.0,-0.011667816103049346,0.0,0.002350276730855716,0.0,-0.005297292636467064,0.0,-0.006961290997692731,0.0,-0.015432097673816637,0.0,-0.0033538287533608304,0.0
635,-0.24940432191001172,-0.060843504180609374,4.216908117536261e-05,0.015113756406314372,0.013686235849946106,0.006720095330557688,0.0012760113044387093,-0.017067502101556876,-0.01618541651858503,-0.006441193744949929,0.02275266570985177,-0.010565275752590104,0.0,0.00020930571805414017,0.0,-4.244337710703695e-06,0.0,-0.012233251811166244,0.0,0.002087299765753588,0.0,-0.00492545013507681,0.0,-0.0069109567034001075,0.0,-0.014708602220099615,0.0,-0.003297464415289855,0.0
636,-0.20639683125599134,-0.056003108860647834,4.324189833989028e-05,0.0644205412041422,0.060302526430176855,0.0070187053949721375,0.0043139831497831325,0.017870586352618265,-0.013242584576115499,-0.004054453154205382,0.028752591345467607,-0.008541007118609991,0.0,0.00023173029495733458,0.0,-0.00015513206608894288,0.0,-0.01086256762922962,0.0,0.002418542212268664,0.0,-0.003478237998696949,0.0,-0.006609834563477063,0.0,-0.013713754977502083,0.0,-0.0027908671005822906,0.0
637,-0.06719249828544348,-0.02812594193462744,4.396337054862838e-05,0.18000392134071413,0.1720776982423108,0.02903069990725431,0.02448459287489336,0.1366797643369169,-0.0039010362621880747,0.015371671758464866,0.04216080986760149,-0.0020328836675883627,0.0,3.433835420330268e-05,0.0,-0.000278451212394899,0.0,-0.006681973966915852,0.0,0.003942698567285052,0.0,0.002639997548671267,0.0,-0.0014758406215837465,0.0,-0.011846280431675715,0.0,-0.0012501069793651265,0.0
638,-0.0860176984285519,-0.03744814093012119,4.396784563464747e-05,0.16924779435182327,0.15837636882181114,0.02626361167866844,0.019297597202746892,0.12872596297590158,-0.0039142773301456,0.017798251722205352,0.03210254214541191,-0.0020040945992186978,0.0,-1.6390658513236752e-07,0.0,-0.0004776102253480348,0.0,-0.00719677490459527,0.0,0.004351237849318547,0.0,0.0033915702819379166,0.0,-0.001589764474290379,0.0,-0.011765682913281355,0.0,-0.0015621941772703703,0.0
639,-0.17487561995270065,-0.06740990800670744,4.528973921026439e-05,0.11021432287837306,0.09355920228567392,0.009997002654872226,0.0013586713501332844,0.07269159382553698,-0.023012726929885288,-0.01099349446106875,-0.004364311579498682,-0.002876539964601764,0.0,-0.0002823806990787483,0.0,-0.0013618118880979323,0.0,-0.009430930893042554,0.0,0.003549677653550834,0.0,-0.0008937401644441126,0.0,-0.007013320267951213,0.0,-0.013118456898933,0.0,-0.002164489968218155,0.0
640,-0.09251194503056998,-0.04255006820628664,4.5508703522190874e-05,0.16835261633245566,0.1508251518886953,0.025590834963628278,0.02366933954465597,0.14825117723662196,0.016898262674670123,0.006920587057012869,0.013690240097255165,-0.000502810485456311,0.0,-0.0003666393025302214,0.0,-0.0011367629225781043,0.0,-0.007271872062487387,0.0,0.004596440082677783,0.0,0.0022885338081576334,0.0,-0.0034483000834985636,0.0,-0.012687337293405593,0.0,-0.000860431645122752,0.0
641,-0.10153940586903394,-0.04774390171907699,4.639117159983228e-05,0.16085598932964507,0.14308990531756902,0.024495329096210963,0.009897892454012742,0.13719190768215958,0.01762350752271026,0.0028866320397149094,0.012536218966101556,-0.0005940786788925607,0.0,-0.00035374452286362546,0.0,-0.0011638449503818297,0.0,-0.008190221451602116,0.0,0.0046704053605584,0.0,0.0012247630157592494,0.0,-0.003777430768954018,0.0,-0.013191216309872833,0.0,-0.0008123933570294544,0.0
642,-0.10585822819688025,-0.05252802574021707,3.7418493241355264e-05,0.15535418934492448,0.13836698836629482,0.0177510124160165,0.011436039044231542,0.13045962990170595,0.018850997503901495,0.002757840474090982,0.013242291562657393,-0.000719671738762879,0.0,-0.00036565990395478695,0.0,-0.0012515988317910451,0.0,-0.012000699862228686,0.0,0.004674187832852056,0.0,-0.000566234500709504,0.0,-0.003440481317890275,0.0,-0.014079923101180296,0.0,-0.0007615508631572616,0.0
643,-0.09478234857877517,-0.053306134031525926,3.558092269003108e-05,0.1508781487362075,0.13129547080548215,0.022052326728515075,0.011528787981499743,0.1291858583746939,0.019782905913792278,-0.00047710831522526284,0.011016901683833267,-0.0014024756865619564,0.0,-0.00045672601967079246,0.0,-0.001251847511609864,0.0,-0.012138763655662688,0.0,0.004352934833568435,0.0,-0.0003487915157424501,0.0,-0.003401718781044309,0.0,-0.014424861560337305,0.0,-0.001253892371630676,0.0
644,-0.08452339913213099,-0.05252353054523289,2.715392644874362e-05,0.1555366409165407,0.13789734470423706,0.022909207186776814,0.009065837626335626,0.12817268216025157,0.012836630900692593,-0.0014010777980078843,0.029880661799558263,-0.0014547507069325115,0.0,-0.00028909566806997305,0.0,-0.0009407680549995695,0.0,-0.011780061836360978,0.0,0.004313806029754442,0.0,0.00031166526960197137,0.0,-0.003164077686047956,0.0,-0.01422616373999147,0.0,-0.0013259786527249798,0.0
645,-0.06951038189726853,-0.056966261621598895,1.346405054998568e-05,0.15851476308441584,0.14005507104895076,0.025170785294605497,0.010025919176936491,0.12835524790330474,0.0008714773543283721,7.926836273993713e-05,0.035969380572147325,-0.0011358187791892349,0.0,-0.00029215706990939314,0.0,-0.0011179950506016978,0.0,-0.011656904186220465,0.0,0.003890902093703617,0.0,0.0010382850448953937,0.0,-0.003256936026448583,0.0,-0.01478231013986647,0.0,-0.0014016854911667834,0.0
646,-0.06746017048233169,-0.058122342323501316,1.1228091459655008e-05,0.15868138409325622,0.13930491425369043,0.025088202546489462,0.010334777905260073,0.1297169073175504,0.001556302875138916,-0.004771833230474479,0.03779359006361797,-0.0012147578358184376,0.0,-0.000287113691734589,0.0,-0.0011152963620022901,0.0,-0.011973354725568604,0.0,0.0039875439601126704,0.0,0.0009301794251719376,0.0,-0.003148093135721256,0.0,-0.015061302300341955,0.0,-0.0015052209526074803,0.0
647,-0.06915633501378357,-0.05790986963716717,-0.0003673309999323475,0.15758062873592907,0.14056952496652397,0.02515704884308492,0.01380642757502597,0.1280735508417949,0.0020569390166693194,-0.0065620703243785715,0.03647192446286133,-0.0011856826014405824,0.0,-0.00028000712181547435,0.0,-0.0012984553964987264,0.0,-0.011946040902769751,0.0,0.0037793814549068106,0.0,0.0011400047750997854,0.0,-0.002986709359483594,0.0,-0.01494454870652231,0.0,-0.0014899715817823344,0.0
648,-0.370115599904219,0.01759006795696998,1.2394959563096097e-05,-8.555814889281343e-05,0.0004320754809650445,-0.006050419218234129,-0.011691359307787214,-0.0060383431283095,0.01856067603507494,-0.013346545014252401,0.004210403802546809,-0.0023015656765146358,0.0,0.0001960569449854183,0.0,5.33209614841215e-05,0.0,-0.014807740681161198,0.0,0.002739915150789372,0.0,-0.0072796722546156255,0.0,0.0005118711113333793,0.0,0.02722676848604455,0.0,0.003823652522009344,0.0
649,-0.36268885433945236,0.016368986600462706,-1.0787076768235742e-05,-0.00010265695955132275,0.0003237625633243094,-0.005945400508856529,-0.011891993252573813,-0.006491300335139427,0.012649144076164454,-0.013255342575138251,0.002240940704795097,-0.002689020307213322,0.0,0.0001834661310095487,0.0,1.718253551750349e-05,0.0,-0.014616679198411583,0.0,0.002731939131006829,0.0,-0.007079679348883381,0.0,0.0005547133936068474,0.0,0.027232382871300406,0.0,0.003872459507255615,0.0
650,-0.3483633095436869,0.012138603652756017,-1.2860060713723863e-05,-0.00011051841099215287,0.001242076629300581,-0.005996288162798922,-0.012587340762197405,-0.0005423290434983445,0.005237661385842058,-0.005260392275294122,-0.00907233734094668,-0.002996560949270581,0.0,0.00014367756717608034,0.0,0.00024456997124532026,0.0,-0.016429236664464535,0.0,0.002380511740454689,0.0,-0.006334458079210739,0.0,0.0001245557960870634,0.0,0.0271336855525662,0.0,0.0027006890754251596,0.0
651,-0.3430715576453262,0.011641181159703938,-8.960517671999377e-06,0.001578438240658393,0.002413599797199406,-0.005613224211910146,-0.013200798875696713,-0.009643128826395437,0.008844427020361938,-0.005767776387618936,-0.008004316176113952,-0.00275069416017819,0.0,0.00013710270229241344,0.0,3.5094055355744734e-05,0.0,-0.018072233721759635,0.0,0.002518899029238912,0.0,-0.006356038333629474,0.0,0.00025881504327767595,0.0,0.027697756860505997,0.0,0.0032409514908093304,0.0
652,-0.3440625420698298,0.012262123233745904,1.5132718290833721e-06,0.0018810376278227407,0.004263303844867178,-0.0058770895835166355,-0.014007870453160829,-0.014304737123111685,0.02074838422181337,-0.005102386084283328,-0.016681059838398262,-0.002182597429899244,0.0,0.00016157306654075262,0.0,9.475747716869907e-05,0.0,-0.01805432149586639,0.0,0.0028438105732738997,0.0,-0.007327176485535474,0.0,0.00022253257264926923,0.0,0.031042749187239038,0.0,0.003311236727741988,0.0
653,-0.32473132432679314,0.013975408717660407,2.6101816335081992e-06,0.007185622001671174,0.011713390802918154,-0.004864598078031535,-0.01351529714896958,-0.014573650855442006,0.02793770076445195,0.021526869231743267,-0.015700025277696327,-0.001293395093916781,0.0,0.0001618585862078826,0.0,8.764735411337932e-05,0.0,-0.01692293799497311,0.0,0.0041985641870802845,0.0,-0.007178475999738557,0.0,-0.00014468387122738534,0.0,0.029840162911278237,0.0,0.003116162039499969,0.0
654,-0.1938220550274315,0.044127434963146105,1.7205058125233138e-05,0.024338403276368693,0.035692474296696426,-0.00012733454592160902,-0.005347309820666985,0.0037780730799595284,0.07974153866845139,0.2503409001919242,0.008749757146646043,0.003513244101245903,0.0,0.00018238172266533088,0.0,0.00034483820613851574,0.0,-0.002023921786008482,0.0,0.009102910732440354,0.0,-0.0005598078892925734,0.0,0.00020511851117421655,0.0,0.02630093480539906,0.0,0.004499484632801863,0.0
655,-0.2963508124488348,0.0009049130124463355,2.3127844197901668e-05,-0.004099803533883042,-0.0005135980571677008,-0.006015180245768101,-0.013005489713949039,-0.010619701042008038,0.02897414125249645,0.13065539102590473,-0.018370242569123826,0.0013751506896295788,0.0,0.00018765707230756145,0.0,0.00025890247015595554,0.0,-0.007074712218258142,0.0,0.006687854315082568,0.0,-0.006062239929331307,0.0,-0.0008727989300746485,0.0,0.01993707798748088,0.0,0.003303089718396903,0.0
656,-0.3193349871869034,-0.007319306644880058,2.3942738887079948e-05,-0.006671653999426935,-0.0034995089467634113,-0.007191740421217851,-0.011068658729499407,-0.009748496177969987,0.02380630814856335,0.09853018865487383,-0.018678346935244814,0.0006586822390283745,0.0,0.000181103733848485,0.0,0.000260218826300681,0.0,-0.008132368680100418,0.0,0.0062445449473152006,0.0,-0.006656806907768077,0.0,-0.0010758344971720183,0.0,0.018874745916708784,0.0,0.002939492567428983,0.0
657,-0.3563353395052171,0.02262367216479209,2.656598049667787e-05,-0.0015487057023660911,0.00010491496313300767,-0.006168382537564849,-0.009679952218722258,-0.01190393515011518,0.005197879137308582,0.007760218860395399,-0.01509724354875651,-0.002486379677097287,0.0,0.00018433430825231034,0.0,5.575992689166739e-05,0.0,-0.012095786208450802,0.0,0.0030559767345608316,0.0,-0.00489929718546801,0.0,-0.0007257126840129341,0.0,0.02560116534893878,0.0,0.0010892153034411226,0.0
658,-0.3687173242413334,0.0278302024968723,3.38346664175365e-05,-0.0013309173306557478,3.051395423506587e-05,-0.006653498918407993,-0.006578504047819874,-0.01261117962052175,0.00207092252115768,0.0018958480714809972,-0.0054396126910650055,-0.002912355770893085,0.0,0.00020153939726445412,0.0,0.0001167208958608162,0.0,-0.011268094629160333,0.0,0.0030892289469216993,0.0,-0.004519526417052347,0.0,-0.000323737166521126,0.0,0.02312171248373228,0.0,0.0011303545466158473,0.0
659,-0.366504762736,0.03054843223223488,3.9231095965282065e-05,-0.0011846941919485304,0.0006170337024366571,-0.006656973375049416,-0.0062007795626986785,-0.010088850977999839,-0.0017930255657681057,-0.00010188653467950285,-0.008109726453969502,-0.002878973220466943,0.0,0.00019944487146929593,0.0,0.00014674970345109642,0.0,-0.01122073700491453,0.0,0.003078319392904316,0.0,-0.004120612922373707,0.0,-0.0005520197394282994,0.0,0.023786163955461636,0.0,0.0012823627111633738,0.0
660,-0.3725847893529943,0.03104282976218284,3.011844548981345e-05,-0.0009828274709014616,0.0006458221199270172,-0.0061248427562338266,-0.004357268384110587,-0.0031917130091564526,-0.007078945482416758,0.0005046703047750222,-0.008190741000287409,-0.0028107334402262007,0.0,0.0001969078247440003,0.0,0.00011761108491290732,0.0,-0.011221721105377861,0.0,0.003070463793798152,0.0,-0.004231857780924083,0.0,-0.0004972084703276917,0.0,0.02238354372345544,0.0,0.001328240108136681,0.0
661,-0.36901249042035245,0.03531127349496046,4.79369099335331e-05,-0.0006417485211708282,0.0008320977471051081,-0.004740493230049894,-0.004435090061039033,-0.002124683667773838,-0.014911295125125056,-0.005602728356792058,-0.007092547617580795,-0.0032106466429687717,0.0,0.00021170178070786214,0.0,9.502385547023523e-05,0.0,-0.009747087239346062,0.0,0.0033117920301700605,0.0,-0.0040407263711567795,0.0,-0.0006133840592260042,0.0,0.02204936023408895,0.0,0.002361294174610154,0.0
662,-0.36484974517713403,0.036101068626049906,4.7254672332872425e-05,-0.00037509660556197687,0.0008963758041546846,-0.005048917261032423,-0.0038794472181959646,-0.0021078731184559292,-0.014846262522378672,-0.006668359212172504,-0.013933974940598611,-0.003254233447106027,0.0,0.00022012306093913527,0.0,8.233520858185188e-05,0.0,-0.008684012943433071,0.0,0.003284427587527606,0.0,-0.004014334920645026,0.0,-0.000748800878959979,0.0,0.02241198214803303,0.0,0.002296481819858906,0.0
663,-0.35544826562896253,0.03665624494182314,4.699323643618235e-05,0.00021848951715674033,0.0014197526224250154,-0.005575118111899299,-0.0037960640161274466,-0.008762181149920554,-0.015671198188109556,-0.006586078913716458,-0.01521090594957819,-0.003062109552221769,0.0,0.00022178291659858654,0.0,8.56714411265271e-05,0.0,-0.008779954158471878,0.0,0.0031810992338032755,0.0,-0.004362972737042087,0.0,-0.0007276169140605012,0.0,0.02342537255608893,0.0,0.0030117542344413745,0.0
664,-0.351538364598367,0.036409113130343916,4.6247405395761705e-05,0.00016980641300154062,0.0016269586857470583,-0.005532169302449013,-0.0036089371356913913,-0.011301039097600166,-0.01779012567856022,-0.007519419073766143,-0.01478271656944411,-0.003256837446744732,0.0,0.0002194815175378126,0.0,8.381343211657374e-05,0.0,-0.008621018463790786,0.0,0.0031999236256217162,0.0,-0.0046073344948570705,0.0,-0.000813361676962324,0.0,0.023672877486923042,0.0,0.0031092289886732022,0.0
665,-0.3506460899487589,0.03733511185592292,4.598809594985702e-05,0.00021156964953856976,0.0015431999765096185,-0.005627660842709782,-0.003997463287392444,-0.011323906427351135,-0.019456701990724662,-0.008595751320052959,-0.01618196046053359,-0.0031930109188687177,0.0,0.00023003182638605584,0.0,8.056020354561335e-05,0.0,-0.008015869338836294,0.0,0.003187174000137098,0.0,-0.00438246106053301,0.0,-0.0007955577322025256,0.0,0.024162756772613456,0.0,0.0023490316291651507,0.0
666,-0.35104483283243487,0.03813871813327786,4.599889817903076e-05,0.0005286459716799227,0.0018205075768756348,-0.005745380425903355,-0.004275041882742811,-0.010089931842872383,-0.019879716421019884,-0.008334566397988049,-0.01579006071112957,-0.0043516833279197975,0.0,0.00022813107822285342,0.0,9.577865503312684e-05,0.0,-0.007919794877850035,0.0,0.003176041355684363,0.0,-0.0044288029209768745,0.0,-0.0008612005505195517,0.0,0.02443010164505124,0.0,0.002304647791820321,0.0
667,-0.33213143748513246,0.04126946170767543,4.6150598257181916e-05,0.0009742590886570802,0.0020737971312992025,-0.006406561670424718,-0.004884407632612836,-0.012264817360248726,-0.020294621006039303,-0.009462824848244377,-0.016738127685188682,-0.006062440038717266,0.0,0.00023102174736804338,0.0,8.847407201651862e-05,0.0,-0.007609162437643135,0.0,0.0029471115355971743,0.0,-0.0045111440541020596,0.0,-0.00109395609092162,0.0,0.024343561847970045,0.0,0.005430313217497947,0.0
668,-0.321874651870378,0.044356665755374176,4.502695600496173e-05,0.0015264153975502414,0.00350289267224625,0.003059370592489591,-0.005447092530828705,-0.012791673710873147,-0.02248323519712856,-0.008895701465470189,-0.013527026458785927,-0.005778513843899058,0.0,0.00022804272554902526,0.0,7.622062100051896e-05,0.0,-0.008716589009752036,0.0,0.0029076389266302644,0.0,-0.004138147888256324,0.0,-0.0010995219088019304,0.0,0.02511522218871389,0.0,0.00896208273489519,0.0
669,-0.33026247493438854,0.04749573225132259,4.380019566107319e-05,0.0015801481819056903,0.0032817240527904744,0.004249932277876679,-0.0028904247297505655,-0.012963373460843414,-0.02173137570343065,-0.0010005374956725073,-0.005774003667223472,-0.005156052873766021,0.0,0.00022767613755533318,0.0,8.609594153503313e-05,0.0,-0.00953769027569123,0.0,0.002769503351762274,0.0,-0.003559834495836734,0.0,-0.001008978739457611,0.0,0.02198425319077791,0.0,0.009497556040437873,0.0
670,-0.33018814865216123,0.050566775217564225,4.349733600619698e-05,0.0013759579769164845,0.00379775731579843,0.007033634316683501,0.012384805030162508,-0.011639921056162475,-0.021258255107917394,0.002070972361407623,0.008234262753529802,-0.00447209834604274,0.0,0.00029648226448465817,0.0,0.00017811476921241829,0.0,-0.010523813992071994,0.0,0.002341426885882341,0.0,-0.002833857556735106,0.0,-0.0004445755265458949,0.0,0.02167467445806335,0.0,0.019029555267287557,0.0
671,-0.3374563883901475,0.05163479300563326,4.3511692882776284e-05,0.0011626621600700408,0.00329751784960832,0.0069412106116848804,0.01796148681133159,-0.010849226357471372,-0.020336326665590106,0.0012925816463595714,0.01436842711162928,-0.0039501368540754605,0.0,0.0003286362861245729,0.0,0.00019289830018443777,0.0,-0.011242735632862835,0.0,0.002416925735379702,0.0,-0.002484824544282672,0.0,-0.00014342197849771544,0.0,0.020778100744825726,0.0,0.02042296357854918,0.0
672,-0.336050979214635,0.05350418638125122,4.361774422656877e-05,0.001012541021115644,0.003050508271164313,0.00757194686615126,0.021936911143132388,-0.010737343562239807,-0.019168502311180363,-0.0007640814357748728,0.017114948988347835,-0.0044500449934261254,0.0,0.00035316148434425606,0.0,0.00020337087285124546,0.0,-0.011307209962060851,0.0,0.00209304066297495,0.0,-0.0021295613121236163,0.0,-3.2452950873401116e-05,0.0,0.01947254840047342,0.0,0.02049202664625231,0.0
673,-0.3448257683163286,0.048518463882815895,4.485898568637428e-05,0.00047473575192476155,0.0022696100694497754,0.008372755011968295,0.01421855436099758,-0.008920768601855148,-0.015169857786024152,-0.00040226079033539103,0.018723475151659476,-0.004391731529312278,0.0,0.00035464994971655145,0.0,0.00013272617375626304,0.0,-0.011512552997650645,0.0,0.002071896656009615,0.0,-0.0022631836923883786,0.0,2.8369963720900814e-05,0.0,0.01950169275350368,0.0,0.02044158071804802,0.0
674,-0.3402583928953127,0.05188601083311215,-0.0008888250061879831,0.0008294436893511204,0.0031509757376060395,0.007445930939607566,0.013559799788306674,-0.0056021568017740175,-0.012775895202633322,-0.0007369737951085462,0.022005363782525177,-0.004560304034313756,0.0,0.0003427996527754003,0.0,0.00014747024668291145,0.0,-0.012027478566998881,0.0,0.002141460129453533,0.0,-0.002292837548479484,0.0,-0.0004701582978043451,0.0,0.01887981824369943,0.0,0.02031401361280133,0.0
675,-0.20453060853359273,-0.0206872601034009,1.963862921382509e-05,-0.0007388271383684871,0.0003691936590060274,0.034985545429099124,0.057117768409474856,0.10285973599345373,0.04349953619068664,0.0002328713713115293,0.02569931040214658,-0.002019118185165567,0.0,-0.0004051703435387695,0.0,-0.0002719627183803667,0.0,0.025557527112357592,0.0,0.0208774266427358,0.0,-0.0016525951377151717,0.0,-0.00603659286078087,0.0,0.018892528400233147,0.0,-0.0004641176107958281,0.0
676,-0.20681483930756256,-0.02090660297274494,1.981500303825879e-05,-0.0009354732034687153,0.0005245159067756005,0.035011625396926975,0.05753363905549403,0.10052678842236605,0.0423307073048365,-0.00311087186927447,0.025629252179978235,-0.0020428546529541324,0.0,-0.00040503390813837213,0.0,-0.00048397877868115323,0.0,0.025124049335177947,0.0,0.020385377892273553,0.0,-0.0016697516832402182,0.0,-0.005992332942692507,0.0,0.019022488085601794,0.0,-0.00050880374969145,0.0
677,-0.20399513133010339,-0.022517470130815277,1.9817767933504852e-05,-0.001437216847813858,0.00014730169799936742,0.034847762714069655,0.057659332500745175,0.09921973108939611,0.0389736183528847,0.005749890480031808,0.02570461003180071,-0.0020884920667288806,0.0,-0.0003910341517242417,0.0,-0.0006905980824158486,0.0,0.02545957017291588,0.0,0.021800412821156696,0.0,-0.0012260256174120533,0.0,-0.00564412646712831,0.0,0.018886029408898292,0.0,-0.0016474256663594252,0.0
678,-0.20516765590838743,-0.022031449435052097,2.0368141111456472e-05,-0.0015386685938328097,-0.0004892876163301983,0.03397300565987616,0.056146113045965694,0.10016344857702406,0.03953982018580263,0.01064757015569669,0.025216781626337777,-0.0022557855729935265,0.0,-0.0003912044979299703,0.0,-0.0006541251528466469,0.0,0.025943263869685807,0.0,0.02106642936165991,0.0,-0.0008283866414466723,0.0,-0.005584126895994511,0.0,0.019285273411863514,0.0,-0.0019936905775550934,0.0
679,-0.19046422448032438,-0.019162922056366077,1.8764411482689117e-05,-0.0009154246873925156,0.00015909221885730565,0.027555903911833143,0.0465869170660266,0.07450076484100035,0.03421112714565317,0.07771384802547128,0.02831391310443902,-0.00030324084756289327,0.0,-0.0003784004210701151,0.0,-0.0005505734281827937,0.0,0.017196052026874284,0.0,0.013876031230142447,0.0,-0.0011285371137023435,0.0,-0.005599265638032414,0.0,0.013550163937355482,0.0,-0.0006223632179422356,0.0
680,-0.18917350487972603,-0.01887895514454774,-0.0004282426713348702,-0.00033667397458918524,0.0006742124110140096,0.0270529540410284,0.04603249315016082,0.07264100216330972,0.032686303259509254,0.08111416806275303,0.028129874550218023,-0.00034213171552558124,0.0,-0.0003793073990308052,0.0,-0.0005506746186447261,0.0,0.017373621813938228,0.0,0.01438481783222444,0.0,-0.0009102937925862455,0.0,-0.005585121800670908,0.0,0.013792874981233562,0.0,-0.000502653774849474,0.0
681,0.14974863430031898,0.05517362736049763,3.401542521047989e-05,0.0064992682630626115,0.00468137314405604,-0.00036722312567014185,0.02000763091957005,0.05091102529607899,0.00277244316161483,0.03521156891014312,0.030248714721498805,-0.0005694136010085123,0.0,0.0008611533734391445,0.0,0.0005315115306995855,0.0,0.002502637539250857,0.0,0.007207064120383262,0.0,-0.06485505748160013,0.0,0.010815366220617535,0.0,0.01159495335240505,0.0,-0.00375368082482823,0.0
682,0.14918507599984934,0.055194480751290215,3.401542521047989e-05,0.006480418363775792,0.004681998917599254,-0.0003653293153681913,0.019970410882787046,0.05065632996569543,0.002679937565905368,0.03613248375721295,0.03025948901388801,-0.0005604249667599843,0.0,0.0008611533734391445,0.0,0.0005315115306995855,0.0,0.0025045570324253637,0.0,0.007208882524002745,0.0,-0.06485099868120618,0.0,0.010801672808243313,0.0,0.011593377745533652,0.0,-0.0037434300884832644,0.0
683,0.150049883061792,0.05509212852454627,3.401542521047989e-05,0.006480183799103562,0.0047170973340440545,-0.00018990447481360818,0.020027351092911615,0.05065215660487182,0.002569301894132335,0.03615167423611128,0.03010154759062721,-0.0004769344004536561,0.0,0.0008574785185093934,0.0,0.0005314991106693867,0.0,0.0024953966016418973,0.0,0.007202838762623617,0.0,-0.06442023558773495,0.0,0.010838384589916483,0.0,0.011408214698486295,0.0,-0.00374789654379309,0.0
684,0.14999943483531727,0.05536106132187925,-0.0009804871677429954,0.0065370866047415295,0.0044932965442277826,-0.0002800364440876426,0.020066007575239863,0.050554467023631734,0.003393133178774854,0.03672293614312848,0.028080733753651842,-0.000451928347068577,0.0,0.000841077638552405,0.0,0.0005596437548485265,0.0,0.0023836754983634556,0.0,0.007151056311712956,0.0,-0.06367710053269762,0.0,0.010902434021852814,0.0,0.011348696813764757,0.0,-0.0037495759223503703,0.0
685,0.008777748022229472,-0.009695113346178752,-3.219847675073562e-05,-0.006049811133378153,-0.006296819958694049,-0.023347466672434758,-0.009230959841871701,-0.04054648556509031,-0.004533381341726745,-0.02002075456341875,0.001861376320105358,-0.014793375804343973,0.0,0.0005016461112458786,0.0,-0.0006611812702446042,0.0,0.00030383858860522024,0.0,0.005089124148921171,0.0,-0.043854667274164844,0.0,-0.029676174068298516,0.0,-0.09989308182744637,0.0,-0.007214882103516968,0.0
686,-0.00259345113571033,-0.00923534281326672,-3.231842011106658e-05,-0.00842050852817639,-0.007558422902324635,-0.02300650633419701,-0.008092814682322624,-0.04045190328478211,-0.01822498774980304,-0.019975088917348737,-0.0028220521610623057,-0.015222457680324118,0.0,0.0005193940400269855,0.0,-0.0006613859520316981,0.0,0.0004440565846073945,0.0,0.004617955593626096,0.0,-0.04185479144822814,0.0,-0.028865632773773395,0.0,-0.09740509738839825,0.0,-0.007316901686744727,0.0
687,-0.006523361394591774,-0.00609578263095542,-3.225598643724285e-05,-0.007729672161417114,-0.009424839381667776,-0.02301869180652635,-2.8636042446928535e-05,-0.041633526145031595,-0.031264498076730686,-0.018974568006362744,-0.003300318602187044,-0.014564404773140041,0.0,0.0005397207419412794,0.0,-0.000681706433539414,0.0,0.0002968787173292419,0.0,0.0047207732118731685,0.0,-0.04163602243848997,0.0,-0.027536407589416553,0.0,-0.09961867490556392,0.0,-0.007482241565619334,0.0
688,-0.004731214944864671,-0.006478492170762112,-1.4850797504500503e-05,-0.009358487531090824,-0.011235697964915619,-0.021044523404655006,0.0018759652183355094,-0.04383075796969827,-0.042472035621052215,-0.017214644626147975,0.005553603449558761,-0.01462755987120374,0.0,0.0005192134428089084,0.0,-0.0009165230310416399,0.0,0.00019757348560156353,0.0,0.004493755686660198,0.0,-0.04161682937794612,0.0,-0.033957630397073384,0.0,-0.1013900256780591,0.0,-0.007806187259889565,0.0
689,-0.0027550206141574445,-0.0060180672275704445,-1.4632016956475196e-05,-0.008406305771287701,-0.010366660007108884,-0.021822365365780066,0.003585797565294987,-0.03634181897158216,-0.044978913849526805,-0.01575729926662577,0.008875662018048737,-0.014824176721994342,0.0,0.0005244445880236072,0.0,-0.0008872933958493279,0.0,-0.0001419118367312443,0.0,0.004325294637820169,0.0,-0.039041611637732884,0.0,-0.03663372709349882,0.0,-0.09990018233776475,0.0,-0.007816606800689619,0.0
690,-0.0023595845409885743,-0.007622150614306546,-1.4632016956475196e-05,-0.010554756157876863,-0.012749560134577509,-0.023205832121517826,0.006383895208986834,-0.03285295815004175,-0.045587128669845586,-0.015337839154214848,0.004153230652473512,-0.014717420405574512,0.0,0.0005245294972330782,0.0,-0.0009297937902432298,0.0,-0.00045421423852459513,0.0,0.004075078304295798,0.0,-0.038627849950965215,0.0,-0.03655599845120281,0.0,-0.09708908622979594,0.0,-0.00822902784001303,0.0
691,0.001932413675572575,-0.009726719960191631,-1.481130966976357e-05,-0.009613272424757555,-0.011893409065747276,-0.02782258536763283,0.002549380833378105,-0.040449110787801966,-0.04955472513392102,-0.01201160590488349,0.0058400738100698206,-0.014934937075501097,0.0,0.0005591071971015602,0.0,-0.0009427694511023427,0.0,-0.0004393315182395673,0.0,0.003805141479294597,0.0,-0.03919928009808425,0.0,-0.03652024248814293,0.0,-0.097305599381228,0.0,-0.008313066391453244,0.0
692,-0.003388874182424176,-0.005584348690353266,-2.9417232205344867e-05,-0.008794335156209832,-0.012350256109285732,-0.027206732407375263,0.0030177781391774816,-0.042346402101573956,-0.0521907453128748,0.0012866187488348435,-0.012279424488302193,-0.01452783807418146,0.0,0.0005902483250775772,0.0,-0.0011515951529910164,0.0,-0.0007512326769047506,0.0,0.004168542877432834,0.0,-0.03984099448780085,0.0,-0.0350733469886831,0.0,-0.0962070010949053,0.0,-0.008107402693365016,0.0
693,-0.005242405189706535,-0.0019652759126722076,-2.9438474353334215e-05,-0.008360678622725555,-0.012382873194766223,-0.025544888820300714,0.0029234255864918927,-0.04214574659270897,-0.04777919050512293,-0.003559252364118356,-0.01686334503092525,-0.01434322170638281,0.0,0.0005333243049484919,0.0,-0.0010608267518546627,0.0,-0.0006682107262627071,0.0,0.004499095881232556,0.0,-0.03924141310569618,0.0,-0.03568568109264845,0.0,-0.09465623921729249,0.0,-0.00807534899138644,0.0
694,0.003410772634675672,-0.0013217959845006097,-2.9817197074940025e-05,-0.011849357835519195,-0.01524305628890235,-0.023755334241448618,0.0023290943554351265,-0.03821491020145325,-0.04490601766119754,-0.004869331290588964,-0.016111084661317724,-0.015572406199311568,0.0,0.0006146547795633995,0.0,-0.0009673898984683918,0.0,-0.0007891794254309759,0.0,0.005002487027298644,0.0,-0.037492287153146994,0.0,-0.036415413756933745,0.0,-0.09525938237971333,0.0,-0.008141321054255905,0.0
695,0.017755496545460485,-0.00215360573704391,-2.9412775967890663e-05,-0.012450613095846512,-0.015677761411358158,-0.023623542794127633,0.0007698688410384904,-0.03715656640953281,-0.04871590461324492,-0.007160242008843147,-0.014873750470461826,-0.01592436261155418,0.0,0.0006544088688313518,0.0,-0.0009155247071345759,0.0,-0.0007123373213345612,0.0,0.005285406338320704,0.0,-0.03901810924421396,0.0,-0.03966933694994967,0.0,-0.09022932220280308,0.0,-0.007905887043889908,0.0
696,0.0188721109574965,-0.0010754457916217004,-2.7052751815125442e-05,-0.012483458656274265,-0.01449133676338088,-0.023370191793621615,0.0009967955061959827,-0.03993043602060457,-0.05275725373120158,-0.01127398353346453,-0.010152803454631142,-0.015918647460905065,0.0,0.0007198840497857699,0.0,-0.0009163874516342211,0.0,-0.0010575368010924645,0.0,0.004784428794563802,0.0,-0.038636694961120474,0.0,-0.03866896464385737,0.0,-0.08711022009501662,0.0,-0.008135335968794026,0.0
697,0.04887759030235917,-0.003191210457566248,-2.0304631571963656e-05,-0.013092885130029937,-0.015134269592799144,-0.02400407568866839,0.0004904125505491547,-0.041351183904387474,-0.06437486361193094,-0.015227040453918816,-0.006220288155069246,-0.016150402243119748,0.0,0.0007241726465682092,0.0,-0.0007727069475532515,0.0,-0.003960029440388002,0.0,0.006279471360547281,0.0,-0.037246047128183885,0.0,-0.04081793572076452,0.0,-0.07931707018101991,0.0,-0.008226772421450824,0.0
698,0.06931191614781808,-0.0006457309396093901,-2.4928056777979697e-07,-0.015747244898613753,-0.016290345793475925,-0.022289596342543405,-0.0010240364810789376,-0.03738741441584095,-0.0701561251390941,-0.020944136799870783,-0.006274427396205111,-0.015172273411278138,0.0,0.0006561745666859326,0.0,-0.0007111870893102979,0.0,-0.0046855828456172,0.0,0.007913029652960047,0.0,-0.035569456765484314,0.0,-0.04284401736156351,0.0,-0.0700451303801046,0.0,-0.008458239222359758,0.0
699,0.1178559218144215,0.009443770077417028,1.607413032327706e-05,-0.013578526181275188,-0.014141088790750156,-0.01753541332007131,0.0014614090872952098,-0.014291071052544726,-0.06630898051016962,-0.019564960090473073,-0.0016261693040973662,-0.013682917989188623,0.0,0.0007559141114166171,0.0,-0.0005921332153170173,0.0,-0.0014583420338099356,0.0,0.010325864521847921,0.0,-0.02617656730661521,0.0,-0.03866598638014894,0.0,-0.058198434780303655,0.0,-0.007937112598322806,0.0
700,0.2780077182708913,0.07111574075353995,1.531254147745057e-05,0.0012719221323511682,0.0018070572070193129,0.006347479191404457,0.014100639317914741,0.03771979956229674,-0.010056247186961692,0.003682422486094817,0.04868625103939582,-0.0025247415246867563,0.0,0.0012166596945712782,0.0,0.000914164362267198,0.0,0.0096576610836405,0.0,0.01940101549228172,0.0,-0.00013759708416459022,0.0,-0.011792899851880511,0.0,-0.01338164714998809,0.0,-0.005922614510248161,0.0
701,0.3182607869495627,0.0920405567717871,7.310025204297182e-05,0.005138034235785205,0.005865292661120536,0.011036371408962648,0.015332199874106996,0.036815819015723325,0.0057704291982927725,0.0016512434126177084,0.07428900777773856,-0.0010990166004208237,0.0,0.0012171291540715777,0.0,0.001269097687975922,0.0,0.010126866774807666,0.0,0.020145007122873693,0.0,0.0036016581769891397,0.0,-0.005376189752370568,0.0,-0.004596819827765658,0.0,-0.004967154081896133,0.0
702,0.3223604904783842,0.09470404492099103,6.820616275750819e-05,0.005433029702391175,0.007760222521256309,0.011327921301377417,0.016742986737631253,0.03422077596258517,0.009627233568667907,0.0051785183950686904,0.07648380803784148,-0.0007134681373222082,0.0,0.001210524207738012,0.0,0.0012012711099582231,0.0,0.010561954989698077,0.0,0.02059275238823678,0.0,0.004220484952630899,0.0,-0.005390098736546282,0.0,-0.00193773866616183,0.0,-0.004688135031934722,0.0
703,0.322438998735682,0.09908368900853567,6.800900267350296e-05,0.003579708214816992,0.005927440922685204,0.011479757167507288,0.017014776130572316,0.031019697787431102,0.017944763763099673,0.006679516968208504,0.07842128200264807,-0.0005250282455943901,0.0,0.001212201428878318,0.0,0.0013492115178552996,0.0,0.010688527530420155,0.0,0.02035283816313952,0.0,0.004468742890154856,0.0,-0.00467864888437293,0.0,-0.001726059993546192,0.0,-0.004648956918924099,0.0
704,0.31659582713489043,0.10100042178446962,6.950453201796564e-05,0.0041800201254648265,0.005905150094465542,0.010791365503858816,0.01702150920968977,0.02683013106070888,0.02632585195363556,0.005973468975172286,0.07745425450809461,-0.0003311265601752393,0.0,0.001220064750528411,0.0,0.001243882836130393,0.0,0.01022401383287844,0.0,0.020154774960769135,0.0,0.004249313432665584,0.0,-0.003900665855314284,0.0,-0.002667300648712787,0.0,-0.004427130904691895,0.0
705,0.3165709250777814,0.09920790541572025,7.2461246929768e-05,0.00470728153149015,0.006228619163877375,0.01026670871518761,0.0169610817657801,0.02091292945040466,0.03140474390115674,0.0067612819467728095,0.07631970419027535,-0.00033193378777187765,0.0,0.0012240404317692885,0.0,0.0012934247387783925,0.0,0.010645081950684287,0.0,0.01977840403306333,0.0,0.003717208943913228,0.0,-0.003438705865837971,0.0,-0.0033220219593023694,0.0,-0.0044215148621123395,0.0
706,0.3141659246168049,0.09593434112840273,5.5359170569140304e-05,0.00362096971327691,0.006542476497648517,0.01011407117973256,0.01699770494044281,0.020871144443755263,0.02969495024584439,0.00763806960714045,0.07288047777860246,-0.00027080871311265794,0.0,0.0012940927336862627,0.0,0.001299111890420382,0.0,0.010964126218013086,0.0,0.01927810772159139,0.0,0.003920101262049328,0.0,-0.0037434781143059026,0.0,-0.004632742969328827,0.0,-0.004370623881955985,0.0
707,0.32387014742299197,0.08587003298318112,0.0001627613068275137,0.005177018146480969,0.006706396254886659,0.008870081035705739,0.01633046479691179,0.015918783852655875,0.02827578324618156,0.009839739034516383,0.0655095223324174,-0.0008009723586207413,0.0,0.0014417070227524139,0.0,0.0013395567656431676,0.0,0.010780071201342367,0.0,0.018030851550618836,0.0,0.006842100571557032,0.0,-0.006081422354853617,0.0,-0.0027104019640583504,0.0,-0.004304527704484055,0.0
708,0.3260696980754287,0.07668437318329131,0.00023650292612215383,0.005593714412793109,0.005675101345376939,0.007745708840092656,0.016506085692327484,0.011903276342965629,0.027478431061564664,0.008394196527165438,0.0631785295185218,-0.001123443646518816,0.0,0.0013198898693377742,0.0,0.0008940092565583395,0.0,0.010762128453121292,0.0,0.01600733542188112,0.0,0.00925291766203958,0.0,-0.006997682278729937,0.0,-0.002052041647958558,0.0,-0.004358129595320406,0.0
709,0.33206070372123475,0.07404197048770149,0.0002967127932718544,0.00608517550842285,0.005870712436250768,0.006720707751770647,0.02191557817408159,0.012291544476275595,0.027251063803713883,0.002049847117852912,0.06363929768468755,-0.001806536353823294,0.0,0.0014606299391299864,0.0,0.0008190332122094781,0.0,0.008796877916881343,0.0,0.015625598183475115,0.0,0.010755114479278292,0.0,-0.006089438199919232,0.0,-0.0017217694122703736,0.0,-0.004655085834840755,0.0
710,0.36692617239259806,0.06598010758066225,0.00038677556780810144,0.008539110142508684,0.008564822472838341,0.003959725800740052,0.021725324556049225,0.014673366131720872,0.027115959931628544,0.0021397874532762106,0.05674145132001688,-0.0012980160127167482,0.0,0.0016073788460335208,0.0,0.0007048092123952362,0.0,0.005800390966924238,0.0,0.01352686987485007,0.0,0.01562564630966676,0.0,-0.009421761760676188,0.0,-0.003514463786717083,0.0,-0.004241490926304591,0.0
711,0.3662100562051528,0.06271018943375273,-0.007459599122256644,0.00698996046630712,0.007416428379097251,-0.0034156272457831387,0.019419168636690198,0.01697645334808681,0.019825802390535628,0.002737995129783869,0.04301284621403588,-0.0020792562743952893,0.0,0.0016839171084697179,0.0,0.00032080006292775013,0.0,0.004151952176242135,0.0,0.012751663140279824,0.0,0.014894133049284988,0.0,-0.012670679213579216,0.0,-0.005296218882386743,0.0,-0.004092157631403751,0.0
712,-0.036615010272506514,-0.003753255044616471,2.894744555395362e-05,0.024971434400183717,0.024562404757774048,0.008418110476790064,0.04188816664552568,0.08025641702735861,0.013575337487668503,0.09147819919036164,-0.01592099971380185,-0.003591552264271263,0.0,0.001695083738209425,0.0,-0.0007936821806427745,0.0,-0.009641767211279887,0.0,0.006576729439400744,0.0,-0.0069896459721846575,0.0,-0.003213441744259208,0.0,-0.023080626067401404,0.0,0.010836529805685807,0.0
713,-0.032010291773550414,-0.00488315242410731,2.914698846538701e-05,0.0242127380403751,0.024129774324509835,0.009846325281111262,0.04122774756348453,0.08137866895498617,0.013033445633449103,0.08842691894683559,-0.013035003816495569,-0.003882579409093861,0.0,0.0016931378949952205,0.0,-0.0008006056581264612,0.0,-0.009943411032035868,0.0,0.006590178439349733,0.0,-0.0070712710802186135,0.0,-0.0031644925919610033,0.0,-0.022941419030292506,0.0,0.013444365855178744,0.0
714,-0.03149331436070281,-0.004924331682203943,2.6226816702308384e-05,0.023397269879242386,0.023964709348598016,0.010033425702680808,0.04136200282989062,0.08129007228265857,0.01316534876657471,0.08821181592338781,-0.013756953080298173,-0.003925826008833793,0.0,0.001699738519625998,0.0,-0.0008067465893981839,0.0,-0.010002334177371676,0.0,0.006598177309568024,0.0,-0.007006522567783871,0.0,-0.0031440501662396854,0.0,-0.02289278282011427,0.0,0.013365726948214175,0.0
715,-0.027400821813370495,-0.012120482098675629,2.647541006180746e-05,0.02372143558791915,0.024308405079702323,0.009122332602477957,0.04358220302387549,0.08547113510528997,0.012278347063943058,0.08761297852200926,-0.012659852469781463,-0.004030013558850543,0.0,0.0016626124856511236,0.0,-0.0008150719677299034,0.0,-0.011175889308543427,0.0,0.006525996397810832,0.0,-0.009862471229492817,0.0,-0.003114982976295403,0.0,-0.02206648395255905,0.0,0.011858664505430246,0.0
716,-0.03647950961973085,-0.013082644345503693,2.647541006180746e-05,0.026479608080612293,0.02659209408980355,0.01098195601177957,0.04418924215305843,0.08872359862346894,0.01507368991789992,0.0864289646430083,-0.011399019969288502,-0.0037582507671922844,0.0,0.0022062793728934264,0.0,-0.0008144161243634207,0.0,-0.012253388882502911,0.0,0.006413686474548724,0.0,-0.013957277719400892,0.0,-0.0033730274240922997,0.0,-0.01830584800761396,0.0,0.01258800918941266,0.0
717,-0.03541741142234568,-0.013084621915854518,-0.0007302910068779737,0.02648086876981154,0.026208847235718875,0.010950250600495776,0.04402212011752128,0.08826249321796766,0.015139574198915883,0.08464532567531413,-0.01014717060244397,-0.0037283346233557466,0.0,0.0022062793728934264,0.0,-0.0008188272262265968,0.0,-0.012233005824404838,0.0,0.0064106577365462296,0.0,-0.01395585594423218,0.0,-0.0033712575960494298,0.0,-0.018024608558465178,0.0,0.012346620669267873,0.0
718,0.08781625373597025,0.06698888815271166,3.0279312356202944e-05,-0.0004930858310524163,-0.0006868593380087078,-0.009495827681517027,0.02219126312786825,-0.02328646247692708,0.005336323005133375,0.014820126584355732,0.07422419833277688,-0.009466223763572604,0.0,0.0006283220626135822,0.0,2.3780461783091176e-05,0.0,-0.03902774163429807,0.0,-0.021008294724506046,0.0,0.008995228145167363,0.0,0.0007845156990701102,0.0,-0.049332034618051156,0.0,0.02130916092187677,0.0
719,0.10089402932964416,0.08337924900978085,3.6084565184351735e-05,-0.0012861611484001802,-0.0008890589089464235,-0.008963957495087936,0.01962420882903148,-0.022351712550082406,0.0038544318971017524,0.011856804093072793,0.06494343973488084,-0.009338999760969502,0.0,0.0006166386444734916,0.0,6.677931094737835e-05,0.0,-0.03904567459549715,0.0,-0.020112171005689274,0.0,0.009141850993492164,0.0,0.0003505641650277217,0.0,-0.04554887418665553,0.0,0.021021430275036664,0.0
720,0.1044517446850127,0.08284321309728351,3.6084565184351735e-05,-0.0013188229435219735,-0.0009520323453344211,-0.009227892935599186,0.020104935548765086,-0.019970195897874708,0.003962899219812659,0.011686099082966483,0.06828359326198344,-0.009147546595376017,0.0,0.0005642630787916262,0.0,7.290630315574588e-05,0.0,-0.0391184714097185,0.0,-0.019667476237302722,0.0,0.00930677982438225,0.0,0.0005247507000870997,0.0,-0.045885980817490624,0.0,0.020648596872435924,0.0
721,0.10148281845215548,0.08452125489374143,3.574468993469034e-05,-0.0022953087565284135,-0.0010630424964797858,-0.00916274126817025,0.02202451159143596,-0.023281073091687268,0.003528400421929973,0.015972390704505478,0.070920784468215,-0.009446020696593756,0.0,0.0005795120106033977,0.0,0.0001684306191806656,0.0,-0.03960226603395853,0.0,-0.018774512808434434,0.0,0.009451753549771577,0.0,0.0009595403722195254,0.0,-0.04575383084571556,0.0,0.020286805979504354,0.0
722,0.09730167794566486,0.08458287937851712,3.566277535462363e-05,-0.00174081664099978,-0.0007511428988868223,-0.009426609575869396,0.02327187589305833,-0.0254839624797976,0.003393603415801481,0.017487154084445247,0.07240022300178732,-0.009683350393856718,0.0,0.0005754464523857082,0.0,0.00018407938728438642,0.0,-0.03971757385767924,0.0,-0.018153495780401423,0.0,0.00937173907924815,0.0,0.0008542366270354719,0.0,-0.04579011782619056,0.0,0.019604506703403374,0.0
723,0.10275243304051244,0.08336839379899538,-0.0006322976300742631,0.00017890733853722518,0.0022237264304697368,-0.008653406596538259,0.023151930603058434,-0.016116177870330033,0.002391095615487999,0.016891470480320303,0.07084449262622838,-0.009339879540455643,0.0,0.0005700818561137803,0.0,0.0003410096292193869,0.0,-0.0424361852208724,0.0,-0.018503516338591656,0.0,0.007421029017204569,0.0,0.0006675135755298985,0.0,-0.044101169640860645,0.0,0.019600814675634116,0.0
724,-0.22187723609437573,-0.007924140815647454,0.00023673660751154783,-0.0076516610334361615,-0.008741359393576512,-0.009396353411102822,-0.0028166820405535636,0.010227043980773648,0.04963284252965193,-0.010704484222969188,-0.020097886442051155,-0.00691926953688812,0.0,0.00020149856415544034,0.0,0.00018553760163243717,0.0,0.04130907763771361,0.0,0.016793143576495896,0.0,-0.004809154661192657,0.0,0.003463167954086857,0.0,0.03172566650636731,0.0,-0.0056166688843007975,0.0
725,-0.12760132119855486,0.013498419419301366,0.0002284334126461352,0.006337623623400771,0.013815634067674522,0.011168663974507274,0.01673136985424373,0.05259081724928175,0.11509648668377857,0.044266324872753976,-0.0008402241653299249,-0.0026696478433352816,0.0,0.00020690284636781128,0.0,0.00033887279718637913,0.0,0.0964358637583842,0.0,0.030942867478051538,0.0,-0.0001629127675832822,0.0,0.006196341904732881,0.0,0.03880408654225978,0.0,-0.003958967532662086,0.0
726,-0.20811282382685045,-0.0030659506504776496,0.0002290605393114937,-0.006985113540812271,-0.004127016456482379,-0.006527385963347883,-0.0025157706364081285,0.00350223516778143,0.06509449078936848,0.0048551393389499,-0.017062490722738986,-0.006099879266586065,0.0,0.00020469979680779046,0.0,0.0001728341679440486,0.0,0.056505077804376455,0.0,0.020410666406039564,0.0,-0.004740832473212669,0.0,0.004736096789568733,0.0,0.03348142290109594,0.0,-0.007790570153666504,0.0
727,-0.13784168175367625,0.013958462999772861,6.219702339499564e-05,0.013149074935862265,0.015539117570548388,0.012386245086340527,0.017446717434446795,0.029222247756936506,0.12315765681386365,0.03935825138355485,0.005771085735414473,-0.0036692893170246167,0.0,0.0002072033443352591,0.0,0.0002557027039017025,0.0,0.09631015092733704,0.0,0.03676032677896455,0.0,0.000504034553168466,0.0,0.0060809249343337455,0.0,0.03857926112773257,0.0,-0.004760600923401822,0.0
728,-0.233274152152508,-0.011693792824865617,2.980532993008073e-05,-0.007271766631305193,-0.005492714426275762,-0.0062207861900713275,-0.01593657931183861,-0.018309130034990555,0.042118368645719675,0.004273866258274623,-0.015322155913912497,-0.0072843989143362535,0.0,0.00017178208591150492,0.0,7.089518786683634e-05,0.0,0.03624430377723847,0.0,0.016428624163662666,0.0,-0.004397189229481157,0.0,0.0032214543642626456,0.0,0.03253194453782908,0.0,-0.013004130768615263,0.0
729,-0.27156441933994735,-0.021637890594925078,2.865858288402763e-05,-0.016649240760162356,-0.019248606297891182,-0.010325372985100615,-0.0210707341951883,-0.02507502269642818,0.02078450139719703,0.05431579223685803,-0.016782980711613275,-0.010540857953488365,0.0,0.00019340554315345107,0.0,9.745073584187677e-05,0.0,-0.002826304593109908,0.0,0.0001221100980698767,0.0,-0.00720085287924675,0.0,-0.0001255911143236101,0.0,0.019584077661007414,0.0,-0.011659198565877224,0.0
730,-0.276777260660073,-0.02124162082032944,2.2172937973207304e-05,-0.016536674432924437,-0.01942354934400797,-0.010199710851466091,-0.020930987756480866,-0.023683659465976423,0.019937102859746293,0.055643703399417904,-0.01407645821084672,-0.010627721742980368,0.0,0.00019744199546093772,0.0,0.00017197116953298987,0.0,-0.00387927003893894,0.0,-0.0005846634627503634,0.0,-0.0074792195987677884,0.0,-0.00011531911831274632,0.0,0.01850866181766863,0.0,-0.011861719806222994,0.0
731,-0.26660691724859964,-0.020303038190969243,2.6127252511950608e-05,-0.017154822080770883,-0.01886616867747428,-0.010547723180688242,-0.02209613531373852,-0.024962795989254934,0.026281379413400658,0.045235114308259015,-0.007693890816740744,-0.01030788763181371,0.0,0.00019099666824987476,0.0,0.00014963578765791013,0.0,-0.008256582410641145,0.0,-0.001540484514935273,0.0,-0.0070039943530729514,0.0,-0.00031394135421948174,0.0,0.018318073069903323,0.0,-0.011890884704031256,0.0
732,-0.25601613643666765,-0.020236605199255957,3.0360445689788624e-05,-0.016760155184073408,-0.018807788735553596,-0.010301375251691891,-0.02248649147217169,-0.024413886149465918,0.023910593354574315,0.051742032187763194,-0.01261049879923371,-0.009834714929414939,0.0,0.00019306969140331132,0.0,0.00013970977430878385,0.0,-0.0069087334080229264,0.0,-0.0005248633778863664,0.0,-0.007142899555957388,0.0,-0.0003951357440650933,0.0,0.017305303958302515,0.0,-0.011921474576264201,0.0
733,-0.2450278139794992,-0.015749962263726592,2.4317955706960796e-05,-0.011562617056692545,-0.014135528251142235,0.0021510743477982557,-0.020837337343118274,-0.01936336602074296,0.020798155922716235,0.06652906081465709,-0.007863436493297262,-0.009787893633742339,0.0,0.0001959393805053544,0.0,0.0003620562796121444,0.0,-0.004661995942895957,0.0,0.005657630558651814,0.0,-0.006418386006844431,0.0,0.00030215479516543193,0.0,0.01731178076047466,0.0,-0.011375156340888603,0.0
734,-0.12178536282887654,0.012578884650488472,3.279463527087908e-05,0.02393882270497646,0.027557058851572287,0.01858849328776047,0.005360071801848363,0.007296546628691303,0.06585198268444878,0.1862871601221628,0.01165421675542486,-0.006088128507971373,0.0,0.0001908350837444046,0.0,0.0004814073390199595,0.0,0.01662100682933791,0.0,0.01870581542433819,0.0,0.0014017518584970182,0.0,0.002208425959337796,0.0,0.023059851583913098,0.0,-0.008243069238110036,0.0
735,-0.24029990512552646,-0.01996699580642803,3.510540269046641e-05,0.006888067751859948,0.00876373526321056,-0.007638381440436737,-0.011465526514169417,-0.004058153679527344,0.01020756479175311,0.10858924182742885,-0.006781539988091451,-0.010248961938794734,0.0,0.000182108933010905,0.0,0.00010280805688777076,0.0,-0.000771796339822522,0.0,0.005384992929795286,0.0,-0.0025883382861718054,0.0,0.0002046301563212691,0.0,0.016384422742973397,0.0,-0.012414669710641077,0.0
736,-0.3115992268831555,-0.00916574000130493,2.82373659423557e-05,-0.0005919631789111204,-0.0007226649212104116,-0.0037214754046558576,-0.011213285866672465,-5.344713754470907e-05,-0.005531510263396931,0.003426094659317923,-0.009070088854847691,-0.009217353739668515,0.0,0.00020373100160816878,0.0,0.00012658363232075407,0.0,-0.006530193163245239,0.0,0.0012580086478835542,0.0,-0.002721552244132351,0.0,0.0019492481542920418,0.0,0.026327431584437642,0.0,-0.016184728611294778,0.0
737,-0.2685058110954578,-0.009435510334801386,3.713190730561493e-05,0.0014793881472500963,0.0007744963287044196,-0.0041597270266419024,-0.008436857922131316,0.0033107726703688833,-0.019078996150422523,-0.004188112345391445,-0.008013311810403847,-0.009860667966129439,0.0,0.000251163283691135,0.0,0.00019944261955999072,0.0,-0.004853618917047647,0.0,0.0015176263441014398,0.0,-0.003957447925618462,0.0,0.0010226599424282463,0.0,0.03131130503284942,0.0,-0.014386500095937746,0.0
738,-0.2214021792443036,-0.006936711891271296,5.4429539596488284e-05,0.0024945810387946004,0.0025610161404156398,-0.0057768246616121035,-0.007252650606415618,0.008885433269415577,-0.030074245237562,0.0009099879472335854,-0.005103764005269542,-0.00803273791931115,0.0,0.00022826095177836685,0.0,0.00015772830478412138,0.0,0.004667841097407705,0.0,0.0027789385079751163,0.0,-0.0016681799437699273,0.0,0.0028305472454487313,0.0,0.040420514682376375,0.0,-0.014177647777756318,0.0
739,0.16222468980183277,0.02067346791664398,2.802337630331448e-05,0.031582679437694966,0.03146570697447323,0.0069172882437874405,0.005065437084030496,0.06433075882528333,-0.008450770584968011,0.0142552858656224,0.009544229729630477,-0.0024708321982893897,0.0,0.0002792987099636122,0.0,0.0007750141495067159,0.0,0.0033076759633684874,0.0,0.00755611137723244,0.0,0.007936972250124385,0.0,0.0042167245250372175,0.0,0.1398164219463637,0.0,-0.004183358259938005,0.0
740,0.2122504132399515,0.024090952753471655,4.087245504718514e-05,0.036558308087997475,0.03809187149949742,0.00884165703860705,0.005056802257918808,0.06783062060361691,-0.007237339252248966,0.0034634433884912085,0.011200045542714237,-0.0012091445941266273,0.0,0.00029560070310288193,0.0,0.0007939367999921898,0.0,0.002393963627924382,0.0,0.00786104567631619,0.0,0.007397989357432705,0.0,0.0038444169889944066,0.0,0.15493794732023916,0.0,-0.0033328020748827976,0.0
741,0.23052643164089676,0.023892391573376588,4.156467985374902e-05,0.038069215500828,0.04045543088166868,0.008426564203350376,0.005932686590290277,0.06449194676746552,-0.016578585728569423,0.0023576886616454916,0.016951673398294148,-0.0015928786822379793,0.0,0.0003110923363351293,0.0,0.0011832119057657007,0.0,0.0008217324731290837,0.0,0.00751921417974719,0.0,0.007690282089714747,0.0,0.0036090608203347787,0.0,0.1615748080265221,0.0,-0.0034972699430965144,0.0
742,0.23304765186863166,0.020304538703812682,3.73129661406626e-05,0.04019725956658133,0.042097657140540076,0.008827808605327015,0.0061150739773745645,0.05171727408710225,0.013048045106887838,0.0005551321154853698,0.004897039290562421,-0.002172637565986351,0.0,0.0003163447720940629,0.0,0.001235092599958951,0.0,0.003159159051961649,0.0,0.008023997371779243,0.0,0.007560855485772934,0.0,0.004853466761357734,0.0,0.1679245072264897,0.0,-0.003899362499288025,0.0
743,0.22465403170398654,0.019383927417842547,3.9880486690854994e-05,0.04184880572534648,0.04310762562910666,0.007810367737801373,0.004743065993018136,0.030386682576575355,0.020826628731683942,-0.0006581960171686689,0.00012759610410760505,-0.002919826347077287,0.0,0.00031425417210590345,0.0,0.0013756322070091565,0.0,0.0027207337245217637,0.0,0.00813227148492998,0.0,0.007412396530838056,0.0,0.004795511531827788,0.0,0.1741105309894957,0.0,-0.0038556366359610034,0.0
744,0.1834047453470103,0.012438641766722899,3.784594221119478e-05,0.043196125385619226,0.04537374532904692,0.004153830913144058,0.0015515471199098129,-0.009134133679340456,0.01605513076787066,-0.004734927286106623,-0.011174167391801543,-0.004624311287201063,0.0,0.00034148283948543467,0.0,0.001595087608615491,0.0,0.001781416184096435,0.0,0.007980498159686933,0.0,0.005372815188464105,0.0,0.004039466239835445,0.0,0.1732559503561749,0.0,-0.004004170186293653,0.0
745,0.1815026673302424,0.013274068991950529,3.217360400988545e-05,0.04221665813389661,0.0446367218520907,0.0013909395954697602,0.0006193128459104016,-0.021131630432128935,0.012813279489211966,0.014161888133196557,-0.012755101791251269,-0.0052017540432682035,0.0,0.0003323075593668944,0.0,0.0016992471936061859,0.0,-3.2151090289746834e-05,0.0,0.007915592801635507,0.0,0.005188103378337311,0.0,0.0045275953183609875,0.0,0.15294434252028147,0.0,-0.004073279657371671,0.0
746,0.17852228107673115,0.01458262955580121,3.128046126845508e-05,0.040356350943279155,0.042008529357552366,0.00019072646015190345,0.00019139746344373697,-0.02030515801397637,-5.596714169902367e-06,-0.0021203067664952177,0.00636116017210375,-0.005889481752668261,0.0,0.00032535550015284844,0.0,0.0016772842360207162,0.0,-0.0013526392354908916,0.0,0.008057007037538982,0.0,0.0062912303862875905,0.0,0.004572755657310612,0.0,0.13913126807531495,0.0,-0.003885002681440883,0.0
747,0.1998404041382586,0.013726933899785956,3.10486828407934e-05,0.03669809464408728,0.039735488801535344,-0.0012859121019188995,0.0055606481193674305,-0.015911988279855873,-0.016209696673460474,-0.00029384481772079497,0.01346128817655425,-0.00739838625237852,0.0,0.00047319729904493336,0.0,0.001400632018346831,0.0,-0.020849929673700907,0.0,0.007918494258161369,0.0,0.009340913930166464,0.0,0.005554771539860675,0.0,0.12856283437569932,0.0,-0.003918171425241785,0.0
748,0.20969260974016807,0.013917926862394311,3.091485635416695e-05,0.03691394395702548,0.03892942563405792,-0.002305700863346599,0.007495881255251115,-0.01745794105884003,-0.029004246045087806,-0.002689025434627071,0.029868317117166726,-0.008698643221014298,0.0,0.0005854696739688358,0.0,0.0010427986719066602,0.0,-0.030956108069576244,0.0,0.008236950553799565,0.0,0.01042853433030409,0.0,0.005558008770109737,0.0,0.10869678684660376,0.0,-0.003983311105106982,0.0
749,0.214346618163643,0.017026511897900592,3.102385784072422e-05,0.036957954370827495,0.03896712431939405,-0.0033169303718248713,0.00918885803557688,-0.01699656980373473,-0.03509749912326176,-0.0013012105836452165,0.045423776832829894,-0.008941416742158105,0.0,0.0005886083850874551,0.0,0.0009611413025398058,0.0,-0.03433540449361395,0.0,0.00825923877012876,0.0,0.010552806314974702,0.0,0.005024153715792927,0.0,0.11310486084162812,0.0,-0.004006825030494246,0.0
750,0.21993210421539994,0.017048944942374973,-0.0005078793439116863,0.03691016337225154,0.03821551738852389,-0.003949234072479567,0.010422245884106911,-0.01666940688708037,-0.033257382837363174,-0.0006819046604080103,0.050645803511752185,-0.00872837378667544,0.0,0.0005712516127478642,0.0,0.0009498422620517417,0.0,-0.03480204473086884,0.0,0.0084671846195376,0.0,0.010437504947764869,0.0,0.005229131791562877,0.0,0.10922845744516517,0.0,-0.004076559153723648,0.0
751,-0.35334266686269766,-0.01410514213685462,5.029775399671128e-05,0.004074701751161677,0.0037012888806898236,0.007352917246343635,-0.009104015102461938,-0.011334032272415837,-0.004194128961678597,-0.0013748690057867774,-0.003163850986615448,-0.006409909431593097,0.0,0.0002095654028937454,0.0,6.835670186178586e-05,0.0,-0.006786637395862741,0.0,0.0036780727145356426,0.0,0.009068961446284964,0.0,-0.0013235728765622276,0.0,0.029564095680214484,0.0,0.009315218091606335,0.0
752,-0.3543062842469374,-0.013129724910949762,3.3746554787404295e-05,0.0045299780388497355,0.00372990577033741,0.006057016558310954,-0.00894959670042172,-0.011881400141747746,-0.00941117759968154,0.003489744254757611,-0.007541084857522109,-0.006588755349573965,0.0,0.00021640678944444413,0.0,2.9897819590599668e-05,0.0,-0.007516998044687174,0.0,0.003740729959570412,0.0,0.00945496113515313,0.0,-0.001205192820854219,0.0,0.029123724284746293,0.0,0.009357344747915438,0.0
753,-0.3559033873539263,-0.011173773979667933,3.5123934430274086e-05,0.004938455214769548,0.004356531501272179,0.005945829037687977,-0.00821221207108933,-0.012039887238729915,-0.008892140951952775,-0.009328746692612242,-0.007870706198167076,-0.0069490609091586875,0.0,0.00021638848032512953,0.0,-1.4807936141753072e-05,0.0,-0.0033013404402991173,0.0,0.003925527956442046,0.0,0.009226886121525802,0.0,-0.0009997720403425103,0.0,0.029458327526598306,0.0,0.010223166116812066,0.0
754,-0.33938242405516444,-0.013515692230090592,4.190097371046144e-05,0.0033877234368858973,0.0035254064263039943,0.005523476966032008,-0.011084838482981536,-0.012455115442661722,-0.014944986407884253,-0.010982618595130307,-0.006207028869484421,-0.006888946219078809,0.0,0.00020821421064457483,0.0,-0.00013872074404254676,0.0,0.004668641966880085,0.0,-0.005161352263958326,0.0,0.007530767804034254,0.0,-0.0020826910310948825,0.0,0.03000044467634601,0.0,0.010479669725849145,0.0
755,-0.33961670565815094,-0.01309808101559789,4.032203721534449e-05,0.004081182237025647,0.004371636884777985,0.006311290115365707,-0.008070604488621031,-0.011315578079693916,-0.016701919333791945,-0.011861578543530706,-0.010425101877365776,-0.007094938314766109,0.0,0.00023115524259083257,0.0,-0.00010717854680048856,0.0,0.004478127904562704,0.0,-0.005515816830868799,0.0,0.008078480723054296,0.0,-0.0021215959644555046,0.0,0.02912312523454925,0.0,0.010617041886955099,0.0
756,-0.33280148299595746,-0.01383201612580212,4.110948669260897e-05,0.004659491323990737,0.004761223544005454,0.00613460932641607,-0.007624349365090173,-0.012995922550385727,-0.017982473022395452,-0.011656810149059527,-0.014891463527178454,-0.007308653213550747,0.0,0.00024081432262381883,0.0,-9.461158663853874e-05,0.0,0.003958371338788134,0.0,-0.006118000635327561,0.0,0.00829312859705778,0.0,-0.002080686820641734,0.0,0.028768756104059903,0.0,0.010813661328183887,0.0
757,-0.3289092428847313,-0.013206687585877955,4.017005039391716e-05,0.003993800638690761,0.004644189220936088,0.0020801951322331237,-0.007046784411054017,-0.012168927653565803,-0.01978354589791118,-0.012000376248447332,-0.01568651169471487,-0.007502528776459878,0.0,0.00023855984962901965,0.0,-0.00011514227267266514,0.0,0.0034738882582866777,0.0,-0.006047817154300081,0.0,0.008282317290371665,0.0,-0.0023039446867086726,0.0,0.029284222217065305,0.0,0.010781725523302482,0.0
758,-0.3269245744216603,-0.013065854278640618,4.1216912630537995e-05,0.003450360937895864,0.004338131231418433,0.0012028530023814796,-0.005799297131766844,-0.012365811162737892,-0.022117908263190825,-0.011358121589468072,-0.014777307651151254,-0.007552149755716983,0.0,0.00023673139960909848,0.0,-0.00013196843439932328,0.0,0.0034752535802989957,0.0,-0.006052408881674512,0.0,0.008260680265247034,0.0,-0.0017822500970765686,0.0,0.02916355892627108,0.0,0.010924992558859325,0.0
759,-0.3338115930673638,-0.013154037401718274,5.74174803740982e-05,0.0033880491799595084,0.004591218624478702,0.001952917038884766,-0.006248716602082884,-0.011772167519890265,-0.023814455865355473,-0.012356654256108891,-0.0032805777262070487,-0.007578009810955647,0.0,0.0002515199368156556,0.0,-0.00014465959912738055,0.0,0.0034431487912308435,0.0,-0.0065994437990290694,0.0,0.008159856166526133,0.0,-0.0016581808594541762,0.0,0.02678913514807707,0.0,0.01095136128807569,0.0
760,-0.35606689588824736,-0.011443464763940578,5.3372296797323395e-05,0.004328720335387222,0.0058920631650423785,0.0017716362038300666,-0.0034726635805248664,-0.009407975099841785,-0.021312234418701552,-0.01115527577855242,0.00034203095306678397,-0.0074144325154732165,0.0,0.000322907786784473,0.0,4.913754746326213e-05,0.0,-0.0021991996247930756,0.0,0.003963283531485715,0.0,0.007497083470163752,0.0,-0.0005869672706209806,0.0,0.02829749899802041,0.0,0.011944638265106847,0.0
761,-0.3591821696841777,-0.01032127537292706,5.308988151973941e-05,0.002774922039885596,0.003071261092301567,0.0009681423210016723,-0.003940040768028323,-0.008882042009812904,-0.02162959514739013,-0.011691509638161521,0.0050893238956005015,-0.007384931939059956,0.0,0.00033157532266356006,0.0,5.26056872653029e-05,0.0,-0.002180092262992685,0.0,0.003890274162691551,0.0,0.006591234833062268,0.0,-0.0005085236436112865,0.0,0.027934058245132162,0.0,0.011892683666841826,0.0
762,-0.36031128287162156,-0.010031881255227844,5.3120095037575004e-05,0.0028844910942541747,0.0030791264230725646,0.0006099677710563533,-0.004308093947448755,-0.011453958774278437,-0.019742668636847607,-0.009745287661599648,0.0055138015600430775,-0.007403391780669006,0.0,0.0003206752987071367,0.0,5.473150043402183e-05,0.0,-0.002008255567250249,0.0,0.003934814232902418,0.0,0.006615797378832882,0.0,-0.00048062674254841637,0.0,0.027574751204662264,0.0,0.011773161360293634,0.0
763,-0.36382724019417456,-0.010057075326667324,5.3252464612649715e-05,0.0029090326736262357,0.0030794876759747554,0.00029946270331216075,-0.0040836468112956225,-0.010946278536422282,-0.01844918643638909,-0.004898369244500423,0.005281748545677544,-0.0072935864551113335,0.0,0.0003213435151714983,0.0,4.843470576331798e-05,0.0,-0.0022170171308207322,0.0,0.0037490330981530717,0.0,0.006360573860168629,0.0,-0.0004537604285596323,0.0,0.02543229408137423,0.0,0.011620487921912098,0.0
764,-0.3640299203877227,-0.010210468866211297,5.3259602391628786e-05,0.0028550321876588333,0.0030709037175352255,-0.0005471603224281352,-0.004355361588406602,-0.011125390761263136,-0.018569556976822693,-0.00514807428197987,0.007201729567358822,-0.0072359652888719,0.0,0.00035987041083714846,0.0,7.593625329231514e-05,0.0,-0.002237690065613924,0.0,0.0037843704723562735,0.0,0.006238409179271348,0.0,-0.0004262450292795142,0.0,0.025435545233235574,0.0,0.01173976762646743,0.0
765,-0.36866587385398847,-0.010469393763131942,5.325315682931175e-05,0.0034143933355111032,0.003695918432586965,-0.0004980096365838094,-0.004411181636706665,-0.011134261948167705,-0.017562405534281282,-0.005750342436080614,0.011964681993973499,-0.007160693537552717,0.0,0.00039879638054230555,0.0,0.000106562856566916,0.0,-0.0032536089292991297,0.0,0.00379561473121406,0.0,0.006299170128888101,0.0,-0.00041510258795594514,0.0,0.02446790313367383,0.0,0.012053570395767259,0.0
766,-0.3699787146109506,-0.01054707348250913,5.3023068064121725e-05,0.003206255688451282,0.003588314135494017,-0.0012035778894710285,-0.004557013578598602,-0.010979251808641625,-0.015535259951732239,-0.004934825092478548,0.012335311890644443,-0.00707975027536065,0.0,0.0004041026529592582,0.0,0.0001097248259938263,0.0,-0.003604742962245823,0.0,0.0037999998012400575,0.0,0.0060538760798417,0.0,-0.0005736930153514172,0.0,0.02431827470413786,0.0,0.012054010502318949,0.0
767,-0.371620607542641,-0.010333134933161686,5.2826431569145504e-05,0.002725102692079192,0.0030331532910038827,-0.001145442230103833,-0.004612881048721679,-0.011321435679698177,-0.014268328998943971,-0.004843700734818207,0.014067603026724922,-0.007156418073457456,0.0,0.0004084589815122636,0.0,0.00012295741483505615,0.0,-0.003330084706342491,0.0,0.0037977931207618227,0.0,0.005690341336019971,0.0,-0.0005814642430470123,0.0,0.024347692282621732,0.0,0.011896560295612972,0.0
768,-0.37050675870284216,-0.010739540337533745,5.2916027770845e-05,0.002249127233433285,0.002541465290574145,-0.0011185970340074909,-0.004638937842101585,-0.012708472551132707,-0.01409421071045302,-0.0051189430807870775,0.015458064135099927,-0.007266649513351858,0.0,0.0003996905687268817,0.0,0.00011834408917143067,0.0,-0.0036321004671023157,0.0,0.003760774624527401,0.0,0.005745718833927213,0.0,-0.0005604844312018381,0.0,0.025101825997116998,0.0,0.01188575855197095,0.0
769,-0.3694103417039697,-0.011827615739997598,5.2829375801499666e-05,0.001728484607852882,0.002286828587407561,-0.0009362496467918742,-0.0023998090231937743,-0.013464905346392097,-0.013620986915201794,-0.0059682474730970185,0.015446406133193976,-0.0073042000687720725,0.0,0.0004023710970320784,0.0,0.00010525567391118064,0.0,-0.0037006904468865286,0.0,0.003782585990195045,0.0,0.005760432230544038,0.0,-0.0005512907485526634,0.0,0.024723975325802998,0.0,0.011824158772918788,0.0
770,-0.3691858603172122,-0.011204301727588413,5.275630359127846e-05,0.0017669705348650664,0.0021039372226015025,-0.001986842639175446,0.0023789152490516145,-0.013305382523630787,-0.014195293245392565,-0.00826922382687851,0.015563542818840172,-0.007322767160844382,0.0,0.000415689724242938,0.0,0.0001106931968507978,0.0,-0.004322246427388813,0.0,0.003955238355423745,0.0,0.006254294465822817,0.0,-0.0005370615498951622,0.0,0.024828178118797575,0.0,0.013183458807709584,0.0
771,-0.3636424422138435,0.0018571458476403506,5.275630359127846e-05,0.002218129791948108,0.002419919296172206,-0.003163728238076763,0.00557199636570977,-0.012740434222502222,-0.012916131388563994,-0.0066951013024716295,0.01686346228478883,-0.007095677702978669,0.0,0.0003849685830499767,0.0,0.00010998299305314664,0.0,-0.00460919049912255,0.0,0.003971373817403455,0.0,0.008769117910048604,0.0,-0.00026492186525739817,0.0,0.02529012359663886,0.0,0.0219346659330773,0.0
772,-0.3605459317354699,0.0038286358994944576,5.27014914540849e-05,0.001831647502993114,0.001392455957805541,-0.0036778934300984722,0.0067559086931301806,-0.012485779494786345,-0.014720138903489959,-0.0064115136406464185,0.016669380906615888,-0.007262874492696525,0.0,0.00042727324160897825,0.0,0.00012362168102630138,0.0,-0.004712114362658851,0.0,0.003924521261818076,0.0,0.009443498641176508,0.0,-0.00023114973773318101,0.0,0.025358988039545536,0.0,0.023029050701865002,0.0
773,-0.3591900495442786,0.0034056003395448817,5.370945710929563e-05,0.0018077906804740277,0.00121985647956706,-0.004353771422454994,0.009639738590949647,-0.012055543583172621,-0.016319251407387127,-0.004881701904997733,0.016609532818180724,-0.007815674322678351,0.0,0.00042470287799510934,0.0,0.00012060721916484155,0.0,-0.004465511259444309,0.0,0.0038860621183706614,0.0,0.009490765912930065,0.0,-0.00010524766869878072,0.0,0.024610427219830998,0.0,0.022945382085273802,0.0
774,-0.35481447973870084,0.0037153265989589707,5.398631713361494e-05,0.0016847286890555992,0.0004475473003784591,-0.004475784946183407,0.008891300554478383,-0.010460311277526125,-0.015511660990770147,-0.003808381267269084,0.016425238106061703,-0.007896920782310572,0.0,0.0004142075465844281,0.0,0.00010427352141565044,0.0,-0.004500546398302996,0.0,0.0036151404092659646,0.0,0.009279453167782328,0.0,-0.00013798298017394015,0.0,0.02396326920134359,0.0,0.025868999283692375,0.0
775,-0.35351592651374936,0.003742269358719991,5.4000861573198166e-05,0.003342248726863462,0.0026391440314315734,-0.005400894102887344,0.009150952385351418,-0.009431499983098978,-0.015939704353906604,-0.0031928421914881495,0.016170769239276378,-0.00906631137939475,0.0,0.00040705123686524505,0.0,0.00010277232861628437,0.0,-0.004982313562173744,0.0,0.0035824882781786012,0.0,0.008883864615842127,0.0,-7.758733254630915e-05,0.0,0.023567763637219925,0.0,0.026176861732207533,0.0
776,-0.3516439417036708,0.004121654856876682,5.4000861573198166e-05,0.0036207784791747874,0.002062775216799514,-0.005401894859284322,0.009159580823608836,-0.009644210661025792,-0.01651867949316645,-0.003933950771824537,0.01607350801912165,-0.009558952808769632,0.0,0.00039254663418120307,0.0,8.583051403527466e-05,0.0,-0.005026039748452286,0.0,0.003567762996325637,0.0,0.008782052149524208,0.0,-0.00010693894218832951,0.0,0.024004685578792505,0.0,0.026122539871269758,0.0
777,-0.3490501063945688,0.004274219910902983,-0.0009711649339524356,0.0031658948060526476,0.0019090493593203277,-0.005237804797778562,0.008608230452304627,-0.008302531913107664,-0.017059877921485965,-0.004056363949323971,0.01611636265532463,-0.009870157668795544,0.0,0.00038764055300961414,0.0,8.40448979412695e-05,0.0,-0.0049413579866276125,0.0,0.0035208436025628924,0.0,0.008708040238028108,0.0,-0.00013138914471446148,0.0,0.02399100940389897,0.0,0.026187094076571906,0.0
778,-0.20563557058718204,-0.05156960432301937,4.0492339665241454e-05,-0.008074159970381488,-0.006384968218973365,-0.0014258954812827781,0.04959321135837915,-0.006037180322400819,-0.005583114647452639,-0.012367968751810928,-0.015324211608021509,-0.00934099583757377,0.0,0.00021378396089649713,0.0,-1.5605162035682747e-05,0.0,0.014829639976585051,0.0,0.0028955137249985817,0.0,-0.001792870968369347,0.0,0.011992000091793905,0.0,-0.012669716492800236,0.0,-0.0035055109942904727,0.0
779,-0.2211897699407135,-0.05534297627770223,4.1155165650647396e-05,-0.008615991063913211,-0.006710840070694385,-0.0021842723215806186,0.04821389285312933,0.014177341427369547,-0.0041434701620114795,-0.007295462235736982,-0.008742793165325361,-0.009102271243128362,0.0,0.00020142537276197984,0.0,-7.31192057967335e-05,0.0,0.014209175200940151,0.0,0.0028287628255342385,0.0,-0.0011447630223797099,0.0,0.011869711520242687,0.0,-0.011588340223275225,0.0,-0.003265876787362215,0.0
780,-0.20324698236497124,-0.036722730504558945,4.003128973458692e-05,-0.0115691001964986,-0.011626618878096155,0.004700578111015065,0.042267457983329315,0.09481912479143303,-0.008910404530113296,-0.0007583982095765321,6.885248738680187e-05,-0.00847677478714964,0.0,9.275818141703254e-05,0.0,0.00011800244701378973,0.0,0.01764557338512603,0.0,0.0042060375763730675,0.0,0.002591891012551137,0.0,0.01244474934194792,0.0,-0.011285151242112981,0.0,-0.002266325794104384,0.0
781,-0.20816215475840003,-0.038223615949853504,3.7059293431649074e-05,-0.01206434553363567,-0.011668915484317855,0.005945921332167401,0.04162112125107909,0.09452922740370574,-0.013338095006629903,0.0029208878438310953,0.01014302480631934,-0.00833991065002876,0.0,0.00014821041946186253,0.0,0.0001000787838738063,0.0,0.017841187811232354,0.0,0.004122160420993261,0.0,0.0025935741740361886,0.0,0.014236915481499555,0.0,-0.01159238187852121,0.0,-0.0022431067294492292,0.0
782,-0.19741515017485117,-0.03085962985509796,3.702013307412103e-05,-0.012858456940407771,-0.01238389808565971,0.00774571761354617,0.04148975387935988,0.13291503166636556,-0.017640102622649374,0.0017105407107228317,0.01621863533123486,-0.007075291060486179,0.0,-0.00024364163101023577,0.0,-0.00014312546707781742,0.0,0.017085235187475564,0.0,0.004856968619990509,0.0,0.002928992552311843,0.0,0.013695420826752064,0.0,-0.01171362622317074,0.0,-0.0015780033311936148,0.0
783,-0.1970793059321649,-0.03056852918187887,-0.0005912839166930305,-0.013378757676086801,-0.012738633621203204,0.015756896255677735,0.04132085000607448,0.13366130919055208,-0.011607331679390098,0.0038033438212104055,0.017415618474463903,-0.0068777494559446595,0.0,-0.00027935872334183283,0.0,-0.0002685274165068075,0.0,0.017591063764739994,0.0,0.0048771157819951705,0.0,0.0035312087062510616,0.0,0.01261915038792396,0.0,-0.012283398906033685,0.0,-0.001352765260482037,0.0
784,0.1476832107317106,0.06391534211963608,2.6972108894773477e-05,0.021413049819554282,0.0225949434271367,-0.0018609990845394903,0.015115688425047784,-0.00700189305680033,-0.044360031898646145,-0.0012769671011727594,0.04644537951109961,-0.00822273654986172,0.0,0.0006587020711096104,0.0,0.0011255011120088621,0.0,0.004223806361312858,0.0,0.005083652153849536,0.0,0.007109513040731838,0.0,0.00679596578995524,0.0,0.037494559320942256,0.0,-0.005538023324866716,0.0
785,0.17295041060001803,0.06570110224302231,2.4657017624655517e-05,0.02246385739235754,0.024389311184156607,-0.002222478650071231,0.014869711420657948,0.0014478701372930515,-0.044335641128766416,0.00035637456288875385,0.049086290795454915,-0.00769483685389695,0.0,0.0006313758543772572,0.0,0.0012202454458529674,0.0,0.0055095418598979295,0.0,0.0058666645715059074,0.0,0.007125346976053932,0.0,0.0068275638986479955,0.0,0.03936615303508364,0.0,-0.005178019613243173,0.0
786,0.19132823014932207,0.06658203962932223,2.4640360998642232e-05,0.02236919496187337,0.024899307915607374,-0.0020785864584536335,0.014942956033059803,0.010931036413201756,-0.04364927094186625,0.00062882972943857,0.05299298252809029,-0.006961457599684647,0.0,0.0006954997053871404,0.0,0.0010397058993063312,0.0,0.006034675061161454,0.0,0.006323513286079509,0.0,0.009015672695848773,0.0,0.006754757674673028,0.0,0.041199529886284836,0.0,-0.004399299804895294,0.0
787,0.20131388013972984,0.0668109998781119,2.539299816371024e-05,0.022877458731739356,0.025757159134257426,-0.002181157437236117,0.015231965017419427,0.010393886528160708,-0.04128231620832569,0.0013188586762477277,0.05344652991246037,-0.0070326878456019185,0.0,0.0006934001877758416,0.0,0.0008133877159404064,0.0,0.006382924730018724,0.0,0.006501089975029541,0.0,0.009823198437106228,0.0,0.006508231891838698,0.0,0.04199971399679325,0.0,-0.0039494358449421434,0.0
788,0.20751830977933391,0.0679505019726267,2.539592841637744e-05,0.02421051029571294,0.02650993706091163,-0.0010655672413212734,0.015074038082491777,0.010144556072577016,-0.034388364453072855,0.001714651280772176,0.05300901720150023,-0.008235149208803387,0.0,0.0006981721379878492,0.0,0.0007190834564017634,0.0,0.006009170559934063,0.0,0.006217059013984266,0.0,0.010816618271747217,0.0,0.006514759325427676,0.0,0.04250751130879868,0.0,-0.0037192067408060438,0.0
789,0.21335559762109782,0.06885722846443672,-0.00042512756520174426,0.02403260237253794,0.026332306904761155,-0.0011907488233216064,0.014904790928378221,0.00927098650105482,-0.03337556056252269,0.0008060272956225197,0.05322323377421926,-0.008175518118707118,0.0,0.0006968051107674418,0.0,0.0007023237665100022,0.0,0.006141972891505089,0.0,0.006175875117178373,0.0,0.010510058008996619,0.0,0.006832724146741321,0.0,0.042778736351238786,0.0,-0.0036304689173609667,0.0
790,-0.16773446043655782,0.030489337308337108,2.148974915127435e-05,-0.0032947623267964785,-0.0031058909979857306,0.03105914983250682,0.03218832211048554,-0.010719071911119676,-0.011078798543888473,-0.0006150313545070051,0.03226379129756006,-0.013698134549713666,0.0,-0.0005755402965153393,0.0,0.00019250685092662,0.0,0.013232362789503717,0.0,0.0018930736494994441,0.0,-0.02032934861236825,0.0,0.008796100674990464,0.0,-0.017393847521095022,0.0,0.09887241858460381,0.0
791,-0.16793996633328068,0.029932777047043533,2.116028115698592e-05,-0.0032171109765134712,-0.0029686276771235176,0.02998200770553076,0.03240163062373948,-0.014419643605389741,-0.009610197187343097,-0.00043385436218328576,0.032591664222550665,-0.013889884634214549,0.0,-0.0005449042451535663,0.0,0.0002008496665024096,0.0,0.013723147558065219,0.0,0.0019327200572320763,0.0,-0.020388127722464327,0.0,0.008427507976808375,0.0,-0.016919619841531952,0.0,0.09822643304559958,0.0
792,-0.17067201908243923,0.02842488571478768,2.1074149967072782e-05,-0.0032388135896705963,-0.0030078091514744347,0.029296390555200277,0.03308419112463795,-0.017311723423731364,-0.009612255760306443,-0.0008354733047175253,0.03235398054064691,-0.013853263904090305,0.0,-0.0005698275495367079,0.0,0.00019100008018343295,0.0,0.013949098342570243,0.0,0.0017683195369824819,0.0,-0.020305441577138084,0.0,0.008037476850282887,0.0,-0.016703580207950722,0.0,0.09602463816086726,0.0
793,-0.17231369456490642,0.02990269848672447,2.525578093486809e-05,-0.0031766783733157724,-0.0027240163070032723,0.028740721919542613,0.03143135064121806,-0.008663926247790336,-0.010190692999220008,-0.0008570906765303323,0.03253792545674471,-0.013736122636806193,0.0,-0.00039533960212265103,0.0,0.0001761271514952039,0.0,0.013156661041535997,0.0,0.0018146783566436498,0.0,-0.020021447679570977,0.0,0.00815644050059618,0.0,-0.017054661213826525,0.0,0.09582549963403893,0.0
794,-0.14327153605527695,0.027612269181603085,2.5108421826123745e-05,-0.0024691697836568315,-0.001904719395579536,0.0246632456693557,0.02777976836498031,0.004139895579667791,-0.009025465227813539,-0.0024701981232702827,0.03620638174210369,-0.012535605166534017,0.0,-0.0010992342127932083,0.0,0.0001796137820781414,0.0,0.011331107358401215,0.0,0.002158278681962191,0.0,-0.017646582076080157,0.0,0.007007657385992745,0.0,-0.01915672843384333,0.0,0.08459953386116259,0.0
795,-0.1175468924849154,0.02608395170453094,-0.00039927900524926787,-0.0029722474179357562,-0.001620947413536835,0.022685480361539685,0.02642946263690581,-0.004357645213498642,-0.0048850827861975045,-0.00014540622891295155,0.03900134232982376,-0.011702169151885041,0.0,-0.0009208225925465982,0.0,0.0002612286604793832,0.0,0.006316220992111952,0.0,0.0025410678363001577,0.0,-0.013735796160630883,0.0,0.003703066078981037,0.0,-0.022762502545534587,0.0,0.07574343311776709,0.0
796,-0.14662206295401833,0.011449233318019452,3.300468639010226e-05,-0.001901784653723192,0.00039936294998046235,0.02772143437878893,0.04718244948130449,0.10023296058992631,0.01779563828378547,0.007065531010908477,0.01076996699914374,-0.005043097038745823,0.0,0.0016257464843213018,0.0,-0.00031593344480030836,0.0,0.021063056353455765,0.0,0.004026558661199913,0.0,-0.01856922495658668,0.0,-0.0023447893627445357,0.0,0.02276688456739605,0.0,0.036238350629814516,0.0
797,-0.14841914743531662,0.011509009653873,3.167455007399023e-05,-0.0022146840127406715,-0.00044570293763151347,0.02740103334406953,0.046871521524613026,0.10013674406740906,0.017506706895033627,0.00957170853402552,0.010732857095706741,-0.005048952476902154,0.0,0.0016306717967248018,0.0,-0.000312991992471492,0.0,0.02109097524805178,0.0,0.004007196247001663,0.0,-0.017929120610897124,0.0,-0.0022676318900298376,0.0,0.022637411784825565,0.0,0.03596543836573556,0.0
798,-0.1406214185250595,0.007829247846099799,3.07486598491815e-05,-0.0029758512226264007,-0.00011823685710132383,0.02380200283486645,0.03946819113148116,0.08239142182492103,0.020665918505491463,0.07494876372281435,0.016368243205308736,-0.005161034104223001,0.0,0.0015337691819975895,0.0,-0.00025927882044308434,0.0,0.014701776390589973,0.0,0.006590943006592042,0.0,-0.017892823207688438,0.0,-0.002732712242905216,0.0,0.01800331507001339,0.0,0.026083073633055506,0.0
799,-0.13980996990980496,0.006486290652821165,-0.000809930287739649,-0.00202488578308479,5.359312349556203e-05,0.023411212703712898,0.03918749624884767,0.08007701789061558,0.018409087320887335,0.06983785508283412,0.01676813909402711,-0.005073104056094225,0.0,0.0016384608531539136,0.0,-0.0002605553377148015,0.0,0.015636494017137716,0.0,0.006461153259568127,0.0,-0.016864132527040297,0.0,-0.0026904415716607465,0.0,0.017706367672141676,0.0,0.025567365725632955,0.0
800,-0.08043021605666749,-0.004912859288187077,1.1216703246995038e-05,0.12479771150045335,0.11724743316434459,0.022662902571229042,0.03155111362230849,0.10885413222766983,0.03488678868223064,-0.0003856570524444508,0.028233489992845744,-0.009819012447942595,0.0,-0.00034516422386548525,0.0,-0.0009557393507456399,0.0,-0.013726506398970731,0.0,0.004049671396709793,0.0,-0.009068598736268176,0.0,-0.0001788212327951622,0.0,0.013124414732627883,0.0,-0.00047938966088859194,0.0
801,-0.08633949632784839,-0.008216462773884173,1.1131764226391396e-05,0.11882640042729055,0.11272353432269562,0.023188652747428765,0.031532275353670654,0.10966367558331282,0.0391972421030862,0.0014885465040684214,0.010957156119094898,-0.009564178417781202,0.0,-0.0005130770590441305,0.0,-0.001200937772825763,0.0,-0.01409217795078531,0.0,0.004154651366052166,0.0,-0.009298135558367096,0.0,-0.0002480202207097371,0.0,0.013135584074019779,0.0,-0.0004907964206886868,0.0
802,-0.08782388556970928,-0.013974806822277535,1.113685801808362e-05,0.12148261127996929,0.11557062018020312,0.023358468093716684,0.03193649076095228,0.11188360746940904,0.03616579736610019,0.0033965609546793498,0.010032326494869863,-0.00957090755190639,0.0,-0.0005127938794849331,0.0,-0.001204106917216468,0.0,-0.01408017096690657,0.0,0.004100074028482456,0.0,-0.00943638273352677,0.0,-0.0002455517289014765,0.0,0.013195000202594679,0.0,-0.0004870878887161318,0.0
803,-0.08623324364381837,-0.013424809260214988,-0.0003197348666618247,0.12074216675734503,0.11625032662052717,0.023311153307765453,0.03197469357585078,0.11275922755830964,0.03629977471632175,-7.243988844877313e-05,0.01094559086679062,-0.009557394833709118,0.0,-0.0005081701109654836,0.0,-0.0011859532908551017,0.0,-0.014030087003631137,0.0,0.004135158710408718,0.0,-0.00930559635404875,0.0,-0.00020845932140825657,0.0,0.013843382785531783,0.0,-0.0005000184620771199,0.0
804,0.34309657701917684,0.05656789444546315,0.000469827885544916,0.007969036772483921,0.009226225341649946,0.008391484826690589,0.018854772840299457,0.01635778964747171,0.003674100609459434,0.012982243945975561,0.031486424808088116,0.020946115070421316,0.0,0.00044152749203536096,0.0,0.0006115172326104527,0.0,0.007697377465341275,0.0,0.008957042932777676,0.0,0.011450341531131716,0.0,0.004092843632431175,0.0,-0.008251897861875107,0.0,-0.001984872405039068,0.0
805,0.33872543161895474,0.05575954407266073,0.0004351522021700783,0.007566755845523009,0.009598842978885733,0.007248247361014378,0.01676890748980109,0.018049431624238756,0.0038189868816532885,0.010492416959518372,0.030914325046104422,0.022169871069691538,0.0,0.0004303831422527767,0.0,0.0004941453189037165,0.0,0.007496023046826589,0.0,0.008970387755109699,0.0,0.011450329590524166,0.0,0.0038194818842306744,0.0,-0.009252749872717124,0.0,-0.0019866548771679824,0.0
806,0.32677160936887273,0.05373384187503659,0.00044544701821482875,0.00611791152620854,0.0071410420181979226,0.007817949892976525,0.01637164079104218,0.027348942835172297,0.004614907854959798,0.011579233111988647,0.026457160813532388,0.019687835638263096,0.0,0.00041998477973910963,0.0,0.00013824487461103012,0.0,0.007368833101917104,0.0,0.009854391318914487,0.0,0.01303770697018849,0.0,0.004549749863657429,0.0,-0.009885380782926077,0.0,-0.001787476059009753,0.0
807,0.319638576149736,0.052006269543117205,0.00044544701821482875,0.005369392268787947,0.006854104341090205,0.007418926248794718,0.01630411386374034,0.033265818448583756,0.006926504409941823,0.010240363735549433,0.025554512825708777,0.018763257538112064,0.0,0.00041572591266728705,0.0,0.0001398065207756957,0.0,0.007560583683096201,0.0,0.009844730596951946,0.0,0.013537811794490989,0.0,0.004644463128944317,0.0,-0.009981739732881302,0.0,-0.0016393644145137926,0.0
808,0.3280821156847676,0.052357694644411173,0.0004468959069257778,0.0054569487312761825,0.007498933358271497,0.004037446966550253,0.007151449868885903,0.03499150536422704,0.005758089350305208,0.009915786156687544,0.02136302281050685,0.017732442724754955,0.0,0.0002890590255375426,0.0,-0.0010546857876879675,0.0,-0.003384547337395606,0.0,0.009547207769114064,0.0,0.015117503442282128,0.0,0.004235959053886361,0.0,-0.009304730305697048,0.0,-0.0019444535019583105,0.0
809,0.32799894554129305,0.05193064374081787,0.0004468959069257778,0.00774404538772166,0.009056502548539213,0.0038227687718818733,0.005189882723135615,0.03547001930993492,0.005376313975151505,0.009685638949168672,0.02111497290698767,0.018082173226331075,0.0,0.00025546398813770945,0.0,-0.0010713357924178872,0.0,-0.0026800050917487137,0.0,0.00986224593185154,0.0,0.015195878252950741,0.0,0.0043352550823930955,0.0,-0.009119446327629264,0.0,-0.0021660786404505894,0.0
810,0.3250531426476407,0.051479873574400925,0.0004468959069257778,0.008295671566441055,0.009587463622798581,0.00348221757305555,0.010595789085159847,0.034188478883978954,0.005479102960816041,0.009682799172169547,0.020091832376248762,0.017464118163348037,0.0,0.00020257772332593805,0.0,-0.0010638478828562167,0.0,-0.002621985562892467,0.0,0.009840576765064762,0.0,0.015070196818676511,0.0,0.004407833198830425,0.0,-0.009056492859111235,0.0,-0.002095463343046585,0.0
811,0.29983928902425533,0.04966904514214391,-0.00777216446746334,0.007565828618265161,0.008521872830015128,0.004519102623651964,0.008763360067018937,0.0417277427258628,0.004103860014922763,0.010021690779635413,0.019331069541541207,0.013879460282931981,0.0,0.00015948711945708454,0.0,-0.0008024518257905654,0.0,-0.0007856647360198041,0.0,0.01001167955508394,0.0,0.014738690452634566,0.0,0.004743784003617792,0.0,-0.009347155793958908,0.0,-0.0019147925466959422,0.0
812,0.3244487403714051,0.04919328406185926,0.0005529916536100999,0.010631133883413982,0.01109408120114584,0.009310539967781561,0.018966357006531324,0.06123012524731809,0.015509780580087807,0.011778130365241649,0.04059268699048984,0.019395981063720594,0.0,0.0007441588072396178,0.0,0.0004708458001477091,0.0,0.01036976913116826,0.0,0.011113477746901008,0.0,0.013682417958237198,0.0,0.006289031418872156,0.0,-0.015111376072402,0.0,0.018769741776436952,0.0
813,0.326639445516201,0.049887356510094544,0.0005531930726891082,0.010209689035763483,0.010642054248100654,0.009115033662625832,0.018349802197588805,0.06074630350149058,0.015211351563431608,0.011158867137545974,0.04352291049602573,0.019101556400437283,0.0,0.000744868159271769,0.0,0.0004908775273901705,0.0,0.012529782828712747,0.0,0.011045453926092493,0.0,0.012867758993487957,0.0,0.006337935120525623,0.0,-0.015015885149928403,0.0,0.018249248909645778,0.0
814,0.3286809809105846,0.050876084622459364,0.0005530474621344592,0.010480293028193742,0.010754838464711272,0.008943269273633356,0.018120982508163772,0.05843781764068136,0.01505949610600778,0.007981271173089138,0.04711748904422855,0.01817823363343453,0.0,0.0007680877762558986,0.0,0.0005753578436799832,0.0,0.01198195760963452,0.0,0.010256582577800044,0.0,0.011682970626404342,0.0,0.006102188483621839,0.0,-0.014390400412149293,0.0,0.017989918819299313,0.0
815,0.32768315687513966,0.051046696970732997,0.0005409213963295039,0.010949763009899955,0.011135341858020656,0.008619349025294746,0.017823379291103305,0.05861017880548162,0.01601574760012806,0.004547209695092795,0.04703816786698174,0.018283615908694983,0.0,0.0008140164507907963,0.0,0.0005775171470500586,0.0,0.011948816500912614,0.0,0.010246673046824441,0.0,0.011294499698491901,0.0,0.005865571455967822,0.0,-0.014233656155715098,0.0,0.017987796046660013,0.0
816,0.3254029420853994,0.05097700031517332,0.0005421944585594611,0.010405372314845993,0.010888671384738102,0.008385891628447006,0.01545622985124973,0.058562587420792414,0.015958638916207406,0.004599156429183128,0.0475265231425944,0.018258872898077275,0.0,0.0007764411059138472,0.0,0.0005208846163619506,0.0,0.011952341727107858,0.0,0.0101259780548118,0.0,0.011136155914393351,0.0,0.005964703564559175,0.0,-0.0141954274748558,0.0,0.017956762977012063,0.0
817,0.31601877189398137,0.05232787887294389,0.0002332063216874844,0.009840034904899354,0.010335605518016518,0.00667757083053693,0.015086782786481937,0.05798526908203839,0.0029464205797711945,0.0048336923244441145,0.04700845883565326,0.017836813656878333,0.0,0.0007384685843849451,0.0,0.00046518893542592986,0.0,0.012755094919321532,0.0,0.009413094918500436,0.0,0.012293243149905934,0.0,0.006245489567492947,0.0,-0.014686306072258886,0.0,0.01823864060189763,0.0
818,0.31469975171701825,0.05240560233407144,0.0002338476870326459,0.010895418273376822,0.01070999637171921,0.006292766053650134,0.015648280880095688,0.059259406471276185,-0.0031040639064443686,0.004288210638057759,0.047907036003988594,0.016811935859795433,0.0,0.0007052717669710378,0.0,0.00041078930897895017,0.0,0.013822210142670087,0.0,0.008956031758946213,0.0,0.013089409408788836,0.0,0.006217038347768524,0.0,-0.0152851394431582,0.0,0.018155347606751544,0.0
819,0.28775929993366456,0.05408999297096531,6.814218447311616e-05,0.009637865712787862,0.009732738820182017,0.0060485522908258135,0.01925290318049481,0.0587607853684172,-0.047687843411700404,0.0025376324414704663,0.04581151507546991,0.014534798148093699,0.0,0.0005873292403229969,0.0,-0.0002540240791236524,0.0,0.01553344406645197,0.0,0.007019403957529437,0.0,0.01452354452512844,0.0,0.007424490817640017,0.0,-0.016654122225154017,0.0,0.018448626675047698,0.0
820,0.27955314538510023,0.05553573901969053,-0.0025613491847791114,0.0094483992739746,0.009810341974663805,0.005920369287693326,0.025089168789573648,0.05647563492914922,-0.04280152908654449,0.002553887623960146,0.0435562416874319,0.013416251018744574,0.0,0.0005773419552778552,0.0,-0.0003059494010372269,0.0,0.015239982858131447,0.0,0.006971600509358383,0.0,0.014395928833451364,0.0,0.007849302353437773,0.0,-0.016874897839741405,0.0,0.017732624542138985,0.0
821,0.2934284468216073,0.014110259794016412,0.0002226675512698668,0.013748272686525545,0.013438797121169741,0.02936940449213636,0.01523645231823659,0.05037401416323508,0.02324775840890193,-0.005721333206993816,0.03773269089409874,0.004507022372323465,0.0,0.0003944168000738255,0.0,-0.0070605833883430925,0.0,0.0031164102391016977,0.0,0.010380224603873979,0.0,0.0042616264561993415,0.0,0.004197598855615382,0.0,0.012889452218930267,0.0,0.013909977609576676,0.0
822,0.2639496784560343,0.01272374271835159,2.4503134266470042e-05,0.012780157993922387,0.01189823671978235,0.027477987133006636,0.01885925990660091,0.050427753021811815,-0.02764629725360337,-0.005961245040087395,0.03845696058158421,0.0007908251270543749,0.0,0.00032572536659441586,0.0,-0.007039731405160865,0.0,0.005934604256785016,0.0,0.007068162079640534,0.0,0.01713489111829842,0.0,0.0055465683697507335,0.0,0.011557132782661763,0.0,0.01364915838855561,0.0
823,0.2541612989131663,0.012849232142566057,2.4503134266470042e-05,0.013714641783426821,0.01236714719271489,0.02704783159165354,0.018433171341182625,0.05071801792134094,-0.027344931847192017,0.0023695609806187266,0.03963509969213276,-3.7902670303399745e-05,0.0,0.00024709061298545525,0.0,-0.007151174755736757,0.0,0.0060793866863090825,0.0,0.007183323636747847,0.0,0.017030711833379092,0.0,0.005956448874179901,0.0,0.01322731835741687,0.0,0.013684434500319592,0.0
824,0.23603141856862614,0.014120621070555606,2.4503134266470042e-05,0.014813816893636981,0.013153772352812608,0.02837377531341543,0.016961912469952396,0.04647169659213538,-0.025870832575068337,-0.010471899590967323,0.03732415231942309,-0.0003351614743100884,0.0,0.00013746005308877004,0.0,-0.007002794606703982,0.0,0.004915633161770424,0.0,0.007797484146811896,0.0,0.01638329740943656,0.0,0.006328676832384661,0.0,0.013603537649939344,0.0,0.013877093220103817,0.0
825,0.24838416513199105,0.009301254900355393,2.7803873871670147e-05,0.013340728830895696,0.01164359015030443,0.026189883740549723,0.01913546547478244,0.04836242431368427,-0.026322303546218645,0.007418556626808565,0.039070955958787026,0.001567454914823181,0.0,0.0003642733730555252,0.0,-0.0048080773803744915,0.0,0.007392109539599597,0.0,0.007522662469306668,0.0,0.018695501530357646,0.0,0.006418376954311785,0.0,0.011638000696097234,0.0,0.012615245902861791,0.0
826,0.2461652354510378,0.009000364318935429,2.77676314810564e-05,0.01323093203053978,0.012039829888199611,0.025488798007275645,0.01909622314239577,0.04848137462199579,-0.025818573547394003,0.003909784262801923,0.03897473045825498,0.0017096556597619862,0.0,0.00044179231484550756,0.0,-0.004561437919615114,0.0,0.007282164700979965,0.0,0.007393243437422615,0.0,0.018685234825457454,0.0,0.006262789603323203,0.0,0.01192271853044298,0.0,0.012632604874396955,0.0
827,0.24623406916830332,0.009201662503121648,2.8531856362923714e-05,0.013006301867815834,0.01163790100719831,0.025821128113908694,0.01890179116639598,0.05428203433773554,-0.02504701201289827,0.003536345943907457,0.039729440785927876,0.0019476303009066775,0.0,0.0005114158841220429,0.0,-0.004489358529937108,0.0,0.008057157272844196,0.0,0.007817829965265012,0.0,0.018781507249384065,0.0,0.006426487998601312,0.0,0.011786383088618917,0.0,0.01314253018625259,0.0
828,0.23695067102366538,0.008947405882559977,-0.0025312644110003857,0.012780796315359715,0.011152882750629992,0.02548795927718666,0.01777328627306281,0.05541294264668923,-0.022833851752112125,-0.0010851006000038453,0.03789219810341428,0.0016253746318447757,0.0,0.0005151134828228049,0.0,-0.0045685385388528656,0.0,0.008071536566804009,0.0,0.0073470956884565805,0.0,0.01814038918243754,0.0,0.006803127249021878,0.0,0.01150881318685392,0.0,0.012907281239739346,0.0
829,0.35611663830637186,0.04364844868983085,0.0004239591836294931,0.020097783228456127,0.021208026139528352,0.0029718179856899475,0.011733110227793353,-0.019536699793764392,-0.0060675007643049535,-0.0013699517648917115,0.02475164413109446,-0.0049076848266655345,0.0,0.0021353077002700563,0.0,0.00022877485879236126,0.0,0.0063444875306142845,0.0,0.012776486377305258,0.0,0.004239270383760111,0.0,0.01126544861261593,0.0,0.02993072790188368,0.0,-0.0054593137170336195,0.0
830,0.357243218731778,0.043638772655128076,0.00041944741702950846,0.019698089998383843,0.020207006831557548,0.0026007976174906113,0.011548196643011481,-0.02208799065781289,-0.004640595822769332,0.005531371138248464,0.025427154832474468,-0.0046159774625934005,0.0,0.002119962626757985,0.0,0.00024133565533880475,0.0,0.0059131778431824236,0.0,0.01160497115256357,0.0,0.0041865418953744,0.0,0.010916467905758587,0.0,0.027234235875220503,0.0,-0.005536836252484405,0.0
831,0.35387707900807924,0.046178976673845455,0.0004230529772595925,0.019506599483484467,0.020652530655925663,0.002458073339938465,0.01158695300692292,-0.015901784072315517,-0.0025030260112399796,0.00523447589126065,0.02730217702528087,-0.004157969129608174,0.0,0.002039074415116168,0.0,0.0003661549266416863,0.0,0.005819070860237682,0.0,0.012189761996167432,0.0,0.0042604271977040595,0.0,0.011384987713398529,0.0,0.025234258488063162,0.0,-0.005352979961226615,0.0
832,0.36420632403964465,0.045758441364635374,0.0003888991299546747,0.01821678628762711,0.019090725793023938,-0.0004326605811720686,0.010756195730713293,-0.011876078596401135,-0.0020549528988585966,0.005372147370941354,0.029807158177578834,0.0077986708690729505,0.0,0.0018922687990035611,0.0,0.0004921490411952221,0.0,0.008567157024189549,0.0,0.012311138491284053,0.0,0.002593086096935192,0.0,0.0074619376385248225,0.0,0.02335940945294715,0.0,-0.005213817023307029,0.0
833,0.35778555765454695,0.05046816551586798,0.0003894447315316903,0.018337243781217597,0.018838246039576855,0.00013253152826909944,0.011719804164231434,-0.010340027789960899,-0.0015460310368336215,0.006264577693694631,0.03137252225841518,0.008052010201811144,0.0,0.0019514440284482603,0.0,0.0005328598662623317,0.0,0.008698516251100224,0.0,0.012833465509232759,0.0,0.002812174434753268,0.0,0.0069928070074889714,0.0,0.021834685638616107,0.0,-0.005279306572750839,0.0
834,0.35215432222694276,0.05294665311014603,0.0003894447315316903,0.01801515919393668,0.01870498550122498,0.0020225192123139958,0.011586563071120947,-0.010356475452757365,-0.0015318535813443343,0.0058516877543327035,0.03152453694794387,0.0080760274673831,0.0,0.0019529443375047337,0.0,0.0005187427675249384,0.0,0.008748141548383591,0.0,0.012776630958801414,0.0,0.0026615756971383755,0.0,0.006761204564238344,0.0,0.022035463046583745,0.0,-0.0052247186627548,0.0
835,0.35216712041100934,0.053676014256836026,0.0003894447315316903,0.01791513678279372,0.018571764518835986,0.00040162265331276974,0.012299976785553049,-0.010817962698617572,-0.0008796578121881754,0.005777127271619632,0.030879234212762684,0.008114437770275445,0.0,0.0018950543164091955,0.0,0.0005180775221528842,0.0,0.008937731830370952,0.0,0.012491942143621274,0.0,0.0025980199946703296,0.0,0.006854094659896535,0.0,0.022110128663841527,0.0,-0.005404321807154664,0.0
836,0.3452995755001045,0.05373114319300718,-0.008074659920782332,0.017803631409422097,0.01820122143651252,-0.00034808428214997534,0.010712318631804794,-0.010588474507708561,0.00030485485566198996,0.005380804724045212,0.033833518394979695,0.00741939434572995,0.0,0.0019424517556357822,0.0,0.0005155552114109507,0.0,0.009074980979644872,0.0,0.012171512402006058,0.0,0.0025105253480886226,0.0,0.0059825498365334035,0.0,0.019959873882196874,0.0,-0.005234798711205991,0.0
837,-0.1737179310120372,-0.013093564529156129,2.7829569086728128e-05,0.00047435504622494367,0.003223483121514859,0.003628630901345578,0.0456305562478532,0.07789733824787558,0.024696285657960535,0.10482477244319725,0.0026883509135326488,-0.005951753083042536,0.0,-0.00025426581884713126,0.0,-0.00039866405288362935,0.0,-0.013708947526412184,0.0,0.007840921468180922,0.0,-0.020361499690667955,0.0,0.0008769037172176177,0.0,0.02136823754408858,0.0,-0.0014689836062710098,0.0
838,-0.16941439486438337,-0.01172421553129878,2.8385895015332047e-05,0.0005347124841622732,0.003275225317288471,0.003499246162697435,0.04563942154600613,0.07795162893010947,0.02392367516613155,0.104872682692603,-0.003335372097187971,-0.005804224460781857,0.0,-0.00025554607305382427,0.0,-0.0003876651491175529,0.0,-0.013651856824856931,0.0,0.007809483307064831,0.0,-0.019313313074155146,0.0,0.0006756958079555144,0.0,0.023673089807554917,0.0,-0.001537467017667786,0.0
839,-0.16086957135532826,-0.011931800994290084,2.825620633921849e-05,-3.4521983047041914e-06,0.0027493305912824496,0.003481953555556306,0.04614324509987291,0.08962277634788698,0.022446809543088326,0.10537321908194358,-0.0073226427510097196,-0.005775281070015687,0.0,-0.0002064823398331768,0.0,-0.00026740740024045503,0.0,-0.013254212150524561,0.0,0.007788233535717293,0.0,-0.019127994534143704,0.0,0.0007910108298429378,0.0,0.023955864187759794,0.0,-0.0015027069042432195,0.0
840,-0.15983780221935578,-0.011788612170357654,-0.000764391167019524,-0.0001381849979390678,0.002717940285609122,0.004690634697229519,0.045887370699800006,0.09173320821439551,0.022951608792626678,0.10530624350613386,-0.006928007240147602,-0.0057968845907533754,0.0,-0.00012551367111126853,0.0,-0.00025871591943941503,0.0,-0.01320094868429682,0.0,0.007782845631917179,0.0,-0.018878443626599586,0.0,0.0006621752614573176,0.0,0.024073072506731852,0.0,-0.0014941750968757383,0.0
841,-0.07409670208821129,0.03566977032398684,3.604116330691633e-05,0.1385967287228614,0.1295306260467425,0.006349075964006351,0.03178038617432559,0.16588902297097322,0.02526956716570778,0.003651169568558443,0.022778296355758808,0.0004517826204769052,0.0,-5.4943554401969176e-05,0.0,0.005182889262044903,0.0,0.01928901336193096,0.0,0.004168126680159257,0.0,0.006852608338300435,0.0,0.0003754075378880362,0.0,0.019968743524778874,0.0,-0.0031926239316614384,0.0
842,-0.0732068497281259,0.03565407826114921,3.837223566852988e-05,0.13713438112842385,0.12931162150370962,0.00667911992939587,0.03141604534363518,0.16598092882236412,0.025184346133291822,0.004514101170408832,0.021368128010509666,0.00044872612272009606,0.0,-5.4943554401969176e-05,0.0,0.0051780705569100735,0.0,0.01937966402550719,0.0,0.004140632140930372,0.0,0.006826842077998386,0.0,0.0003727815614233338,0.0,0.02019809042328129,0.0,-0.0031877181899290217,0.0
843,-0.07130769612900845,0.03609328159316728,3.837223566852988e-05,0.1357134111036579,0.1283541074065931,0.006843308176036618,0.03162492413019698,0.16400240623378554,0.02562220602095419,0.005230092013582077,0.021676562076038082,0.0003926365080335839,0.0,-5.783131444779931e-05,0.0,0.00525796269677858,0.0,0.019265992561146743,0.0,0.004145209422291789,0.0,0.006911907359479242,0.0,0.0004678905730250104,0.0,0.020215477097522173,0.0,-0.003113801789630943,0.0
844,-0.08643978790954582,0.036927059299612874,3.4198816989199756e-05,0.14051038725868248,0.13272364255796637,0.007182009139914692,0.027607940568693944,0.1569354415413008,0.0211155730370863,0.0033161735817660155,0.0208201410916001,0.00034097188649016266,0.0,-8.685365469214181e-05,0.0,0.00743896066722699,0.0,-0.012713689293207455,0.0,0.0042134106669080434,0.0,0.006752930864418927,0.0,-0.0003028261060520301,0.0,0.020369030310382463,0.0,-0.0030595715184573943,0.0
845,-0.08325971028084975,0.03829524975479813,3.4498648403201845e-05,0.14087910879142337,0.13283797613232962,0.0070970428730428685,0.027451931385722265,0.15959703044536347,0.021634085028186388,0.0016837629622342852,0.018115009728348386,0.00032735449352049007,0.0,-0.00010741068648086373,0.0,0.007265283705907405,0.0,-0.013139736723584634,0.0,0.0041843363336285634,0.0,0.006532531370569375,0.0,-0.0003494178107756297,0.0,0.02107887662377567,0.0,-0.0031169552704915656,0.0
846,-0.0822556989335727,0.038601139219997076,3.4498648403201845e-05,0.14134213397284742,0.1329746549259399,0.007111995372568412,0.02750676254809699,0.16024583773109002,0.021355671143553193,0.0013709730774244602,0.015738179228943733,0.00035170898310326877,0.0,-0.00011370118300860729,0.0,0.007269722357507421,0.0,-0.01318262999709297,0.0,0.004153755978369656,0.0,0.006586134774204513,0.0,-0.0004533139862276794,0.0,0.021564854495086758,0.0,-0.0031618308521633868,0.0
847,-0.07918350911515984,0.03821951032912293,-0.0009477600004001975,0.1404409741455101,0.13212435254827498,0.009971060025700303,0.026823692946938153,0.15837445412458148,0.021380123193419785,0.001181724826459554,0.015140397033415758,0.0007487636400810937,0.0,-0.00011343887559787609,0.0,0.007311356988506284,0.0,-0.0139117228589625,0.0,0.004083012055956286,0.0,0.006648372376794432,0.0,-0.0004331217211815366,0.0,0.02204965840047465,0.0,-0.003985620791525171,0.0
848,-0.0799705143154047,0.0383833195833378,-0.0009495866215317784,0.13978852475377407,0.13222148732731495,0.009891162237898056,0.027191546953988822,0.15835266900561284,0.021199912509064826,0.0024310210616838384,0.015510267936681536,0.0007246850622403056,0.0,-0.0001161975397007335,0.0,0.0074856321082462565,0.0,-0.013641627753894133,0.0,0.004091123210143993,0.0,0.006627695159201599,0.0,-0.00040788461163459514,0.0,0.02220465205075285,0.0,-0.0039770406127046945,0.0
849,0.13062746237093445,0.060737666529178655,2.839303176517693e-05,0.0027324497245856086,0.0026112585815402157,-0.0029732036485712664,0.023328664139323888,0.04378764006496354,-0.005458670904506477,0.04635912921871163,-0.025688780648002407,-0.0005139922669306367,0.0,0.00023901349847479505,0.0,-0.0016892269601592779,0.0,0.0084699117224688,0.0,-0.07319109235620275,0.0,-0.042950630394494344,0.0,-0.015669324346284326,0.0,-0.02667687206181987,0.0,0.007226354223517266,0.0
850,0.13183723230251038,0.0610474184781242,2.839303176517693e-05,0.003018726752866131,0.0023468587141617387,-0.0036645740627924738,0.022980093506411982,0.04412092924450267,-0.005489254552043158,0.04725759829628864,-0.022667392169553373,-0.0004981399712494663,0.0,0.00023901349847479505,0.0,-0.0016896495437022864,0.0,0.008641534974364293,0.0,-0.07383262540049315,0.0,-0.043071168548437073,0.0,-0.015634077027105835,0.0,-0.026379027400494585,0.0,0.00721853232554289,0.0
851,0.13396423121915724,0.06111640830962119,3.131320352825558e-05,0.0029541186542206134,0.0019864552728477572,-0.003695437780572907,0.023234797281575566,0.04401104294876455,-0.006277451853789004,0.047874926577119906,-0.024151084283202357,-0.0006542379188808681,0.0,0.00024038415176808343,0.0,-0.0016680937320315723,0.0,0.0082948652213296,0.0,-0.07420416368487573,0.0,-0.04312836177805904,0.0,-0.015630891215915366,0.0,-0.02637633125589371,0.0,0.006769364879766932,0.0
852,0.13456226956175582,0.06205036330928582,-0.0007669949696768024,0.0030134280746011203,0.0019448705053083284,-0.004071044545650206,0.022876006851657197,0.04382789066919164,-0.005496613235337748,0.04835899591926549,-0.022177355758738488,-0.0006326499786703676,0.0,0.00024038415176808343,0.0,-0.0016949960859714353,0.0,0.008385251835808922,0.0,-0.07393034323557046,0.0,-0.042490485465047995,0.0,-0.015592949286125632,0.0,-0.025998490950482858,0.0,0.006758589779757477,0.0
853,-0.04017293742493988,-0.004206309920872134,-2.576531499126343e-05,-0.0010308874834304873,-0.002357389393889589,-0.0016245847811102879,-0.009823295718244128,-0.034359790560017596,-0.02417993431798442,-0.025055793817939757,-0.06982992087509048,-0.010499230209629238,0.0,0.00042063942822762946,0.0,-0.0020178486543304805,0.0,0.0015506980350056844,0.0,0.004553067596366193,0.0,-0.006565146755685583,0.0,0.00047414773549213064,0.0,-0.06028206112050695,0.0,-0.007568867106907868,0.0
854,-0.005942806361867371,-2.205408450766104e-05,-2.6293096584748548e-05,-0.001932088734195806,-0.0020120111316175933,0.00035951101083542524,0.0009423282285643279,-0.032240844413299385,0.004959639886706805,-0.01823002019263526,-0.06418776868399675,-0.008922531341539131,0.0,0.0004442663200400078,0.0,-0.0005866767223901268,0.0,0.001400923588115215,0.0,0.005062363923136851,0.0,-0.005252503682159395,0.0,0.011168772016074295,0.0,-0.05085994406576869,0.0,-0.007036672228534853,0.0
855,0.14678009728675834,0.021949767301650217,1.7798209985681124e-06,0.014106332461722014,0.012298117527517555,0.047007444906842,0.018049481480520872,-0.0005366901488725802,0.03286959387556522,0.061556170355372586,-0.009708725857302184,-0.003675857916306512,0.0,0.0004302036844685158,0.0,0.0045402787083823415,0.0,0.004259730738755008,0.0,0.007723561128186869,0.0,0.002543466990250224,0.0,0.03518866161201304,0.0,-0.00691007574100269,0.0,-0.004340768115371251,0.0
856,0.15554391782462607,0.022057891678783078,-1.934618499804055e-06,0.013624994222382779,0.012375180510853415,0.04884227741200166,0.016976580986816796,0.00048606045469480906,-0.001752809794007739,0.06864943605629441,0.013012025905767947,-0.003896055734480385,0.0,0.00040572214802038644,0.0,0.0007136548346022877,0.0,0.0008526924252244473,0.0,0.00752704650957309,0.0,0.003294406064438289,0.0,0.03349430831486867,0.0,-0.00835682451806938,0.0,-0.004190273514390981,0.0
857,0.029556359589488195,-0.006009536126193533,-2.29958957337281e-05,-0.008434899020370184,-0.009188298784846383,0.003701816304576061,-0.014827657920912127,-0.0523579372450433,-0.02640423010137046,-0.0041150818031241215,-0.03246105356116297,-0.008464832785597036,0.0,0.00039483622111100394,0.0,-0.007813451089740131,0.0,-0.0011904238045251038,0.0,0.005529135565810021,0.0,-0.008380990411480204,0.0,0.0038187670150625582,0.0,-0.045127046099009346,0.0,-0.005658276837171839,0.0
858,0.022696354234254926,-0.0058722820843470115,-2.088949803119431e-05,-0.012121348412614159,-0.012377800535528035,0.005059311574214315,-0.010905003878244885,-0.05280361261575447,-0.024798115868885296,0.0027619946634863746,-0.03559324065500222,-0.007784349452460345,0.0,0.0004089565422784311,0.0,-0.010182829041487153,0.0,-0.0009845686631273069,0.0,0.00525962032665948,0.0,-0.006788142631968261,0.0,0.0027336797577143155,0.0,-0.04859061773667563,0.0,-0.005382890443349808,0.0
859,0.15792507634813888,0.022805536717055683,4.4157204355577446e-06,0.009094009585463225,0.00968903257127459,0.05037018459058212,0.02349839404058201,0.007692907736117916,0.025096379367065356,0.06542967123143989,0.05069751384343132,-0.0024847171587544666,0.0,0.000560545015494756,0.0,0.002892799979744381,0.0,0.003828779256016047,0.0,0.008524077740185172,0.0,0.005457600780759975,0.0,0.02425543674579214,0.0,-0.015891775541540844,0.0,-0.0037920456727150733,0.0
860,0.15193131696496112,0.017887142240936488,3.857362297379307e-06,0.008997244926259034,0.009490205519334717,0.04954848552567448,0.017419456415344092,0.00516997256470204,0.03844042789367812,0.031781452204699134,0.0674482711766439,-0.0024712233716666448,0.0,0.0006163164595565974,0.0,0.0023117695090528077,0.0,0.004479122198779692,0.0,0.008478055341634712,0.0,0.005346673401159645,0.0,0.01995726087986626,0.0,-0.01957501769514667,0.0,-0.004045445368402377,0.0
861,0.022722367487801192,-0.009673508968773134,-1.5699148304667815e-05,-0.010145461447715868,-0.013889846139545,-0.019428100292503275,-0.027408447458192233,-0.036735691232295864,0.0007278866108605227,-0.02651415184151327,0.004416743187038364,-0.008986463685048764,0.0,0.0005364782018938637,0.0,0.00043575897916230165,0.0,0.0012939092290273396,0.0,0.005986012272279531,0.0,-0.01175850739919497,0.0,-0.016593263870311317,0.0,-0.061743017979816295,0.0,-0.006409862646311164,0.0
862,0.01701659638816782,-0.014194159779376039,-2.3764781319431525e-05,-0.013989997004946448,-0.0178901457337942,-0.024557663589294315,-0.0320164540595307,-0.04539631183606984,0.0012153262142351245,-0.028513823035018256,0.009335698787629148,-0.008645574752886102,0.0,0.00054067484416303,0.0,0.00018657408371733727,0.0,0.0009255164071309814,0.0,0.006079467159085421,0.0,-0.01322509076440774,0.0,-0.02333594135984768,0.0,-0.06044841847157607,0.0,-0.006513831233363975,0.0
863,0.02187736575068011,-0.013595552263157541,-2.3764781319431525e-05,-0.01637895872301063,-0.018957626832623094,-0.022311339522535993,-0.032448912189763375,-0.041192895108101396,-0.002356713267461975,-0.016318717242565374,0.005361727528642221,-0.008339519649299043,0.0,0.0005158494979396632,0.0,0.0001252253028865594,0.0,0.000971582819039895,0.0,0.006212221476419011,0.0,-0.013830684473056052,0.0,-0.020626785876117812,0.0,-0.055681856067824616,0.0,-0.006317740708153052,0.0
864,0.16053817748979213,0.016734426478037735,4.768124094408082e-06,0.003967879044324299,0.0045038081764639725,0.0497657672527884,0.01678418176152974,-0.005755040408183088,0.03517123720745424,0.00019848318245970823,0.08794704633454295,-0.002419137917649383,0.0,0.0008454481521700774,0.0,0.0006392685064345476,0.0,0.004241924524021555,0.0,0.009625551439308724,0.0,0.004646612730136575,0.0,0.006386835552386166,0.0,-0.00675465536522002,0.0,-0.004058580397406798,0.0
865,0.052412540941818894,-0.002481208396202076,1.1474494369274549e-05,-0.008718971467325769,-0.00811387548369826,0.01061954846470809,-0.006296745005880821,-0.050004783007263146,-0.03311426151762523,-0.02700236125546653,0.030285072084796888,-0.0068370624485531144,0.0,0.0007778814390655916,0.0,0.0003655566267692222,0.0,0.0016998891018723229,0.0,0.007149857780268737,0.0,-0.007174432300463502,0.0,-0.005458501784980515,0.0,-0.035734261740939875,0.0,-0.004762853539215996,0.0
866,0.16654277222726505,0.024096786768020663,4.886961155009622e-05,0.006917997651931742,0.008901742375773309,0.04306964702183656,0.011540338532257909,-0.01749142600209264,0.010558251627772075,0.0190178624083815,0.09324883256003456,-0.002201648075758718,0.0,0.0010312823742464566,0.0,0.0008344682800412336,0.0,0.005900309006311669,0.0,0.009958677099446369,0.0,0.005200245655629054,0.0,0.018025658622473198,0.0,0.0024920180634098567,0.0,-0.0034258875204624547,0.0
867,0.19594607088964242,0.025698921754374576,3.9035450132874606e-05,0.008114447298493423,0.006845582057435973,0.06895477073538177,0.023090423402602454,0.014841788363438845,0.010696210608360762,0.013756936705784782,0.06852794514801153,-0.000391347490345669,0.0,0.0005027690599159761,0.0,0.0014399514469161958,0.0,0.00838648251231619,0.0,0.011357963736607173,0.0,0.002142964978094994,0.0,0.0016956621782120284,0.0,0.00859263523226167,0.0,-0.0033325947504877205,0.0
868,0.09681454054409416,1.5882639457469084e-05,2.3920044875781217e-05,-0.013820243906485483,-0.010816835070277638,0.019774328267864367,0.001488315529025066,-0.022049427825126654,-0.025898442836728354,-0.024708103302977402,0.0037146526326159663,-0.005039801530152632,0.0,0.00038306173235939256,0.0,0.00039724040314362014,0.0,-0.013809326872979037,0.0,0.008566432244853072,0.0,-0.011901153360263718,0.0,-0.023001590851347606,0.0,-0.023005819634503384,0.0,-0.004762396554904835,0.0
869,0.21483702378682606,0.027351360571045622,5.557749016542843e-05,0.00199985544446645,0.005850531865073317,0.043746326449457806,0.021858562393812214,0.0542901354649873,0.03253100073425566,-0.005522729226184585,0.07990732162979555,0.0018572145253154166,0.0,0.0005394023352265027,0.0,0.001360596192311378,0.0,0.002412959878195652,0.0,0.012750225691335593,0.0,0.0019150701043897757,0.0,-0.0019154708155720258,0.0,0.006019291397445364,0.0,-0.0036177260806571155,0.0
870,0.22197788881532354,0.03188900718557306,5.499625052076218e-05,0.004994880717231088,0.008899040259264922,0.04875830770533095,0.024626842040406945,0.06973299755933038,0.03783048668886312,0.007265450202456099,0.08745787410827671,0.002498131922433917,0.0,0.0005899488122580082,0.0,0.0013640934318572603,0.0,0.005719129750887901,0.0,0.014250588947461394,0.0,0.004532868871727928,0.0,0.0016561053411288957,0.0,0.014327886772077181,0.0,-0.00295167340306741,0.0
871,0.2600816027440032,0.03250198554536328,2.69999800903969e-05,0.006813123434519844,0.008449078037471493,0.04450934087198993,0.02310782476386326,0.04730011558605163,0.04780464782173744,0.011105047495085752,0.07568782628647971,0.0028467176844587036,0.0,0.0007535678818759136,0.0,0.0015230577721041028,0.0,0.007128056711710982,0.0,0.017072058003618936,0.0,0.003649933988968638,0.0,0.004806994540757021,0.0,0.02352720922125588,0.0,-0.0030189941101845265,0.0
872,0.26888657534154403,0.03100995652391527,2.8451066093138313e-05,0.0068549264372711445,0.008670033525763983,0.04183904019737889,0.020048148445305655,0.04107894905198468,0.04465587428443416,0.006604667761181655,0.07219717051034377,0.0026438664341584244,0.0,0.0009261213680448343,0.0,0.0015224020442327617,0.0,0.0072978563181036425,0.0,0.01737598186222432,0.0,0.0052678408552038385,0.0,0.004746819556017746,0.0,0.026042820793860104,0.0,-0.0032069904424618357,0.0
873,0.2582292346161306,0.033598775389229035,9.746511185838331e-06,0.0032393575187015774,0.005211535264834823,0.03598824168934802,0.018815483903595207,-0.0035335194602103014,0.04252796372627989,-0.0010493194204533145,0.066633153952022,0.0015966334720445175,0.0,0.001061359984221738,0.0,0.001442589080653218,0.0,0.00047093714695645584,0.0,0.018364090812713493,0.0,0.000531501665070004,0.0,-0.0018122044694499544,0.0,0.0264320373076699,0.0,-0.003938227695540103,0.0
874,0.2433083637013952,0.032132504026971175,-7.498096296818777e-06,-0.003083927841175121,-0.0003868152100757251,0.03365932897163692,0.01905758470735732,-0.004352485351228578,0.03197597197889324,-0.001420902744205178,0.029116693894484583,-8.154906804773142e-05,0.0,0.0009908881458511743,0.0,0.001102511874230071,0.0,-0.0019198669482914192,0.0,0.017280842516883096,0.0,0.0014450585880385251,0.0,-0.01455025872952784,0.0,0.020525773165832678,0.0,-0.003881123992645287,0.0
875,0.24668514601560002,0.031057515633463977,-1.0067170045089822e-06,-0.00330158890762163,-0.0011228709307992413,0.03493657362466022,0.01911255356004206,-0.004718311572956127,0.040267201184243775,5.7624246189006514e-05,0.02728027554660151,-0.00023892751923007793,0.0,0.0009322363808374581,0.0,0.0011071891203339916,0.0,-0.002138380017747906,0.0,0.017845751143178528,0.0,-0.0009593400929766385,0.0,-0.013914543639245455,0.0,0.02075488471293196,0.0,-0.0037823423191236326,0.0
876,0.24447092457597455,0.03112963919137575,2.95543204583289e-06,-0.003583773164962982,-0.0016706020685641908,0.035152135847897475,0.019468402925918882,-0.005295092885513299,0.03950522694080941,0.000341300580628082,0.02530075431387347,-0.0005293642778708949,0.0,0.0009828646476101395,0.0,0.0011001377252135844,0.0,-0.0023612788525910404,0.0,0.017787579421473073,0.0,-0.00036180580928904705,0.0,-0.013341441816284437,0.0,0.019811264860106887,0.0,-0.003643029299785183,0.0
877,0.2519330820275768,0.031900071804303216,1.0400928735308082e-05,-0.0034886563714820406,-0.0008803059298673632,0.038416259167973976,0.016462918799920987,-0.0023372656571808907,0.03869185820875985,0.00028892270791093776,0.026116676100504287,-0.0003316437750160241,0.0,0.0009836173889720538,0.0,0.0011062408666904504,0.0,-0.0017526812747290898,0.0,0.017845768385357945,0.0,-0.0011193918520699374,0.0,-0.01168266143653912,0.0,0.02047554685640672,0.0,-0.003830571633553507,0.0
878,0.24408610490809862,0.03497434553581637,1.3720903656017925e-05,-0.0017090747834176438,-0.0006228312083500999,0.041461113588995034,0.018696275422320528,-0.0036483490447144174,0.033976308252692634,0.005558596273769015,0.024011439583974215,-0.0005606456994630763,0.0,0.0009824876755989045,0.0,0.0011228454933317929,0.0,-0.0015935320631175751,0.0,0.018073665930151785,0.0,-0.0028613215201411936,0.0,-0.011524229350644434,0.0,0.02037207878814458,0.0,-0.004237949839350613,0.0
879,0.25837866410067645,0.031454365005095276,-0.0008075147588088009,-0.0012676517373511737,0.0027471506746855287,0.045319589240881815,0.018880604715504023,-0.017229319613543823,0.028568341825742333,0.0051581062119237945,0.020775039425256617,-0.0019254604766356207,0.0,0.0009326161363599496,0.0,0.0010097105915382529,0.0,-2.9216635117385753e-05,0.0,0.017527904662733924,0.0,-0.00042513772301384597,0.0,-0.014674912613777541,0.0,0.019935256029866295,0.0,-0.004468495610638118,0.0
880,-0.28272272071475923,0.025017431558129667,2.6756676194626618e-05,-0.0023474952982198336,-0.0008139065262051772,0.0016208259292668,0.056490437783704675,0.06301564682476644,-0.014603424706989923,0.00942676442517724,0.01971098859261649,-0.010158635448206343,0.0,-0.00048636820840813747,0.0,-0.0007316360955315279,0.0,-0.010386178197273544,0.0,0.003088637227121161,0.0,-0.019440810169968882,0.0,-0.0025300987383388485,0.0,0.0114912946774532,0.0,-0.004040532331544076,0.0
881,-0.2680274295807181,0.02325465567295147,2.661773113744135e-05,-0.0027572911575386512,-0.001449430646533019,0.005317622254227159,0.051215129429932026,0.07766254836803883,-0.026301178280255036,-0.0016707444105192976,0.018542005565730824,-0.009310521626775835,0.0,-0.0005631366075993776,0.0,-0.0005834360855177655,0.0,-0.0133048048995469,0.0,0.003204591679097714,0.0,-0.019012584259585536,0.0,-0.0022066207161396856,0.0,0.009103171129921858,0.0,-0.003749322766648347,0.0
882,-0.2721267421132089,0.023089255353374794,2.7937723684625836e-05,-0.003572558708331006,-0.00114029425752458,0.005234968243202306,0.050445851580366255,0.07862513783606272,-0.02035690937542235,-0.0036760512834355043,0.020069862937886256,-0.009334629188302792,0.0,-0.000663655993376404,0.0,-0.0005803982864836945,0.0,-0.013734606573366255,0.0,0.0035402370263878415,0.0,-0.01869096667941875,0.0,-0.0020740727190725616,0.0,0.009116811883363286,0.0,-0.0036907683800634582,0.0
883,-0.27991727853588905,0.02441980562775833,2.8082104102744925e-05,-0.004824967063115518,-0.002510096049834071,0.004630649794190978,0.04994346851895482,0.0807388281788072,0.0057114287765669255,-0.004689680886133681,0.023079679090588914,-0.008753394522880932,0.0,-0.0006801387675434921,0.0,-0.0006439910287901265,0.0,-0.013813059049801126,0.0,0.00391727701237188,0.0,-0.01842880326406002,0.0,-0.0007595990598995777,0.0,0.014135778523532264,0.0,-0.003111374556048868,0.0
884,-0.2821559384385529,0.02334082455372969,2.8713325918427223e-05,-0.00451450157289053,-0.0028824005815059213,0.004752781505523148,0.04886994458863108,0.08062132217245387,0.010735509751266066,-0.0018761462471585811,0.02516358390297493,-0.008544946318602626,0.0,-0.0006795552965667358,0.0,-0.0006852095262024556,0.0,-0.013919586127067816,0.0,0.00393687865115361,0.0,-0.018556316386367667,0.0,-0.0011838386481484787,0.0,0.014838368735675128,0.0,-0.0032240320380726196,0.0
885,-0.2862875319332173,0.015994236332829946,-0.0004655053718268971,-0.003565375765645819,-0.0005056910974685111,0.005569583530424022,0.04372920485260389,0.08401626965391391,0.026685101459859212,0.0033647861237223976,0.02393522449124733,-0.007386683549512917,0.0,-0.0006420148053116847,0.0,-0.000613233448062007,0.0,-0.01946721535002072,0.0,0.004316214045501949,0.0,-0.02236916878090298,0.0,0.0003734647324254005,0.0,0.01627403285951459,0.0,-0.002178832577912638,0.0
886,0.15975319558811774,0.06612423449399421,4.640494576834091e-05,0.03293442673489039,0.03443055365003148,0.0015287990612537917,0.018802395220034334,0.04317508757985421,-0.013051214301286055,0.027579845271122238,-0.025597053516762558,0.002782430119683918,0.0,-0.002570664846555538,0.0,0.00040865339090203175,0.0,0.0011072513476892303,0.0,0.007356845765249787,0.0,-0.04571536538519009,0.0,-0.006788760890180987,0.0,-0.01089588592099703,0.0,-0.002356907983755738,0.0
887,0.15468034685531637,0.06704274914146761,5.007229986230074e-05,0.03216865193758377,0.03452140520881386,0.0017735705046941226,0.01797119973433513,0.042771160143754455,-0.011686980228400234,0.027081892065402197,-0.02628047540487035,0.003102712746912259,0.0,-0.0025259403333248815,0.0,0.00018608066197937435,0.0,0.0014155105994626725,0.0,0.00727331232488365,0.0,-0.04238043111136008,0.0,-0.006487110755218618,0.0,-0.010434914952091031,0.0,-0.0023071093480013087,0.0
888,0.15577058173154762,0.06630431055366136,4.867319610532051e-05,0.03211354112424276,0.0344906326971903,0.0015883194283616796,0.018089720246734674,0.042607211597919165,-0.012287175548983465,0.027229795360634614,-0.025306268103900666,0.002914392099947887,0.0,-0.002522878773968892,0.0,0.0001780127592519989,0.0,0.0012874298744611256,0.0,0.007343235243332596,0.0,-0.04316003564852818,0.0,-0.006179765821192965,0.0,-0.01027335071590727,0.0,-0.0023006792097081687,0.0
889,0.15551529570999514,0.06613008894246167,4.867319610532051e-05,0.031978841808154336,0.03448785265944454,0.001957867728949905,0.017968544902645517,0.04242493330975532,-0.012165593989380604,0.027267482578328745,-0.024930192980478563,0.0029195261121855547,0.0,-0.002522878773968892,0.0,0.00017921586379152245,0.0,0.0012637646602919558,0.0,0.007337416996907624,0.0,-0.04316347730616509,0.0,-0.006182096830606397,0.0,-0.010272911212534042,0.0,-0.0023066512846820586,0.0
890,0.1556252036463305,0.06589806444708306,4.867319610532051e-05,0.031995621555231495,0.034519254217527925,0.0019523666088972433,0.0179799263316769,0.04249438975082631,-0.01213434212335589,0.027249919601520223,-0.024982292326787274,0.002931396729500905,0.0,-0.002522878773968892,0.0,0.00017921586379152245,0.0,0.0012637646602919558,0.0,0.007336299053568312,0.0,-0.043168080393958884,0.0,-0.006182386099830608,0.0,-0.010242621170029218,0.0,-0.0023057926832193926,0.0
891,0.15501755886329976,0.06579624891704294,-0.0010724008306114937,0.03193256618165187,0.03450663731794025,0.0020541353596682525,0.017741556337536477,0.04237760176167281,-0.011334608540599655,0.027615653643721885,-0.025012960120860062,0.0029343158786280664,0.0,-0.002522878773968892,0.0,0.00020635943179039975,0.0,0.0012698830719308717,0.0,0.007311900502340458,0.0,-0.0422219306205713,0.0,-0.0061766815224485305,0.0,-0.010182181743048807,0.0,-0.0023050730239137095,0.0
892,-0.0849199382366237,0.02243551826066845,4.2731608335625155e-05,0.1731397391033634,0.15411085219160572,0.0194833710912297,0.021637443672906563,0.09669955334773588,-0.006849379759975935,0.007330552853759389,0.037985966443989876,-0.006543855406792643,0.0,0.0027017276516762222,0.0,0.006828753589619238,0.0,0.01754176425023148,0.0,0.0024727824913413575,0.0,0.0023378430855795066,0.0,0.0008450995002173477,0.0,-0.014127348147147044,0.0,-0.007499354695153548,0.0
893,-0.07705843894677764,0.017825492647253884,4.2692842806353825e-05,0.16957522181580884,0.1521219680220818,0.01787846057504031,0.021810247640263958,0.11265652937314054,-0.01565929438472146,0.006095586717191091,0.03866072420005601,-0.006087164599527057,0.0,0.0031598677717043985,0.0,0.008371652309366791,0.0,0.01805263916858908,0.0,0.0027390344637299186,0.0,0.0037096804105930105,0.0,0.0010947173802753072,0.0,-0.014141241890324887,0.0,-0.0062460067586844956,0.0
894,-0.07674898526971449,0.01991855710493581,4.2672229859744907e-05,0.15372944167759742,0.13919035854253928,0.020306260345282746,0.023302948694023752,0.1027003967206821,-0.02247225279514955,0.0027003980544399175,0.043215687103316615,-0.005792275683497231,0.0,0.002298693649369873,0.0,0.008216215372788218,0.0,0.016125498466072054,0.0,0.0031113785928681224,0.0,0.004307555882410266,0.0,0.002164186189852326,0.0,-0.015606416200764911,0.0,-0.005257838062223479,0.0
895,-0.07816964447818187,0.021777651301230976,5.161354431613458e-05,0.1346352941134643,0.1275164624389756,0.02399587551373792,0.024454561080511476,0.1031144047868598,-0.013235178241106364,0.001666158140557254,0.04996754368438404,-0.005128676207356961,0.0,0.0021117575543689432,0.0,0.006115955555394473,0.0,0.013981145714643862,0.0,0.003327358235189957,0.0,0.0052229254607009225,0.0,0.002094933399830372,0.0,-0.01803890087798291,0.0,-0.004550147129456839,0.0
896,-0.0016566887563191923,0.04527247731048193,3.1149980142422224e-05,0.06600969435378878,0.05731589823934035,0.022719344334042643,0.024410125891147647,0.09632297355021777,0.022428729698755784,-0.0017149523045432776,0.08624867061471081,-0.002249139942298093,0.0,0.0012563795927022143,0.0,-0.003400314519013585,0.0,0.00847249646672157,0.0,0.006585396994294615,0.0,0.004068177867358594,0.0,0.002024363051682219,0.0,-0.03895863389946467,0.0,-0.0032236007949641102,0.0
897,0.0019529270895831247,0.04487336477910589,4.077301103061028e-05,0.05455404583095556,0.051139206718936236,0.022778438209541493,0.022739716479819413,0.08885011675134549,0.03015725712556765,-0.0007348673565677583,0.08983705479451427,-0.0020332705666857706,0.0,0.0011801453983086086,0.0,-0.004900626555890467,0.0,0.008410237747264468,0.0,0.006803794897283242,0.0,0.0030698896801554672,0.0,0.0021639307991568706,0.0,-0.04198336222292419,0.0,-0.0025961801389859846,0.0
898,0.02128284306879347,0.049538336000250774,3.368366809443817e-05,0.04719723788927594,0.04502580666673627,0.0231066637636785,0.021567511096556816,0.08543007866343405,0.03493916252828021,0.0016095669714822794,0.0891056632837272,-0.002440720735592217,0.0,0.0013222800014455465,0.0,-0.005346602895391316,0.0,0.008357662869755525,0.0,0.007385515374113135,0.0,0.002873375989544117,0.0,0.0019626647200677544,0.0,-0.04309562077075173,0.0,-0.0023668333553650764,0.0
899,0.020139657845168957,0.052365743568190126,-0.0006754311280575384,0.04439365907366736,0.0426851236066909,0.02229400737153682,0.02163788004142751,0.07839290157229628,0.03676814017285823,0.005987546043343612,0.08603629816893235,-0.0032653648049578233,0.0,0.0015091391006411166,0.0,-0.004534608291201727,0.0,0.008289521174557704,0.0,0.0070564314423735034,0.0,0.004195378583832102,0.0,0.0021524547166498005,0.0,-0.04573582069402952,0.0,-0.0022714968597437528,0.0
900,0.0770728872551085,-0.21632132158397135,1.7731906813356407e-05,-0.00394598133649754,-0.0022081094940368993,0.02005363168812419,0.017649563917655712,0.07442556896251863,0.029875316671783163,-0.001727892507219972,0.05423009994270236,0.0005283313955581984,0.0,0.00043994041124793387,0.0,0.0005141919914002911,0.0,0.002504482932229354,0.0,-0.0015267898314833125,0.0,0.0019989343617282714,0.0,-0.002078459353437019,0.0,0.043279862330134936,0.0,0.0041156811109305125,0.0
901,0.07839469196446004,-0.21576191875160916,1.774323614163074e-05,-0.0037100800140156646,-0.002179923175536236,0.01602520825866253,0.01735842711309521,0.07460519168517035,0.029705314764731563,0.0032381730002123544,0.05517633383361982,0.0005615260045889306,0.0,0.0004431988247767428,0.0,0.0005158408900028752,0.0,0.0024310023967941464,0.0,-0.0015229266034848088,0.0,0.00248552603403879,0.0,-0.002136071613509968,0.0,0.04459555189878582,0.0,0.004247702187674903,0.0
902,0.07824207155524837,-0.21184378052944042,1.6412587132625014e-05,-0.003787593958243144,-0.0018769298269371158,0.017586057123352924,0.017590361660242075,0.075232265359013,0.029915657478453372,-0.001916660931059783,0.057253904140069964,0.00039313158150641655,0.0,0.00044842587838805567,0.0,0.0005060635895230514,0.0,0.0023694800853108935,0.0,-0.0017527189641166245,0.0,0.002446761585687848,0.0,-0.002129663561549804,0.0,0.04802486039236641,0.0,0.004483816085624892,0.0
903,0.07921703521399748,-0.2120247078520471,1.6422049780094946e-05,-0.003941189855394251,-0.00204063517063896,0.019525927241497123,0.018160633152056415,0.07503577646699687,0.029702361800143982,0.0001442598341478532,0.059296083172916014,0.0006001827443633474,0.0,0.0004537547874256758,0.0,0.00037003946864199854,0.0,0.0022984363339917384,0.0,-0.0013688097108127113,0.0,0.0022861012756009765,0.0,-0.0021029473361893515,0.0,0.04663588314117711,0.0,0.004530155736229265,0.0
904,0.07131592805583561,-0.21853020235243992,1.666940640957605e-05,-0.004536994944896729,-0.0024295877706353147,0.010894760796970835,0.017433031708224203,0.07496232017119088,0.028718501147515025,0.009166464000350425,0.0595563208188794,0.0004862005925384663,0.0,0.00045500492809564754,0.0,0.00031368863493600965,0.0,0.0036943592597678673,0.0,-0.0009873009451243236,0.0,0.00199765158024732,0.0,-0.0017830691619962953,0.0,0.048013858950823066,0.0,0.004614338825245674,0.0
905,0.07371784468287422,-0.21879668407101574,-0.0006443628982822211,-0.0054566887841566,-0.0037315828386948946,0.01104978623514267,0.01777516629483955,0.07609648170504067,0.0279075282217616,0.008765444289157409,0.06264378608045984,0.0008671995005148565,0.0,0.0004638213456206947,0.0,0.0006903228928729645,0.0,0.003952770177418063,0.0,-0.0003881214118989705,0.0,0.002902078651301046,0.0,-0.001520912984056486,0.0,0.048299312741346884,0.0,0.005490163267664634,0.0
906,0.36648447728708344,0.01697962049423398,1.3193603744123794e-05,0.0015477423909781545,0.0037145866156146523,-7.618444033423487e-05,-0.0029615111965493324,0.07741622694752634,-0.005347390001275613,0.0018922313528984618,0.006593473740983655,0.02964702506443748,0.0,0.0011913786089317957,0.0,0.0015081136790955536,0.0,0.004152947646793546,0.0,0.01909704457252993,0.0,0.043143424589357805,0.0,0.005469538215195289,0.0,0.039448920588814655,0.0,-0.00318721136013797,0.0
907,0.37084336123539946,0.016433640292209492,1.74690353091163e-05,0.0037017832912811335,0.006320663126049024,0.0016437129551126026,-0.007668883778173046,0.07896808451830516,-0.005539393668779542,0.003130934316081087,0.008816783047080966,0.03281657410520875,0.0,0.001209034513288678,0.0,0.002024294418977804,0.0,0.004664506898204905,0.0,0.019304347102108443,0.0,0.04315976901789052,0.0,0.005653909065492788,0.0,0.0390912921811532,0.0,-0.0033228462476704106,0.0
908,0.3713168948334583,0.01828170536977042,3.282664167759231e-05,0.004150745920956359,0.007475642385334763,0.0025059195297628947,-0.004404405069133035,0.07795643972648233,-0.007689139070242712,0.0031899292813060746,0.005392301179980299,0.032926167600577816,0.0,0.0013363024708183773,0.0,0.001962534322476462,0.0,0.005063413398847784,0.0,0.019200294253252037,0.0,0.04342680277642883,0.0,0.006120794153945867,0.0,0.03855958305389635,0.0,-0.0032985808697434736,0.0
909,0.3630561930973872,0.01809373142910598,5.32428097961716e-05,0.004029611895462361,0.00870215122696428,0.001657498015691708,-0.002492168114151602,0.07192344530459986,-0.00828804855433338,0.0031759328642332173,0.016431414718435056,0.03546531198341382,0.0,0.0019189569704825542,0.0,0.0016323656994967084,0.0,0.00692007807763191,0.0,0.01904715909477586,0.0,0.04230613521973352,0.0,0.007636816377341285,0.0,0.03665828262015137,0.0,-0.0033033706137017404,0.0
910,0.3877528273535647,0.012292398008821436,0.00018893051520575137,0.0020485699025341365,0.007068994440185703,0.0016687534421357178,0.003988115388483872,0.061828867548973446,-0.0069578695456746975,0.0042341322677691045,0.017636821274815865,0.032182799868008,0.0,0.00223730659907468,0.0,6.255382627243838e-05,0.0,0.008291141488941342,0.0,0.016680007651860344,0.0,0.0405391072844885,0.0,0.006737315519047183,0.0,0.03173522259239932,0.0,-0.003354118839061203,0.0
911,0.39465742791810143,0.01066634283681333,0.00022042626990248658,-0.00018062030375398766,0.0032407027962766274,0.0027324566040483186,0.00526239274708368,0.054662116697691374,0.0023541478178890868,0.007386188807127649,0.01920886774234301,0.03238401529362046,0.0,0.00256133087845154,0.0,-0.0001259802950210405,0.0,0.006536199347846816,0.0,0.0149012938027253,0.0,0.04528863890145876,0.0,0.006679102462628097,0.0,0.02753961283241536,0.0,-0.0035199454064904247,0.0
912,0.41168262248029064,0.010843142065630907,0.0004282795594864698,-0.0014003313703871913,0.0019538690394591126,0.001395312568146398,0.003380738578449796,0.04281364686913108,0.0032220548482101937,0.006898647487662751,0.019071570775537918,0.03246997770535934,0.0,0.0030234212693302266,0.0,0.00010310765193056936,0.0,0.011016610267159234,0.0,0.016465998776458952,0.0,0.04758045599005455,0.0,0.0060464843251043275,0.0,0.02332433604676747,0.0,-0.0033909542519800035,0.0
913,0.41283853077070176,0.011228265460586884,0.0004491030062866136,-0.0013257815794865933,0.001033364353109093,0.0015915339155741777,0.005220070364093926,0.03201180652387857,0.006245051857477076,0.011314570381389732,0.021056088843388908,0.029540386659834113,0.0,0.0031319329915402727,0.0,0.00024283157378392933,0.0,0.011400447719122143,0.0,0.015834347300753688,0.0,0.04859348992614617,0.0,0.005910857204846387,0.0,0.02286768245402975,0.0,-0.0033741572779167096,0.0
914,0.4137841485185582,0.010706320433278516,0.00048642643539814585,-0.0008866640544801294,0.0009242927159877401,0.001919359001338575,0.005703705342367496,0.028348876088169075,0.006737051510237361,0.011788838822424071,0.021350948286220563,0.02953718970314703,0.0,0.003239996896790743,0.0,0.00024160022078675391,0.0,0.011501656874916654,0.0,0.01583298744349202,0.0,0.04915623413318444,0.0,0.006101750708477411,0.0,0.022698889740915124,0.0,-0.0033631863720704086,0.0
915,0.42051753549181176,0.009482244978631284,0.0004911092541619427,-0.0007311885264351649,0.0014560292355732894,0.0018217262814922447,0.005983003357959262,0.012802949028412247,0.007739038113930018,0.01229238579907116,0.024886601533800987,0.030141832366122664,0.0,0.00320530216152851,0.0,0.0002214925551739992,0.0,0.011695269148646067,0.0,0.014898943397269238,0.0,0.05103736539271427,0.0,0.006145649145975561,0.0,0.024023077712338897,0.0,-0.003418512211701838,0.0
916,0.4218876404111067,0.009838196246742412,0.0004901353973533852,-0.00020832591353929758,0.0018119746903839371,0.0013409949907550167,0.006424208213384097,-0.008694209953992648,0.009026288683849713,0.012844515368415778,0.030074450713005175,0.032474407578836635,0.0,0.003258392387408111,0.0,0.0004935331875012753,0.0,0.011944638501376186,0.0,0.015350895304649607,0.0,0.05256129341354874,0.0,0.006164276060341697,0.0,0.025777907579416153,0.0,-0.003762199807375231,0.0
917,0.43048011926380736,0.010534733071617263,0.00048590197960916994,-0.00046975815685011685,0.0025209506881337333,0.0006840187679346676,0.0069865079263820755,-0.00995699166630667,0.008490122289876332,0.011647678219832133,0.03181375502228094,0.03337419385161322,0.0,0.003120075617890306,0.0,0.0007941305782979992,0.0,0.006680716939316429,0.0,0.014089234968697115,0.0,0.05407408993379824,0.0,0.007045680222583842,0.0,0.023796668560641245,0.0,-0.003737110328001891,0.0
918,0.428012980516552,0.012121840617982752,0.0004882032690608253,-0.000842440092809213,0.0021068112072423484,0.001445800389671013,0.006735539775784177,-0.009564473465056796,0.00675281469356592,0.011264170269127908,0.034798964263178134,0.03372571688141404,0.0,0.003094222969717534,0.0,0.0007793761961787668,0.0,0.007485622739804331,0.0,0.014755256714973701,0.0,0.054446762677164834,0.0,0.007166946823182073,0.0,0.02342643083710077,0.0,-0.0035086930673550536,0.0
919,0.4283492683519282,0.011251751011093556,0.0004817525573265644,-0.0003006593921118576,0.0019968595432064994,0.0015310325333674915,0.007083706853524296,-0.012951948113763129,0.0017965180251098925,0.010763771867514402,0.0356803483354554,0.03508820574782717,0.0,0.002922977566889888,0.0,0.0005778965915210455,0.0,0.0074849649796076365,0.0,0.014952226148847806,0.0,0.05570326748655543,0.0,0.007447993628879682,0.0,0.02273532239655337,0.0,-0.003496243066164888,0.0
920,0.4338283668279388,0.012166503022792664,0.0004828506680787295,-0.00010686333056266754,0.0019362286371047907,0.0017773796814057193,0.008031750374375167,-0.014948927243511868,-0.006287088386252209,0.010646427075397947,0.038666659756695816,0.03362715981868273,0.0,0.0028838153729237787,0.0,0.0005399400443599195,0.0,0.007100240471031615,0.0,0.014692725814470297,0.0,0.056450830946181065,0.0,0.007430365129835101,0.0,0.02154709285573196,0.0,-0.003603580948834316,0.0
921,0.42787263257816427,0.015054309087753912,0.0004865914483966623,0.0002984670855475524,0.001271263041506056,0.0022909395830977577,0.010910258403143308,-0.012830153982283545,-0.008287992710067072,0.010614717320841719,0.04028452449965652,0.03168735964565164,0.0,0.0027798821189691163,0.0,0.002119745202576704,0.0,0.0074494514594988575,0.0,0.015464957694587634,0.0,0.05781443236329232,0.0,0.0063469976311170935,0.0,0.02221581214007325,0.0,-0.00362661332569328,0.0
922,0.4246496261822611,0.014838386685921247,0.0004867379721300822,0.0007880175578403403,0.0018113179959434716,0.0027619204747627774,0.014606358384880704,-0.009889876492096958,-0.0005542299607869227,0.011264619489704438,0.039514374052236706,0.02929384504025759,0.0,0.0027220825003345652,0.0,0.00208964511156693,0.0,0.005926438298182562,0.0,0.015166582056285615,0.0,0.05477029282457898,0.0,0.005166832176499804,0.0,0.0207094413477383,0.0,-0.0036676939470874363,0.0
923,0.4232868845764973,0.015342331642405622,0.0004847553463619753,0.0035168657398462816,0.0032456719485495994,0.0027771193810707724,0.015717714804744317,-0.010538294719540615,0.0032337965046290856,0.011050538610702989,0.03908860736231081,0.02734845544011726,0.0,0.0026632172381589195,0.0,0.0022243926735940455,0.0,0.005870440220289371,0.0,0.016279234351950795,0.0,0.05519667342248112,0.0,0.0049698438245023785,0.0,0.01673357681275886,0.0,-0.0037999709649518196,0.0
924,0.4117677700457808,0.016433722508408515,0.0004850907423512956,0.002966095050724893,0.002758252683058815,0.002817771369936471,0.01708287481120939,-0.012067872706642084,0.008494257238062962,0.0120705972359759,0.037895035058043015,0.026892636935431594,0.0,0.0026794344346285364,0.0,0.0022234426711517995,0.0,0.006764948607316305,0.0,0.01669649121522085,0.0,0.056405888516340826,0.0,0.004502894018005402,0.0,0.016052569847002672,0.0,-0.003822887228841044,0.0
925,0.40723018306212194,0.020095524528120287,0.0004823688905729421,0.0029066441435801277,0.003346642440867763,0.0028797379774277835,0.018776051863257093,-0.013426561835235119,0.012693596064887968,0.011536215675976999,0.03819699209991133,0.02701119449960923,0.0,0.0027001405631553164,0.0,0.002091466781096891,0.0,0.006646237852131379,0.0,0.016684058155167807,0.0,0.056277286036711935,0.0,0.0032801616796219006,0.0,0.014714780113024207,0.0,-0.0039051393061785605,0.0
926,0.4135442731948974,0.023327233496007616,0.0004822774045919941,0.0018781789898532765,0.0029085467250488444,0.001857292526110175,0.014677084258138743,-0.011947023804074832,0.013112174424334998,0.011270671436213178,0.039545337014118574,0.024572339945705162,0.0,0.0024796626405608328,0.0,0.001938344283768866,0.0,0.005107618487208724,0.0,0.016655477632485878,0.0,0.04837486512260035,0.0,0.0014005933972148165,0.0,0.012703663634100179,0.0,-0.003738143617017681,0.0
927,0.40389408768780605,0.024344532020795277,0.0005190260414417947,0.0007017922139238719,0.0016422431542702403,-0.0027730447503233413,0.013341720515915716,-0.013931253630929844,0.014243482853337519,0.009893143578375887,0.025123748199100192,0.025410860964018556,0.0,0.0019343234538824216,0.0,0.0015833156369122283,0.0,-0.02975750729020933,0.0,0.014694617331243564,0.0,0.0421929329942077,0.0,-0.00033368438815410597,0.0,0.014337152114997436,0.0,-0.004092229562434619,0.0
928,0.40002074197515247,0.023801479324466655,0.0005249460100667151,-0.0018131209186576312,-0.0010621948250023555,-0.0038246018248472703,0.012223295395247876,-0.012472987701962777,0.01344390064057096,0.008286397628985549,0.025608850208467114,0.024458308782480228,0.0,0.0018605659916880826,0.0,0.0009232635529741074,0.0,-0.02985776993741712,0.0,0.014907068017414832,0.0,0.03996826415589032,0.0,-0.0007609019896094945,0.0,0.014199661009716506,0.0,-0.004244429847379016,0.0
929,0.4042532647067908,0.023278428873381312,0.0005248738785276311,-0.0018516250819669152,-0.0013555668354611574,-0.0035757251383658597,0.012038888056257455,-0.011906665363187763,0.008211958275582375,0.0021569467174730765,0.026072579910973736,0.025333764690433833,0.0,0.0019865040125431883,0.0,0.0010217739421633984,0.0,-0.027133616750755308,0.0,0.014857507284674335,0.0,0.04059847040521474,0.0,-0.000759265641920541,0.0,0.01365466546966413,0.0,-0.0045721304617635265,0.0
930,0.4134597426848051,0.023045993249227303,0.0005261659277336329,-0.0015361954158165734,0.0003944419720053004,-0.003904494108485295,0.01305057266019503,-0.013817119124387165,0.002830481340156771,0.0015425921143381817,0.02199514371278173,0.025590350166750434,0.0,0.002012958132968466,0.0,0.0010103691481138837,0.0,-0.027995066979612838,0.0,0.014827976820002512,0.0,0.039012959045492124,0.0,-0.0006387767895178454,0.0,0.01507350711759684,0.0,-0.004765138956748484,0.0
931,0.406484120633833,0.028803578413748764,0.00052415777465111,-0.001020563440562877,0.0018812895194220726,-0.0038466659136463517,0.013545267363885852,-0.012219464565380768,0.0004697845324619455,0.001766224294298646,0.02067068865130981,0.02781778551793191,0.0,0.002014500397979267,0.0,0.001801163937372961,0.0,-0.026430233007681967,0.0,0.01468399357924922,0.0,0.040253983471563747,0.0,-0.000736597094958761,0.0,0.01572993924289201,0.0,-0.004883649427459587,0.0
932,0.40331532975303025,0.028061699452322945,-0.0094943525401209,0.00851058960585549,0.008630547721524925,-0.004044283179371203,0.010476746916790734,-0.009557420932874003,-0.00952482805957997,0.0003419708577218484,0.017076110587465502,0.029257545724713514,0.0,0.00196971241360782,0.0,0.0014025782864911897,0.0,-0.025846419478219692,0.0,0.011729719293868728,0.0,0.0372569794536468,0.0,-8.550478951766607e-05,0.0,0.016928619070464092,0.0,-0.004755991534181043,0.0
933,-0.20578895077581516,0.00028048015228211953,1.7638884188015552e-05,0.03605839171644175,0.0296866513387082,-0.008186727717773203,0.024808431546344756,0.006144963537920279,0.004690356448155964,0.04175181418609157,0.0040849300774207144,-0.005449330871139118,0.0,-0.00151011688252174,0.0,-0.0032828450188487797,0.0,-0.014390444418254994,0.0,0.004696433352418135,0.0,-0.014551428172058987,0.0,-0.0012429740657962241,0.0,0.01104857795449341,0.0,-0.0023619165188653855,0.0
934,-0.17797036005111688,0.003959019654950583,1.7382346948997446e-05,0.03274621600201538,0.028962112935879816,-0.0038643022116855233,0.028000861877226967,0.015527578507182485,0.009000067849406164,0.03515229365830665,0.00598602712221357,-0.005112631679081244,0.0,-0.0014002134816366294,0.0,-0.0032858286841130867,0.0,0.021558402602198382,0.0,-0.0003193836230932963,0.0,-0.014655740297043404,0.0,-0.0003949198799584468,0.0,0.011953436866735064,0.0,-0.002174876708252749,0.0
935,-0.18040054813147482,0.004257745918851742,1.7382346948997446e-05,0.03458826993826837,0.03125250683407848,-0.0035575074821957604,0.02809236377378987,0.021451408281975587,0.00980026130102087,0.03565427142934136,0.01103728196688298,-0.00508392411491372,0.0,-0.0014002134816366294,0.0,-0.0030451151076674146,0.0,0.021629728209958697,0.0,-6.0967285877637055e-05,0.0,-0.014139369808761605,0.0,-0.0004280694936081513,0.0,0.011987687314769447,0.0,-0.002308094345397125,0.0
936,-0.17617022902012558,0.0049089360426904744,1.7382346948997446e-05,0.04365078032372573,0.03923102263641446,-0.004039869214965437,0.02852876522093835,0.02025226167600428,0.007542347868615439,0.033080604591680204,0.030339220710568892,-0.005055566893772183,0.0,-0.001235495243148141,0.0,-0.0025592868106464137,0.0,0.021803889188698442,0.0,-0.0001302605542316624,0.0,-0.014373725507769428,0.0,-0.00044060303201856604,0.0,0.012212029670019027,0.0,-0.0024229224900825467,0.0
937,-0.17377373793659423,0.006730038241130862,1.666946257922837e-05,0.043269289380706226,0.03919978461949323,-0.0038445911265052547,0.02891422879204714,0.019201791623620415,0.007283399981107083,0.03381591958464969,0.022879817234908388,-0.005300545353294465,0.0,-0.0011886128111625821,0.0,-0.00273405494655242,0.0,0.02154096302728049,0.0,-0.000670959221759226,0.0,-0.013740000201883634,0.0,-0.0001324830069580959,0.0,0.013776790679458065,0.0,-0.0023415629780510084,0.0
938,-0.18065059464095218,0.017404959030759493,1.8130226537942337e-05,0.05597051720604529,0.04606185657261144,-0.002896496121226642,0.03474480469565357,0.03636396944820067,0.013111333013439705,0.005473045489179598,0.0064669178713426,-0.0046042191455386685,0.0,-0.001367153571285958,0.0,-0.0032590113151485895,0.0,0.022813564589563635,0.0,0.0021568219761848627,0.0,-0.014262087418305373,0.0,0.0003172235965431499,0.0,0.016252125097928352,0.0,-0.0026721745327047816,0.0
939,-0.14439746100614034,0.01727285327654418,1.7794176637411393e-05,0.04882507020666581,0.042107581692943555,-0.0035526731864735273,0.03715989044926906,0.0286041445721202,0.013018202039853863,-0.0007186152177150845,0.00018477296899635674,-0.0038847119177250334,0.0,-0.0016024929591900144,0.0,-0.0034026858301995913,0.0,0.022498634641010238,0.0,0.0038990616714559374,0.0,-0.013501741766856442,0.0,7.419774703758784e-05,0.0,0.011972925831085373,0.0,-0.002656942389842118,0.0
940,-0.14421299027684803,0.0174716957103957,-0.000594320822862983,0.04837103562611096,0.04168949907176015,-0.0026599314833310626,0.0372192459524525,0.03102813982098972,0.013032404343988092,0.0012843490101039797,0.002483736141446602,-0.0038816668975337402,0.0,-0.0015979757269224861,0.0,-0.003182953768992565,0.0,0.02234998792068722,0.0,0.003974071095183033,0.0,-0.013435711222678826,0.0,0.00010410264948585053,0.0,0.01188449272843368,0.0,-0.002697995476417394,0.0
941,-0.1836613021461137,-0.017844255203831774,0.00022275209634183091,-0.006012677163445859,-0.005129803268649441,-0.0014315650781168807,0.03603992010781015,0.16901877908226004,0.004659078192612196,0.002698790773223282,0.01627671525515343,-0.005006511145137923,0.0,-0.00017676494134457417,0.0,-0.001996847514662636,0.0,0.024088485908892565,0.0,0.02065089605123719,0.0,9.068419979068842e-05,0.0,-0.0031299447582205228,0.0,0.024906341513642766,0.0,0.013449216483224884,0.0
942,-0.1836766086522004,-0.019366403667321567,5.412649839059672e-05,-0.006804634915412698,-0.005329638599275001,-0.001594787248716936,0.03489232368687615,0.16830025649573893,0.019374695724998663,0.002419826756141389,0.019297074565836136,-0.003979242134503968,0.0,-4.452374108544177e-05,0.0,-0.0023431510557848988,0.0,0.023729710474519907,0.0,0.020484486149808072,0.0,-2.0854295721213316e-05,0.0,-0.0024943162016074086,0.0,0.026475630867912773,0.0,0.01176083652801969,0.0
943,-0.18553261500443938,-0.02158810679762767,4.303817981506495e-05,-0.010077823954111768,-0.007392148699919448,-0.0007727482259649871,0.033159718857734326,0.16678024652360496,0.033338294830432005,0.0026870295562588377,0.025989488684675797,-0.002860211925484357,0.0,1.9608594019915324e-05,0.0,-0.002435471259648196,0.0,0.02409177775470888,0.0,0.021258522864497847,0.0,-0.001221484450590175,0.0,-0.0021865807224136376,0.0,0.024375323142284844,0.0,0.01017035868475355,0.0
944,-0.17566700216204492,-0.02165544516838832,3.0465868801938585e-05,-0.009946466544402573,-0.0068627696965953885,0.00011536066738131326,0.030561794253297702,0.163965459196965,0.026380950543619483,0.003982888514154145,0.02781860712670656,-0.002388810516184292,0.0,2.7210650244216414e-05,0.0,-0.0023305282351176303,0.0,0.02472138900988533,0.0,0.021461491903824608,0.0,0.0002975905578381435,0.0,-0.0023948385621120768,0.0,0.024470321954917763,0.0,0.013088524898430213,0.0
945,-0.17627170090228547,-0.02147446094656608,3.03877314666095e-05,-0.010195533862975505,-0.006908586975702905,-4.859700241578512e-05,0.031014661375035363,0.16537961121787062,0.028388331058256847,-0.003237259331858859,0.02894115223459436,-0.0026356587224670215,0.0,3.83144201019203e-05,0.0,-0.0023340672394723113,0.0,0.024555362760891063,0.0,0.0186716023635539,0.0,0.00030196746632604705,0.0,-0.0023172526719793004,0.0,0.024906324377885737,0.0,0.015515892212975389,0.0
946,-0.17006929752953076,-0.02160165953281802,-0.0009174849959673947,-0.009790535668968458,-0.00706701980961296,-0.0002667688925082896,0.035413239960717366,0.16225780358754316,0.02979403782326818,-9.253587685609404e-05,0.02894710129591094,-0.0027874472965352453,0.0,3.837196036861316e-05,0.0,-0.0025571755487278983,0.0,0.024983632872085756,0.0,0.01805966667492417,0.0,-6.57995133390512e-05,0.0,-0.0023786020169765517,0.0,0.024544221149566635,0.0,0.015943855014649913,0.0
947,-0.3167679947463366,-0.011223907954774848,4.6422781522828356e-05,-0.005235353110570328,-0.0050465670156019165,0.007533745262898474,0.01138763032003016,0.004433155997644206,-0.011808327945053607,-0.0072490939784533035,0.015931239869328585,-0.005529344646309895,0.0,0.000453274889511126,0.0,-9.89019228019332e-06,0.0,-0.013422544552548559,0.0,-0.0002102835785497832,0.0,-0.00575975718198588,0.0,-0.004665101768181969,0.0,-0.0007257535945811569,0.0,-0.01408398994124125,0.0
948,-0.3021574740981215,-0.01121399454879732,4.6939273346569025e-05,-0.005267752645485422,-0.005108156235530687,0.007039637140219382,0.012189626126629475,-0.012410722515341302,-0.011191371002897613,-0.004394043702033844,0.016322198234078773,-0.006700533752585755,0.0,0.00045605278705323,0.0,-1.1834416572194952e-05,0.0,-0.013662582362596059,0.0,-8.974710292927832e-05,0.0,-0.006062014081737227,0.0,-0.005681679536975496,0.0,-0.0009064914850215352,0.0,-0.014267065392896064,0.0
949,-0.300569754816179,-0.012061076991027684,4.427021785737219e-05,-0.004773878775657995,-0.004829721179745514,0.006642623653292808,0.011703291793270263,-0.015624885047283576,-0.010033404845615858,-0.0008326267963973128,0.015711634532153827,-0.006462800417349383,0.0,0.0004510038031568881,0.0,-4.066367348366038e-05,0.0,-0.013674885510480813,0.0,0.00017359152326340208,0.0,-0.006031812911525784,0.0,-0.005541670886327069,0.0,-0.0008913105065488726,0.0,-0.014191796018242208,0.0
950,-0.30429214631353063,-0.010264125999103547,4.585832338782932e-05,-0.00541661030364378,-0.005193526465612623,0.007238251241066909,0.01181472070650214,-0.017047190646382167,-0.009644280850943607,-0.004188985404161355,0.021392539779159624,-0.007160054335183574,0.0,0.0004014797629100833,0.0,-0.0007350010672910206,0.0,-0.013704773325166902,0.0,0.0001510361259293419,0.0,-0.006325786469484415,0.0,-0.0057753381355333125,0.0,-0.0009490656727909495,0.0,-0.013418010268321717,0.0
951,-0.3041407187625114,-0.008824717736573513,4.460060772212214e-05,-0.004804309149252252,-0.004848811478670106,0.007039449412319202,0.013622027796389378,-0.020298787432950997,-0.010929835054511698,-0.004849666662570343,0.022682352063329834,-0.006961192814442015,0.0,0.000393988793078402,0.0,-0.000813987997762932,0.0,-0.013804484906369877,0.0,0.00012687512379134456,0.0,-0.006371889069356272,0.0,-0.005599279563020811,0.0,-0.001279099158178381,0.0,-0.013453523328654475,0.0
952,-0.3039946942916228,-0.008428800695977975,4.5077874121495146e-05,-0.0037067921720310365,-0.003492262293238887,0.007107582602150962,0.01469126046378762,-0.020573975026451283,-0.01130181505148475,-0.006781297425979508,0.025165084102428195,-0.006839274257471056,0.0,0.00038789910438561954,0.0,-0.0008245060256611378,0.0,-0.014451405928418419,0.0,-0.0004352274755985614,0.0,-0.006392699185683048,0.0,-0.005647611143093476,0.0,-0.0014311201307337785,0.0,-0.01392929589629746,0.0
953,-0.30150732995308777,-0.008655350545715621,5.108630031356387e-05,-0.0032618402863795947,-0.0032365321679983217,0.007152967628154549,0.014550018793613456,-0.018890705956562,-0.013721136232460511,-0.0065897210086761715,0.025362726019190266,-0.006772967904227371,0.0,0.0003879637319377037,0.0,-0.0007818878729388655,0.0,-0.014325110412259565,0.0,-0.00044177348998568816,0.0,-0.006465900598388959,0.0,-0.006033047427343683,0.0,-0.0019839995372063707,0.0,-0.014552763700186391,0.0
954,-0.29849916351401296,-0.008947842404589132,5.080778161033912e-05,-0.003575573680756728,-0.0032041925375023454,0.007544835803346899,0.015181446096554672,-0.014672504415522489,-0.016891927352478315,-0.006441777077916216,0.026879490533758373,-0.005339989073518529,0.0,0.00033376474311772416,0.0,-0.0007270337637256204,0.0,-0.014311839750181373,0.0,-0.0003331898408261324,0.0,-0.0060007863540123135,0.0,-0.0057312158230309,0.0,-0.001732831002651482,0.0,-0.014347237126575091,0.0
955,-0.29457926480715374,-0.009460700440845488,5.063413196690338e-05,-0.0021909550467445853,-0.0018980226688534738,0.00781977040293497,0.014398307829426709,-0.007314060390083338,-0.019869199207527246,-0.007225348781419589,0.027597782107490833,-0.005629063748193419,0.0,0.0002904039218694691,0.0,-0.0008436694042967246,0.0,-0.01452626544251894,0.0,-0.0002697193946101412,0.0,-0.005881479933056388,0.0,-0.00579171553606271,0.0,-0.001253334109346306,0.0,-0.014123744147928783,0.0
956,-0.30120048076160544,-0.008273299450266454,5.063413196690338e-05,-0.0021758149119305552,-0.001329059149783404,0.007322176905424975,0.014052585816465743,-0.0077099472447335615,-0.018068492022880914,-0.008173644188414701,0.02666929319424284,-0.0057132698534657685,0.0,0.0002911879932971348,0.0,-0.0009645499341269542,0.0,-0.013672993326411382,0.0,-4.0444800298997314e-05,0.0,-0.005458945955178653,0.0,-0.005897600882537827,0.0,-0.0014493702377356154,0.0,-0.01343188291762911,0.0
957,-0.30441729238100723,-0.008029601423153714,5.0776879110941734e-05,-0.0021729199701683876,-0.0008043129685356226,0.007571596772385676,0.013464349129054603,0.007355895259771149,-0.019727384169662444,-0.009425053681892141,0.02506747823501624,-0.006464280417744167,0.0,0.0002684162900150638,0.0,-0.0010104857242424622,0.0,-0.013430071236815866,0.0,0.00033812517768420816,0.0,-0.005077694147173326,0.0,-0.005407169987958962,0.0,-0.0020845361814182434,0.0,-0.013409775420231421,0.0
958,-0.2979937040768476,-0.007496645703160765,5.086407551999299e-05,-0.0032104906097510113,-0.001089011983670654,0.008156818920018342,0.014347072920321705,0.027751634146023926,-0.02140880847599871,-0.009721976780663017,0.02436293195763649,-0.0065545492711362886,0.0,0.0002712887576172988,0.0,-0.001025099063026313,0.0,-0.012845467379272621,0.0,0.0006363980324679465,0.0,-0.0047874861602689505,0.0,-0.00500199998584565,0.0,-0.0019745404963885213,0.0,-0.01296553120664926,0.0
959,-0.3048413737018335,-0.007566326806640782,5.086855060601208e-05,-0.0033014210216927432,-0.0013811292222735956,0.007970717824363153,0.014299620213070402,0.030179429825194736,-0.019895706333362524,-0.006177602106825309,0.024787003322146603,-0.006472277398298088,0.0,0.00027991706016654825,0.0,-0.0006772473626833488,0.0,-0.012706785202917511,0.0,0.0007764254358238018,0.0,-0.0044114030477767525,0.0,-0.005156238554002979,0.0,-0.0022094924929376594,0.0,-0.012926713130538217,0.0
960,-0.2838671553234397,-0.008483593531775703,-0.0012280504025670952,-0.005609793269568307,-0.003955916035321168,0.00801511970878331,0.01437286276590386,0.07696831783447204,-0.017239598492267225,-0.004931905777510246,0.025661956727521595,-0.005464238674246204,0.0,0.00022360549443751644,0.0,-0.0008964681674612334,0.0,-0.00981692743230885,0.0,0.0018151830927877971,0.0,-0.0009250267533014116,0.0,-0.004282097416078928,0.0,-0.0020589588277058093,0.0,-0.011614409849737018,0.0
961,-0.19859730278557225,-0.011165754086594003,0.0001879063374770659,-0.0038096946504118856,-0.0018644969792480763,0.030868386459780243,0.04142677609214968,0.07522584608060712,0.023171879146475935,0.11569670734998336,0.029739441323582208,-0.0036295892847636843,0.0,-0.0004409445473294733,0.0,-0.000778660952335931,0.0,0.005735876156387099,0.0,0.00021166485688860353,0.0,0.00019214850492809402,0.0,-0.0032584232546364012,0.0,-0.012705480736485898,0.0,-0.000731433051538721,0.0
962,-0.19673870205518593,-0.011093194987789427,0.0001879063374770659,-0.0036970821984159963,-0.0018303180280118084,0.030327905521501698,0.04116081973737738,0.07343600801164381,0.021348697564716673,0.1210038942617323,0.02961363872387315,-0.0036076021705940065,0.0,-0.0004401402499945275,0.0,-0.0007790157856558444,0.0,0.006113719934657795,0.0,0.00014012377932818011,0.0,0.00014778162176730581,0.0,-0.0030691458141531127,0.0,-0.012670440271461471,0.0,-0.0007242972554832954,0.0
963,-0.19735775814471546,-0.010860041887440015,0.0001879063374770659,-0.003650756622388489,-0.0017927785488595224,0.030331158931275658,0.041436497057740766,0.07346054630953755,0.02121225361441416,0.12100957398691958,0.02956425425141482,-0.0036383857647589724,0.0,-0.0004401402499945275,0.0,-0.0007794972532403479,0.0,0.006148666640188189,0.0,0.00014012377932818011,0.0,0.00034018745185866327,0.0,-0.0030865156844826964,0.0,-0.012670440271461471,0.0,-0.0007242972554832954,0.0
964,-0.19134146279155234,-0.01148966266449533,-0.0006072595624581082,-0.003804566610574389,-0.0018869363831631322,0.030347423691522962,0.041549619462388686,0.07401145500669049,0.02147387616663585,0.12125432192839881,0.025575464122637104,-0.00353484407613451,0.0,-0.0004366674601370523,0.0,-0.0007934560560979696,0.0,0.005530584581923035,0.0,-0.0005359005989946007,0.0,9.263595019289519e-05,0.0,-0.002946962862803225,0.0,-0.012896076762914628,0.0,-0.0007310284037339263,0.0
965,-0.08124111169953588,0.04426077743742754,8.199329259331724e-05,0.13402527372919035,0.11747440125219977,0.007692485710550497,0.02507805263987844,0.15798000057311537,0.026681470897560507,0.00726183186097468,0.030530440158973268,0.016087232854407,0.0,-9.181082826611104e-05,0.0,-0.0018375513369466886,0.0,0.004856280972760198,0.0,0.0043862404246598884,0.0,0.009440846965015605,0.0,0.004588057280421871,0.0,0.017510844603395238,0.0,-0.0019307258381137543,0.0
966,-0.06744810077759363,0.04425606162135288,6.546078779907622e-05,0.13852681961670232,0.12595233224828215,0.00980819103583831,0.025429585648941072,0.15255740975209098,0.015583053893263423,-0.0004056217952538319,0.029322552141554634,0.015480647367316346,0.0,-6.0529325141130636e-05,0.0,-0.0017969408518760648,0.0,0.004431060715368917,0.0,0.004415376923479936,0.0,0.00872644380118622,0.0,0.004842664066411786,0.0,0.01839529080452747,0.0,-0.0018910220260026022,0.0
967,-0.07116234730698408,0.044830917161689306,7.2058135908239e-05,0.13754506353532628,0.12911548407302104,0.007787889258778432,0.025556118500893028,0.13275668564702864,0.012607090315606017,0.0005979399286191694,0.022991438929158465,0.018260850943174287,0.0,-1.4290669249447055e-05,0.0,-0.0017951736379693687,0.0,0.002856611914113708,0.0,0.004151824202846963,0.0,0.008710495293964091,0.0,0.004422270508309865,0.0,0.02029483332437657,0.0,-0.002477798459579386,0.0
968,-0.0813277756714867,0.02835989163365777,6.893896690835611e-05,0.1238931204447259,0.11456022231693515,0.009931408745378066,0.023808065909065892,0.08190764662085423,0.012207961674035988,0.038562719396384934,0.014326472953875603,0.018133403844700826,0.0,5.2067151404047775e-05,0.0,-0.0019087473659637232,0.0,0.003919769660241399,0.0,0.005705709037046828,0.0,0.00967473830965825,0.0,0.003876751714128644,0.0,0.016214594081687895,0.0,-0.0020402058778996174,0.0
969,-0.08469068021142837,0.027715785505443916,9.801366220472696e-05,0.12224809550559462,0.11342066970047028,0.01384206276450311,0.024255412790726065,0.07752756567971947,0.026127846001273634,0.041579804219669655,-0.0003517033259112415,0.01837820776957571,0.0,7.501260107884826e-06,0.0,-0.0018782180801054638,0.0,0.0030171805664812304,0.0,0.00589913819849991,0.0,0.012082247141136919,0.0,0.0031001453302482774,0.0,0.01747420854388488,0.0,-0.0021636659420802102,0.0
970,-0.08446142462857613,0.026178773792376455,0.0001008020541240276,0.12391964267127592,0.11523631438896705,0.01350026830134627,0.024246628812969042,0.08139830480686375,0.026081140506431972,0.034043508347705156,-0.002365102606280536,0.018578045267675224,0.0,7.269506214633392e-06,0.0,-0.0018817665880265897,0.0,0.002337930550606612,0.0,0.0058423067674495495,0.0,0.012541227620743021,0.0,0.0029217438744249353,0.0,0.01721998838711174,0.0,-0.002230257684035889,0.0
971,-0.07923126682088039,0.025870178143574382,0.00010681411669601338,0.12797578072917462,0.11857914908557585,0.013454973397016621,0.024386071371666596,0.08778766127643954,0.025702176837997314,0.02841403817422767,-0.004547038764775693,0.018110132722879303,0.0,-8.286399905155738e-06,0.0,-0.0018220366963329513,0.0,0.002419824110110664,0.0,0.005920460924120987,0.0,0.013897555949525403,0.0,0.002977069935836083,0.0,0.017855116189117174,0.0,-0.003447347806075552,0.0
972,-0.08790599871430402,0.04280961488734552,-0.0018159007734636716,0.1504038665327116,0.1376287652441636,0.01586991977824646,0.023271328756181243,0.09786162465707578,0.01784813496882137,0.0019851027462943795,-0.002613425834097738,0.02007742696886543,0.0,7.532703430707229e-06,0.0,-0.0020082846688329764,0.0,0.0015310457810099078,0.0,0.00371099399939671,0.0,0.01510894538204885,0.0,0.002854821164228995,0.0,0.02439299247893922,0.0,-0.004179000834868614,0.0
973,-0.2570288854854493,-0.00420205113994366,2.3959929108866854e-05,0.02445802705123334,0.030745153106325765,0.006391985890306738,0.011050551414280158,0.003644593920710733,0.014374936077202806,-0.008586247377575464,-0.016915588981350656,-0.002821785025956886,0.0,0.0002009379681216531,0.0,4.3090616913943e-06,0.0,0.0009659910469304494,0.0,0.0033344054058604246,0.0,-0.0103709360042705,0.0,0.0038847206131628997,0.0,0.018158016425518078,0.0,-0.0036493224534786964,0.0
974,-0.1344285633264165,0.051928979380932445,2.2349355740087503e-05,0.08243368226603472,0.09575612958150563,0.027605461307102716,0.04023622763459814,0.03035687075285825,0.04849246697768945,0.008427739941384847,-0.009286695216026979,0.00015902168671776525,0.0,0.00021723418138879986,0.0,2.185115371973298e-05,0.0,0.007727758353114209,0.0,0.0033915491422631004,0.0,-0.007420719304563086,0.0,0.006814596816439838,0.0,0.01932487200152058,0.0,-0.0017422023174013136,0.0
975,-0.23393033436776536,0.0007422048907772218,2.2795482908569724e-05,0.015767848733150826,0.014878079830193028,0.012276903735390325,0.013939590466886823,0.014955402165767616,-0.02284862638789794,-0.0021876827014537044,-0.013019111934390815,-0.007076579127860135,0.0,0.0002182980159190544,0.0,-2.5853131174928156e-05,0.0,-0.0005137236296386584,0.0,0.0031637489382805727,0.0,-0.011849657446753297,0.0,0.002523394950570833,0.0,0.008996190933171161,0.0,-0.004741482626896237,0.0
976,-0.2673220961666719,-0.002680545342848311,2.6036866484630597e-05,-0.014104357830167157,-0.013859681421450233,0.00925995226808319,0.005265156724504448,0.01271366868805459,-0.030950798871772923,-0.007698754807147099,-0.013912764811836138,-0.009329035475719201,0.0,0.00022753294898149225,0.0,-6.0292935518882865e-05,0.0,-0.0031733724426564673,0.0,0.0030732230460414184,0.0,-0.01693254528608947,0.0,0.0017493627658982224,0.0,0.008993447480692652,0.0,-0.005339484759803369,0.0
977,-0.2691430760563945,0.00459976721917786,2.6063449859016057e-05,-0.01629912506054233,-0.017802955030132524,0.00878250238037113,0.004167792348032915,0.01279059186941031,-0.024975583476748827,-0.007867794774362722,-0.013609557840671,-0.00946957319429265,0.0,0.00023767982488653595,0.0,-3.826780148698314e-05,0.0,-0.0033086997303939628,0.0,0.0030302154175921034,0.0,-0.017893294823940826,0.0,0.0013289700533434055,0.0,0.008596356259226631,0.0,-0.004970223930549013,0.0
978,-0.28005912089802293,-0.0013505006794220268,2.592568459843043e-05,-0.016667657543393083,-0.018188513357426193,0.009418008085709409,0.004224416147445726,0.011718380254157355,-0.0218907372688652,-0.008576666948548953,-0.013507716108879025,-0.0094112123681537,0.0,0.00023934621406161615,0.0,-5.650601604942824e-06,0.0,-0.003542171993337368,0.0,0.0030890985063662317,0.0,-0.017808821187806488,0.0,0.0014353183951058568,0.0,0.008455696870924794,0.0,-0.0039570211251322976,0.0
979,-0.28396752406975373,-0.004792784122477606,2.587805735056248e-05,-0.01689589414938276,-0.018046150785288963,0.009194132413437197,0.004555073583294073,0.011298707565588225,-0.019884717261661362,-0.008514433358026315,-0.013643654095485326,-0.009453600294059854,0.0,0.0002521602331818463,0.0,7.040158108809569e-06,0.0,-0.0035404906080166716,0.0,0.0031096265970668685,0.0,-0.01803536145181944,0.0,0.0012040748349447822,0.0,0.008127599073715385,0.0,-0.00407069163891232,0.0
980,-0.28357523280936486,-0.005125613901729394,2.5883226337722005e-05,-0.016957092396255733,-0.018036145168719334,0.009233758340968715,0.004138098329969117,0.01105491435537979,-0.019760497691149865,-0.00830988350487249,-0.013204936708347145,-0.009614765583245392,0.0,0.00025257451205272166,0.0,1.5243963862899901e-05,0.0,-0.0037153819444444153,0.0,0.0031150222950339732,0.0,-0.01784131126016471,0.0,0.0010445120765232637,0.0,0.008486387890757367,0.0,-0.0042965433407884356,0.0
981,-0.2814061007035119,-0.005348420290369531,2.606754877644288e-05,-0.01687845881201317,-0.017598331558890276,0.008735474178271887,0.003908962974753557,0.010788319070330527,-0.01934383332748513,-0.009214679725607616,-0.013663453741991129,-0.009741793955946407,0.0,0.0002515159345803432,0.0,-1.2432365426613522e-05,0.0,-0.0038155046160474894,0.0,0.0030940189341553685,0.0,-0.01776049325165475,0.0,0.001002905702709449,0.0,0.008184631627208915,0.0,-0.0042794029400386475,0.0
982,-0.2806502940319883,-0.005503071432581241,2.666651294652354e-05,-0.01601225689086535,-0.016913559463823776,0.008979298439003754,0.004262931291531589,0.010054024791388456,-0.020834428101287373,-0.00505675321912426,-0.013134562751738067,-0.01004065661812409,0.0,0.00024405147197738657,0.0,5.6083725178701134e-06,0.0,-0.003979566797881957,0.0,0.0028717656232329866,0.0,-0.018361284082121992,0.0,0.0010037893382081535,0.0,0.005112684798386668,0.0,-0.004026828335189749,0.0
983,-0.27903397788383755,-0.005688132537511743,2.6791550295193228e-05,-0.015552068300567146,-0.01656760366761463,0.008972060616414704,0.004291662203838826,0.009767309606192076,-0.021898771729296895,-0.006219865554216983,-0.013010472140980812,-0.00997097498135242,0.0,0.00023869420496123425,0.0,-6.947960719944354e-07,0.0,-0.0040163956420233675,0.0,0.0028321439368189988,0.0,-0.01811989663704263,0.0,0.0010405222204901473,0.0,0.004992972386262696,0.0,-0.0040357439402902975,0.0
984,-0.28262113561190527,-0.007163666898261465,2.5717086459494306e-05,-0.015387743720809798,-0.016568715984564983,0.008647123001261525,0.003706215773697715,0.00973164837399667,-0.021126221174959926,0.00015060822673608465,-0.011396351619856188,-0.010861272905173166,0.0,0.00023563518112757704,0.0,-3.25771534623475e-05,0.0,-0.004520664291126123,0.0,0.00289958049568072,0.0,-0.017825122465830616,0.0,-0.0002883482768593765,0.0,0.004444024813295064,0.0,-0.0040011739349787145,0.0
985,-0.29504150648567157,-0.006548434417997882,2.45753695955204e-05,-0.013648137207142658,-0.014649995098830425,0.008437222181991,0.0033094708625381946,0.008048779866289749,-0.024260065831476187,-0.0026460273413428763,0.0055188455017624784,-0.010880363839838881,0.0,0.00032049862753480836,0.0,6.73519211560367e-05,0.0,-0.004530784446415513,0.0,0.002830458001441006,0.0,-0.016401999274328775,0.0,0.00020079063860950749,0.0,0.003105692159291434,0.0,-0.004090244040036959,0.0
986,-0.3058841245503352,-0.0029636857068609636,2.4593028394424236e-05,-0.011145702371387983,-0.01276863359359793,0.009371529934553062,0.0034184353425209704,0.007930587994606489,-0.02597058358408538,0.0030035573006953827,0.011782218040903713,-0.010753191021442829,0.0,0.0003973999212131072,0.0,0.0001608020621430132,0.0,-0.004509221881225152,0.0,0.002757153119426562,0.0,-0.01696870595149375,0.0,0.000329202096887869,0.0,0.0038059903736766053,0.0,-0.003902947546166542,0.0
987,-0.30898525323095205,-0.005543376539465609,2.470760058803985e-05,-0.007998926239846159,-0.009430553777475406,0.007690084575550638,0.0032908585121912285,0.0018495448258039067,-0.023236392571837024,-0.0033354123098054385,0.01324510607011098,-0.010614868518713986,0.0,0.00038132361112551617,0.0,0.00020786097990560328,0.0,-0.004286462126274499,0.0,0.002418281345680649,0.0,-0.017697783552452443,0.0,4.7544585481269604e-05,0.0,0.004792099358113307,0.0,-0.005889391915925824,0.0
988,-0.3053193038913654,-0.005685933638342949,2.45757732785879e-05,-0.008128672864921152,-0.009321297436006794,0.006993630054922095,0.0034164210998806864,-0.010135167370534975,-0.020162530114075865,-0.00459100587621654,0.015394808379924097,-0.010049511782877754,0.0,0.00038848282647650214,0.0,0.00025009040886236444,0.0,-0.003976384830444108,0.0,0.0025175446334327533,0.0,-0.017368359518671394,0.0,0.0003308224601305655,0.0,0.008318971959508986,0.0,-0.005968189591154526,0.0
989,-0.30841248616259365,-0.005240136655839525,2.4324518238616323e-05,-0.008385278055437005,-0.00955938660900495,0.007195144508876195,0.0035012053608272664,-0.012354530633935806,-0.0204953483507223,-0.005596235854417386,0.021545213783265262,-0.009827865864165376,0.0,0.000375344844311574,0.0,0.00035564803173688923,0.0,-0.00415527860894929,0.0,0.0026608684210378,0.0,-0.016838304460821137,0.0,0.00021971353539190148,0.0,0.007883269415746191,0.0,-0.005966890481739924,0.0
990,-0.31022543473928565,-0.0038044250051998234,2.4332576560408195e-05,-0.008638834398427683,-0.009755048608634334,0.0072064888445515975,0.003343684381769855,-0.010884190240517459,-0.016680135955835503,-0.005579329586346702,0.02328364321721431,-0.009765536582582094,0.0,0.0003601687425372447,0.0,0.00036307814926842756,0.0,-0.004777479873599434,0.0,0.0025707286557581253,0.0,-0.016556215938442514,0.0,0.00027673746318895837,0.0,0.008232485537442739,0.0,-0.00535431656164234,0.0
991,-0.31443515940192235,-0.003153611921601306,2.409489835951012e-05,-0.008691804971333773,-0.009715862183791332,0.006851896600820683,0.0034908084397446176,-0.014490620058761509,-0.014007567771966082,-0.007102953827742888,0.022791731448322874,-0.009419348071392362,0.0,0.00036406002236310603,0.0,0.00037144941827063,0.0,-0.005089188828065263,0.0,0.0025468789781820547,0.0,-0.016618968012630363,0.0,0.00038949752538606114,0.0,0.01025930466243217,0.0,-0.005198509797543831,0.0
992,-0.31227783717155694,-0.0026368281564875563,2.57224083431392e-05,-0.008270095620998784,-0.00950073520772204,0.007279706760386458,0.003558058798510324,-0.013753041831306177,-0.013936923976873957,-0.007206140723979252,0.021504632248676964,-0.009306780175767743,0.0,0.0003564084305899685,0.0,0.00034472756179464327,0.0,-0.004873067936907017,0.0,0.002599922442100977,0.0,-0.01663185586391001,0.0,0.0004346916154993386,0.0,0.010036561268303419,0.0,-0.005225293023578537,0.0
993,-0.31393506894849366,-0.0019382524643435876,2.5664660663704584e-05,-0.008220610564766874,-0.00943216408273463,0.009740287445346775,0.004338744542762861,-0.009276518868399853,-0.01679353208086209,-0.007148382073739284,0.02096952514509509,-0.009241870235442314,0.0,0.0003286412245796932,0.0,0.00032917345451658804,0.0,-0.004983330521957067,0.0,0.0026362732102306018,0.0,-0.016907497835173178,0.0,0.00011886532258532165,0.0,0.009301578615244095,0.0,-0.005152557634670413,0.0
994,-0.30845587705712274,-0.002228769137841721,2.5664660663704584e-05,-0.008312773259642872,-0.009075221541865809,0.010194486764670467,0.012911996971014233,-0.009844295140579174,-0.017329721034024165,-0.006321304010500284,0.022610103389856976,-0.01069184856854497,0.0,0.00033083354225702677,0.0,0.00032586420917108414,0.0,-0.008352878518563782,0.0,0.0024161679576393535,0.0,-0.017834857342811695,0.0,-0.004059667728616843,0.0,0.009129245634821986,0.0,-0.005085340316227605,0.0
995,-0.3001470957407348,-0.002166672523465323,2.572685561911147e-05,-0.007786863949121969,-0.008561019664727332,0.010785638781733727,0.013422496342105489,-0.011345145367832063,-0.025123935331303363,-0.0037323472187650564,0.027540437226842455,-0.010645781309274766,0.0,0.0003170651356643434,0.0,0.00024452517018964785,0.0,-0.00823658301529029,0.0,0.0024122514899237633,0.0,-0.017016269782271925,0.0,-0.0038453470455008156,0.0,0.009353913020138875,0.0,-0.0050760695062179026,0.0
996,-0.3150671199731408,-0.0017531234113231874,2.5700272244726015e-05,-0.006604390516854169,-0.007556586214430136,0.009515342263093493,0.013485496382685511,-0.011701528027114888,-0.023290541904385155,0.005901424644977043,0.02772138765196214,-0.011549445492572566,0.0,0.00030056503436341986,0.0,0.00018224759730226406,0.0,-0.008252054750678065,0.0,0.002530069154251664,0.0,-0.017319144369289562,0.0,-0.003820039416174038,0.0,0.014250268865580748,0.0,-0.005461035990126334,0.0
997,-0.30275773935362305,-0.0021932832975996414,2.7540462201747826e-05,-0.004992089932464581,-0.005239272949492135,0.011506888157270108,0.013260018143772005,-0.012190129878321389,-0.02058777271351529,-0.0007026085954050371,0.028958775315075104,-0.013194551192049568,0.0,0.00029694319836738906,0.0,0.00014355006223279123,0.0,-0.008917996573644955,0.0,0.00205990919669413,0.0,-0.018839888264317095,0.0,-0.003100531362699254,0.0,0.013218193524987121,0.0,-0.00738848451846,0.0
998,-0.30439264709030783,-0.002158525567776385,2.748271452231321e-05,-0.004936814303022189,-0.004829648707412974,0.011729660209559461,0.013543851059334613,-0.010101426845602439,-0.020392101476112687,-0.0005878105939795325,0.027987975859620283,-0.013224010532060208,0.0,0.0002947023607955569,0.0,0.00012797329244337025,0.0,-0.009279896252380342,0.0,0.002105792916305766,0.0,-0.018221347457371827,0.0,-0.003102146505634247,0.0,0.013191070590054815,0.0,-0.007296096009304288,0.0
999,-0.3059310821532468,-0.003005772731032807,-0.0004955616433425798,-0.00479870250146482,-0.004416583621527944,0.009403373110958431,0.013442617765490371,-0.009247583553545963,-0.021675959853946204,0.0003983908729660237,0.024090278438381477,-0.013503459891922767,0.0,0.0002890223111938698,0.0,8.661898903078363e-05,0.0,-0.0092397416367029,0.0,0.002026883166384621,0.0,-0.018040101051716325,0.0,-0.003209210308318335,0.0,0.013724604594603314,0.0,-0.007241970269205184,0.0
1000,-0.3127994683438801,-0.01694779734260672,7.547973031393494e-05,-7.657298347019521e-05,0.0006679101562311337,-0.008990800844088822,-0.0058130152290224515,-0.014850205977561306,0.01892687914485105,-9.917629170925544e-06,-0.019799302162264304,-0.008905150734616465,0.0,0.00024354471402174635,0.0,-0.001194273772027971,0.0,-0.012853039895887323,0.0,0.0030006095554443407,0.0,0.04360312570139383,0.0,-0.001963900436425889,0.0,0.03007426775945787,0.0,0.009417576765519511,0.0
1001,-0.3279804136950747,-0.016369957660423137,7.24310170680413e-05,-0.0015407598038046071,-0.0010160159942115704,-0.008861655418309461,-0.006316498518578174,-0.01450909619608537,-0.00815199543175083,-5.971507773266798e-05,-0.020295980520602778,-0.008868458321041066,0.0,0.000234848288719633,0.0,-0.0005337269627881866,0.0,-0.010759415635287066,0.0,0.003039838387100113,0.0,0.026244079852477453,0.0,-0.0010304155694252932,0.0,0.03004868555156758,0.0,0.010294621785960354,0.0
1002,-0.3274322110287641,-0.013854684026331839,7.333076991947489e-05,-0.0012147172870115035,-0.001414856876149296,-0.009274879035881457,-0.006068844080310333,-0.01448011636863957,-0.006975457438991197,0.00473662799090368,-0.02034141073976944,-0.009340568172780747,0.0,0.00024244232389229194,0.0,-0.0005276241928892575,0.0,-0.011528387554753057,0.0,0.00310204955129258,0.0,0.026013994523632157,0.0,-0.001045127187749833,0.0,0.029516747027238065,0.0,0.010165501276895266,0.0
1003,-0.3310020650778134,-0.010387828193435068,7.147160012683928e-05,-0.0017950591831329648,-0.0006351553818408763,-0.009901538306943644,-0.0060393868982443295,-0.014325167433337742,-0.013250478003489496,-0.010438458025482994,-0.019877823294600507,-0.01078729119190395,0.0,0.00024214848375233124,0.0,0.0003621648396867087,0.0,-0.004958386917212133,0.0,0.0033464844943593792,0.0,0.02633675934415413,0.0,-0.000979579350972138,0.0,0.030176855211684304,0.0,0.010771323966451644,0.0
1004,-0.3274457498754487,-0.01118221442932909,7.145978119205449e-05,-0.0008819334673343501,0.0003069114337748093,-0.009856825902857587,-0.005843833201543892,-0.014092445142347244,-0.01566904342242874,-0.011840162789645113,-0.019438480153530682,-0.011024198430223722,0.0,0.00022730996218808035,0.0,0.0004591750803598705,0.0,-0.005330372881946623,0.0,0.003296635954361958,0.0,0.026006989960133124,0.0,-0.0012294785459463597,0.0,0.030571051138162695,0.0,0.010942763846877507,0.0
1005,-0.32606871565044,-0.012360633255122376,7.372567802085931e-05,-0.0006299834896659153,0.00023845298326050858,-0.010506072183835943,-0.004956796112886272,-0.013978025579165656,-0.015164119010698082,-0.012034031477195645,-0.019405340905250517,-0.011197266792156244,0.0,0.0002275248736064223,0.0,0.0004407638415790775,0.0,-0.0053352969179521394,0.0,0.003299309341115309,0.0,0.025866448397219827,0.0,-0.0013383798043178259,0.0,0.029735442455218638,0.0,0.011140552523132681,0.0
1006,-0.32554311337947295,-0.013308574439239159,7.333245867582136e-05,-0.0009625802344542264,0.0002929389165925372,-0.010567253459627805,-0.00459393467924831,-0.010389710557793893,-0.01591521246111093,-0.012133702328692639,-0.01965430120614659,-0.011554561743889148,0.0,0.0002189994273838426,0.0,0.00042737633493438414,0.0,-0.0054374970951566156,0.0,0.003320950629553333,0.0,0.025876698010842265,0.0,-0.0013638724607153035,0.0,0.028996243954164898,0.0,0.011383901460528745,0.0
1007,-0.3212438207560401,-0.012780767368220538,7.29652582758275e-05,-0.0005848811717028566,-0.00012223351112194175,-0.010824236200226782,-0.005712590376940584,-0.009174739739554861,-0.01726290555405089,-0.012631396679565315,-0.020236981360252083,-0.011413287290740865,0.0,0.00021292921970116733,0.0,8.077019291430165e-05,0.0,-0.005149660224279977,0.0,0.0035366961667493493,0.0,0.026376878426108655,0.0,-0.001130169548310279,0.0,0.0292510965621095,0.0,0.011258165800264616,0.0
1008,-0.319486456200133,-0.01356322111251614,5.4218547970922566e-05,-0.0007184206889826888,-0.0006077883251104983,-0.012282313611706754,-0.007027296642095427,-0.005602046008502736,-0.016641102191837686,-0.013953472069516524,-0.02078089340399845,-0.010794710936392837,0.0,0.00019904906289214787,0.0,0.00011721656712567018,0.0,-0.004941422371133239,0.0,0.003393685195489594,0.0,0.02667011302544937,0.0,-0.001392406778048914,0.0,0.028511689456707182,0.0,0.011367410329456035,0.0
1009,-0.32061636467638954,-0.011616826393589347,5.66268392840119e-05,-0.0006784837738870621,0.00037543884204110375,-0.016727472743129974,-0.009201898570591213,-0.0012468980302542576,-0.0210761500746414,-0.01472234230753837,-0.021052506760720197,-0.0072096208421966075,0.0,0.0002040449898522807,0.0,0.0002515147507650909,0.0,0.007529461295697566,0.0,0.0034091394535615835,0.0,0.028575915986293318,0.0,-0.0011002988985112639,0.0,0.030046647504677646,0.0,0.0062704511156894,0.0
1010,-0.31723947720734147,-0.013013456786583631,5.7899983432048926e-05,-0.0009508007899669207,-0.00025451677633895334,-0.018594492619703983,-0.009194577075757169,-0.004331755388092167,-0.019976947678793135,-0.015057307363334231,-0.01852789293022021,-0.0062510383156602674,0.0,0.00021331098956982553,0.0,0.00012429842453043257,0.0,0.007237398770376983,0.0,0.0033265185912534703,0.0,0.027004684845157577,0.0,-0.0011429242623039976,0.0,0.029117909170360768,0.0,0.007804975893164321,0.0
1011,-0.3230165685345786,-0.012795019637939907,5.648791088593351e-05,-0.0011929201948483708,-0.0003309457167778157,-0.019082177481582623,-0.009356733292985728,-0.011327546185385921,-0.017031133610388483,-0.01496180334917244,-0.013692588894534443,-0.005911178084069744,0.0,0.00021115324361732383,0.0,0.00012338387552251958,0.0,0.00650185413393223,0.0,0.00329278217387952,0.0,0.027186917609244687,0.0,-0.001043254200484082,0.0,0.027624431740000576,0.0,0.007266690340779592,0.0
1012,-0.3272005751972243,-0.014776804741939542,5.672972559153332e-05,-0.0005363035838623494,-0.0006821112356662174,-0.018990299857212574,-0.009440155825762561,-0.012320046125037579,-0.017308778004170078,-0.014243506915077421,-0.010878124962217198,-0.005815003549803669,0.0,0.00022039847104716792,0.0,0.00013131793883824062,0.0,0.006520219017287977,0.0,0.0032440101745702336,0.0,0.028075633176091228,0.0,-0.0008171847344754488,0.0,0.027466631027529116,0.0,0.006460082348621084,0.0
1013,-0.33353449221076353,-0.01446008247237528,5.678521652999677e-05,-0.0006279111429819457,-0.000996549173658665,-0.01978129923745693,-0.009193472900454299,-0.013446933706703443,-0.016674640284621053,-0.014151422762346938,0.003933171088747633,-0.005270268167598733,0.0,0.0002941301926722239,0.0,9.535212387256745e-05,0.0,0.007005828925196704,0.0,0.0032112287124208623,0.0,0.027385353537899795,0.0,-0.00040611666762091546,0.0,0.027321778840851487,0.0,0.008472801329477154,0.0
1014,-0.33212131906365394,-0.01266795234208572,5.678521652999677e-05,-0.0006950820194736272,-0.0007493175113378205,-0.018048804566605906,-0.003232384074837095,-0.014061927069672749,-0.01576175674388957,-0.015084512695156807,0.018013714145865053,-0.004537857264757546,0.0,0.00034217684728272805,0.0,0.00011468347234547912,0.0,0.008785320400177649,0.0,0.0033022792417287013,0.0,0.028745403581832665,0.0,-7.251910948885658e-05,0.0,0.02308343596607126,0.0,0.009549944181442989,0.0
1015,-0.3115351624313538,-0.008535682271459677,5.682277420801897e-05,0.0021827568987626386,0.002616691022032682,-0.01402037356870079,0.013469342376825724,-0.013981865022657481,-0.014772099265368226,-0.01412791839037172,0.01907044198055686,-0.00346441274986931,0.0,0.00034849238497486584,0.0,0.00020979882877091827,0.0,0.013260610330498999,0.0,0.003435863694993606,0.0,0.04902919207395121,0.0,0.0004456101436004422,0.0,0.023402355674756153,0.0,0.017355304721140333,0.0
1016,-0.1528205366183706,0.013238895956993839,5.504318701205426e-05,0.02437000779011307,0.02639998503408775,0.031668864479045385,0.03173020105377072,0.01847546219729352,0.11962554669932772,0.0009251263620406885,0.03314435104650748,0.0033618145952598846,0.0,0.00037186965781792376,0.0,0.000635437149745092,0.0,0.03640716620641028,0.0,0.003755049297806642,0.0,0.14528324434266268,0.0,0.005368382863675965,0.0,0.029395308112339733,0.0,0.044061261201148186,0.0
1017,-0.12196599899146962,0.014612579557946662,5.8343681783619e-05,0.03272523531625385,0.03647742526941639,0.03345699907140392,0.03208003280383997,0.02318955436084565,0.15027496714535787,0.001993678895996109,0.03430575040774782,0.003498950451485809,0.0,0.0003678906409779504,0.0,0.0006912645548334974,0.0,0.04019804020036527,0.0,0.0037570028975181815,0.0,0.18221381320807753,0.0,0.006432366254639189,0.0,0.03015527189195791,0.0,0.046276069147836184,0.0
1018,-0.1100604855755156,0.01468330272017971,5.804768808040796e-05,0.03297271028665836,0.03793876113340853,0.033043282527595766,0.036700365421819835,0.014428834133601008,0.16332234463050616,0.001486241147554265,0.03458442688699144,0.0044352691750939935,0.0,0.00036277997977280643,0.0,0.0005369888260343761,0.0,0.04295310866755977,0.0,0.0036813703479323333,0.0,0.19121161482334362,0.0,0.007601840347398093,0.0,0.03073932696166726,0.0,0.0492689947803096,0.0
1019,-0.11564608891612228,0.015266095765483557,5.774910450321545e-05,0.033622068047235526,0.03802552385509629,0.03322725174544295,0.039432631549148174,0.007848295082754309,0.1629712150121986,0.002974970594871501,0.032478177762859585,0.005247365587533449,0.0,0.00039248478661878835,0.0,0.00044881066213737803,0.0,0.04366856804692265,0.0,0.003844893537004328,0.0,0.19060511178481648,0.0,0.007655908513141059,0.0,0.03103185124796915,0.0,0.05344053644239013,0.0
1020,-0.13197772617498715,0.01351482717740443,5.9150881670347e-05,0.025753236235273383,0.02423037563878845,0.03209093413520888,0.03728563659342657,-0.0032103002607162022,0.1415762742321452,0.0005416189192415889,0.024932807583606345,0.005574292753501774,0.0,0.0003813464475926293,0.0,0.00038473659633999794,0.0,0.038739807223020145,0.0,0.0037307093121655937,0.0,0.1832689565354662,0.0,0.006231416634244059,0.0,0.03275268157465658,0.0,0.053417201932344324,0.0
1021,-0.14160040778595173,0.012072815466108095,5.417281220683026e-05,0.01963501438689336,0.017282258540906353,0.03224565121110459,0.03817090482013803,-0.005968718821785577,0.1170006559295657,0.0002759136640291528,0.01828318472189332,0.004117837932261896,0.0,0.00035106137784088126,0.0,0.00030967192731115557,0.0,0.037104200403825324,0.0,0.0036221319906092177,0.0,0.16822402489406965,0.0,0.005613719826108811,0.0,0.033616842263677345,0.0,0.050567272123227223,0.0
1022,-0.18067131599575692,0.010074359127006514,5.454914226068317e-05,0.017004099185944647,0.01456557730199679,0.03147412879414029,0.03685729763885956,-0.009532104820284716,0.030416311843452518,-0.0011091690135097267,0.011979177730394098,0.0017503866557770002,0.0,0.0003431040627834647,0.0,0.00030633966318069594,0.0,0.02942998465684826,0.0,0.0038507632551941905,0.0,0.11803938396503208,0.0,0.00400366390103854,0.0,0.033804409584600376,0.0,0.04916500149725363,0.0
1023,-0.19257328969187365,0.00785686346845713,5.5594885323535995e-05,0.015659185804727912,0.012913381646740184,0.031120224640736,0.03733027071810207,-0.008456414985367105,0.00048296825100086713,-0.0009304185918509067,-0.005771827683638659,-0.0007062975641395002,0.0,0.0002629541491594859,0.0,0.0002141510370009486,0.0,0.026527456791261898,0.0,0.0037112854522407803,0.0,0.10426905221827745,0.0,0.0031023948363844175,0.0,0.032895860246770554,0.0,0.04547566216658429,0.0
1024,-0.198631135237515,0.007571240483157382,5.514056665017196e-05,0.013349403483722584,0.010236951440390895,0.029602704594583553,0.02988887641684763,-0.005696130119020584,-0.01197068269139545,-0.0020332800405294914,-0.004861961803905394,-0.0009643780489007982,0.0,0.00026531782140292863,0.0,0.00015958151828233776,0.0,0.026753206735509308,0.0,0.0037502682925048005,0.0,0.10157003674799997,0.0,0.0028456184574419527,0.0,0.03311644499203498,0.0,0.04487478720677002,0.0
1025,-0.19567312672566314,0.007549857795065816,5.5433701387570476e-05,0.01359159034485295,0.01022301417078558,0.028820101162812892,0.02896217789141637,-0.007709784623152452,-0.022527246343683787,-0.002502166282072874,-0.010624634950771738,-0.0012912742196872038,0.0,0.0002545174217926038,0.0,0.00013369935764591373,0.0,0.025350684878762006,0.0,0.0037082934373230737,0.0,0.09998538536548969,0.0,0.0025982279621397163,0.0,0.03268214951562409,0.0,0.04504231453538381,0.0
1026,-0.193530003719393,0.006873037483047225,-0.0010458100344965943,0.013493920571925867,0.010549248731789479,0.027115965683490676,0.027433806918556212,-0.004932880554142114,-0.037895144258308394,-0.00238155679402663,-0.012919938353156243,-0.001470000808466818,0.0,0.0002577404805064124,0.0,0.00015877641039503215,0.0,0.024763548376683552,0.0,0.003574603960487267,0.0,0.0981322271751088,0.0,0.00219294778110387,0.0,0.03041945922220127,0.0,0.044349333236239574,0.0
1027,-0.21474484350821976,-0.05742398421750417,3.0504803750830412e-05,-0.0011591986731035026,-0.0006724659896938624,0.009695300258227247,0.011772837062789627,-0.0010584328121907743,-0.03686703284481646,-0.01060185208242911,0.009107678242547962,-0.017799281012654797,0.0,-0.0005318393643148004,0.0,-0.0015534810833817607,0.0,-0.014093024387201171,0.0,-0.0009306268237220911,0.0,-0.017894628463288605,0.0,-0.006980730659989193,0.0,0.010568371827075812,0.0,-0.012985733728780235,0.0
1028,-0.2157259518384301,-0.05806114219156726,3.04524348795742e-05,-0.001485189259312361,-0.000992295057801706,0.008520970397612761,0.010933749034371462,-0.0004640111555936797,-0.035825729024668955,-0.008547492919757892,0.009388266508585378,-0.017922350426156107,0.0,-0.0004910501374224688,0.0,-0.0015985399469974361,0.0,-0.014195633651187749,0.0,-0.0008511927138093248,0.0,-0.01842481476852392,0.0,-0.006940632807488853,0.0,0.010324344976715409,0.0,-0.012912789143007374,0.0
1029,-0.21885217073597987,-0.05794027100725646,3.0119613239533607e-05,-0.001928837177952231,-0.0016098790944859473,0.008951301700806673,0.010920523875500824,-0.005543212748431954,-0.033301224932245424,-0.009984123330054244,0.009850464262445976,-0.016568157054754198,0.0,-0.0004220149728160787,0.0,-0.0018140939368377993,0.0,-0.014539765782553407,0.0,-0.0009636869435481281,0.0,-0.01731749029201291,0.0,-0.007043344919984863,0.0,0.009394038397149616,0.0,-0.013270616005763564,0.0
1030,-0.212073811538413,-0.05812489983479381,3.0219672409425774e-05,-0.0021436427704158135,-0.0017851457578677628,0.009867401954221566,0.010328177016166739,-0.01434238243411782,-0.03579675850283682,-0.004075919211866795,0.01106005838935724,-0.016849267501680556,0.0,-0.00043164149637710524,0.0,-0.002453233079291955,0.0,-0.014762111364904847,0.0,-0.0009984629244609187,0.0,-0.01780374420344752,0.0,-0.007343695422104725,0.0,0.008942589001064271,0.0,-0.0131961710761746,0.0
1031,-0.20795803324299658,-0.05415504009819705,2.965135904157491e-05,-0.0023665466882499754,-0.0020339757814638293,0.010191652362120338,0.010483038885524326,-0.016238269943706998,-0.03533640082522562,-0.0095650489046958,0.013306947668354975,-0.0169572936918089,0.0,-0.0005021177967051079,0.0,-0.002309265062760453,0.0,-0.015231248722167088,0.0,-0.000960987929777987,0.0,-0.017932653412986922,0.0,-0.0072688227327357855,0.0,0.006208264391869855,0.0,-0.013356290918967263,0.0
1032,-0.20636238252409875,-0.05403670592993619,2.965135904157491e-05,-0.0024872012650266873,-0.0019154627300903837,0.010317826801637304,0.010355250942215118,-0.014533791510926862,-0.03487077060191712,-0.010249134415999889,0.012685834342558284,-0.01697721171260601,0.0,-0.0004957132407344192,0.0,-0.0023285128314053543,0.0,-0.01551418110857681,0.0,-0.0009070050553439493,0.0,-0.018070926596006724,0.0,-0.007256156928200084,0.0,0.00625881881239964,0.0,-0.013357530427192829,0.0
1033,-0.20491193368818167,-0.055815173754243955,2.965135904157491e-05,-0.0024149676832349435,-0.0017807087864441695,0.010460427268279513,0.010833559567020642,-0.01549352930445804,-0.03439974131486714,-0.012171963861334435,0.011771321176574711,-0.01715978566733747,0.0,-0.0002979519656491512,0.0,-0.0022603689717460903,0.0,-0.015303083798012004,0.0,-0.0008753285271257776,0.0,-0.018067067459340308,0.0,-0.0073403872227831846,0.0,0.006661907776514679,0.0,-0.012298747995544873,0.0
1034,-0.20096857467491946,-0.05602929028400924,2.965135904157491e-05,-0.00230688280923879,-0.0017466941616273224,0.010860666953896245,0.011087228192859322,-0.01712066877044828,-0.03627156418243854,-0.012537534031325764,0.01204056719714096,-0.017110919350760926,0.0,-0.000368944420729791,0.0,-0.0021926537734500103,0.0,-0.015059416272402289,0.0,-0.0010932899657873044,0.0,-0.018341636765144057,0.0,-0.007303010289469293,0.0,0.006821729589933752,0.0,-0.012104068161330507,0.0
1035,-0.2056757530054196,-0.05699007053155587,2.9368597732439205e-05,-0.0022767421137111585,-0.0018180427498207727,0.016710914473199192,0.011196719745236306,-0.018574194671998445,-0.03289435930378207,-0.014043601528137637,0.015179200357419704,-0.01685006493528108,0.0,-0.00045697605876288236,0.0,-0.0022919563848094867,0.0,-0.01614274647092576,0.0,-0.001336959598080355,0.0,-0.0182422087287505,0.0,-0.007387045842228815,0.0,0.006518182695246304,0.0,-0.012131832100455054,0.0
1036,-0.2074596084703308,-0.056937109481706126,2.8951899471195572e-05,-0.0020056194376107954,-0.0015803361630698143,0.01594961213834937,0.010951840309105995,-0.01536088155148652,-0.03340212353455229,-0.014467624899744375,0.014536363349981584,-0.016786480120681506,0.0,-0.0005347283515761514,0.0,-0.002361534083618815,0.0,-0.016735122779585075,0.0,-0.0016425675190543118,0.0,-0.01804835526415962,0.0,-0.0072329310837330575,0.0,0.007504368816046654,0.0,-0.013012850159594185,0.0
1037,-0.2037102035400336,-0.05941378890359818,2.915999129337741e-05,-0.002767153346195184,-0.0014335495213049774,0.015007308023503172,0.010612331156276779,-0.008261896787931869,-0.03604878429246404,-0.015429141873062524,0.015676629275339568,-0.01631886885012423,0.0,-0.00040972594387800467,0.0,-0.002421954365220287,0.0,-0.015551968753077123,0.0,-0.0013936561748262612,0.0,-0.017268370388242617,0.0,-0.007190251707915687,0.0,0.007065235681647232,0.0,-0.01265667667176093,0.0
1038,-0.20221332290873906,-0.05789915084086745,2.908742815421939e-05,-0.003161321067235472,-0.0016588254645222929,0.014836181695394062,0.00940765244012326,-0.007970238340977525,-0.03416993167468106,-0.01534632254236276,0.024246271250830054,-0.016035330324628436,0.0,-0.0005351294304371094,0.0,-0.002439822142698434,0.0,-0.014412474881612408,0.0,-0.0012422461486258955,0.0,-0.01701740405985822,0.0,-0.007380131147811122,0.0,0.007072518257361038,0.0,-0.011454000063772602,0.0
1039,-0.19468272358042804,-0.059114289631266595,3.189565549955514e-05,-0.005345939764239798,-0.0026869353318752735,0.015614417682022746,0.00847201585615448,0.024984902791230112,-0.03484968194761463,-0.018339654001716797,0.025878097272502853,-0.014184634220285408,0.0,-0.0005170506238680234,0.0,-0.002280701378104132,0.0,-0.013796359901376787,0.0,-0.0006906372938941615,0.0,-0.015529853837494327,0.0,-0.0068956718593984586,0.0,0.006771376269600057,0.0,-0.011032623979237478,0.0
1040,-0.17161620782173675,-0.05265637724266413,3.186078290679644e-05,-0.006029117557325392,-0.006336459802081541,0.016272739124493327,0.0088501587281066,0.08734969292582988,-0.04377624091368626,-0.022805566030262788,0.013350852709010317,-0.012037262809139356,0.0,-0.0003114109851580233,0.0,-0.003273077445702831,0.0,-0.014752317465803858,0.0,0.00028123937823649965,0.0,-0.01121020395519798,0.0,-0.00591389287740879,0.0,0.00663836187904033,0.0,-0.008662455554866146,0.0
1041,-0.05067206523231948,-0.023594950875602497,4.065360124624597e-05,0.05193816458582306,0.04977438099449042,0.024854523792879925,0.027816178295753998,0.21537045675142888,-0.004032107649611411,0.00818256169948129,0.0627615803225224,-0.005043137274685789,0.0,0.00285931289842971,0.0,-0.002092860454932993,0.0,-0.00938622122009767,0.0,0.0026526092806843254,0.0,-0.005407550695365641,0.0,-0.0005409309357260624,0.0,0.012771359553314075,0.0,-0.004320729619443866,0.0
1042,0.026780238477638763,0.017432624454594942,3.65410594255665e-05,0.05191221802943697,0.05322925535176237,0.034738068132838244,0.034140975340377265,0.2080463273160136,0.08820286453003444,0.009826616459319917,0.0284522930474174,-0.002032594772862593,0.0,-0.00016078414284678247,0.0,0.0006215216471064027,0.0,0.029618481820314728,0.0,0.022329447636503814,0.0,-0.003968786617508913,0.0,0.0025423739013714897,0.0,0.016674107478362316,0.0,-0.0016270266554152001,0.0
1043,0.030122266064950783,0.017643757002966727,3.7360079069017475e-05,0.05158107936396868,0.052587651280548625,0.03272365037466613,0.03472176387226963,0.2069889806745406,0.09465158759026226,0.00885595329170306,0.028494396229286005,-0.0019154992785830808,0.0,-6.628007397597133e-05,0.0,0.0006299100945717147,0.0,0.030176403618769526,0.0,0.022797206617098522,0.0,-0.0031613034392872063,0.0,0.0024983212219978836,0.0,0.016776704945200362,0.0,-0.001519169407502875,0.0
1044,0.02864829365196373,0.01721093750126887,3.722557159175814e-05,0.051759213840861566,0.05171028450888154,0.0333727572097394,0.03487585539828275,0.21099529841047643,0.09324169309370337,0.0075194450700287775,0.027924629705767236,-0.0018213063320512064,0.0,-6.419916818806584e-05,0.0,0.0006096691338499502,0.0,0.03112303054984804,0.0,0.023922966337362857,0.0,-0.0030816358137626576,0.0,0.0027683689629657278,0.0,0.016651989332128667,0.0,-0.0016612086095363079,0.0
1045,0.027391080918667286,0.015758075479729766,3.3883398799609845e-05,0.05172102191783655,0.05148697874321221,0.03335709659824421,0.03493337854325989,0.21197036990550408,0.09068607034994969,0.0075142245812129475,0.025072858756859343,-0.0018150477645947497,0.0,-6.369683732850819e-05,0.0,0.0006177063400212814,0.0,0.03115812559013224,0.0,0.024745375092624127,0.0,-0.0023577288134893717,0.0,0.002736242298473391,0.0,0.016839720084057125,0.0,-0.0016352679912999177,0.0
1046,0.02531351771745855,0.010623039312749308,2.692868428680958e-05,0.05228899507917095,0.05236033353447252,0.033715993857535126,0.035316929266893726,0.21921794537074274,0.08187547262148664,0.0022835162887113,0.02300478683718541,-0.0017078526807835122,0.0,-6.409961252861008e-05,0.0,0.0006063111882726522,0.0,0.03140368018212363,0.0,0.02246536957305015,0.0,-0.00032403428743666074,0.0,0.0028791092894626144,0.0,0.017387013379716328,0.0,-0.0019453072026445956,0.0
1047,0.00014189225373219697,-0.03657226638406074,2.693366835164629e-05,0.051953912630449677,0.05313899863383145,0.03385195682002454,0.036395251653369654,0.21991205740885175,0.053150811029458206,0.00036933506291768683,0.026698009593747473,-0.0021355416702782924,0.0,-7.095498184174777e-05,0.0,0.0006003575373826378,0.0,0.029896160195071554,0.0,0.02347038893547932,0.0,-0.0010239072285249627,0.0,0.0026373923815178387,0.0,0.017885679746061783,0.0,-0.0020328233598898714,0.0
1048,-0.002806976760450867,-0.04670085945592214,2.6927241147896226e-05,0.05190942720598772,0.052608542937836074,0.032778702426331706,0.036896213781665785,0.2197060384730185,0.04642650360115321,0.0014656102518173684,0.02627966990969164,-0.002037690786653714,0.0,-6.60353021671651e-05,0.0,0.0006094998964825157,0.0,0.02982402346086157,0.0,0.02355566302974248,0.0,-0.0014577465918298963,0.0,0.0022980970053828277,0.0,0.01802094874678918,0.0,-0.0022957115658147915,0.0
1049,-0.018277874000029254,-0.047267998792213696,2.6927241147896226e-05,0.05244422164725973,0.05364988222267659,0.030140433515471715,0.03631150768186487,0.1831518098382004,0.04617517963767921,-0.00642196296572232,0.025908653000264053,-0.002285832065683116,0.0,-3.930200942299509e-05,0.0,9.625805642373196e-05,0.0,0.027786726156714833,0.0,0.022976284340379242,0.0,-0.0023674648312266068,0.0,0.0019831820007044348,0.0,0.018449254189690623,0.0,-0.002513131318840219,0.0
1050,-0.011418197784241687,-0.0477223301399446,2.6927241147896226e-05,0.05233227455650912,0.052950150692760864,0.02992137166578483,0.036087721682776935,0.18058540473691048,0.04482583069160793,-0.0069025261739337805,0.022420166411099476,-0.0023219194790959105,0.0,-3.752688667868089e-05,0.0,-9.713036719277758e-06,0.0,0.0271682831299489,0.0,0.022056087437035646,0.0,-0.002630205306413796,0.0,0.0017738480645682815,0.0,0.018928224738157088,0.0,-0.002581391626589373,0.0
1051,-0.01196405565715986,-0.04870335426490628,2.7174597777377326e-05,0.05203726424197266,0.052500047713191236,0.02991869637069867,0.036030594599359055,0.17795256236318804,0.044475006364520106,-0.00743176385867273,0.021225276014433428,-0.0024171997380794427,0.0,-2.9317470960478563e-05,0.0,-2.3177943672250895e-05,0.0,0.027036675719345267,0.0,0.022502653491258785,0.0,-0.0026943524625510458,0.0,0.001756700936703992,0.0,0.019182864596183628,0.0,-0.0026412243939127403,0.0
1052,-0.03530546904179206,-0.05226449561018046,2.607103745807594e-05,0.050925813732477926,0.05179993599183446,0.029097727780968547,0.0351478535735674,0.13349666826732515,0.04739316908182969,-0.008897635969865656,0.01869688336507535,-0.0032855193946878095,0.0,7.311374222069815e-05,0.0,1.7285714526611823e-05,0.0,0.027986657487804923,0.0,0.023343904100807448,0.0,-0.004290382975394431,0.0,0.001630735327700196,0.0,0.019708068681757222,0.0,-0.0037405217284068987,0.0
1053,-0.042660189799117204,-0.05288214385392501,-0.0008065256901452129,0.050950133369559045,0.05156473025629447,0.02880897736059849,0.03493895757648917,0.12813407254106143,0.05502976725907915,-0.008647529959811797,0.015838445931949656,-0.0036095071252908047,0.0,0.00010120876164333557,0.0,3.050996886157324e-05,0.0,0.02782107292521362,0.0,0.025175747901847595,0.0,-0.006016124503975402,0.0,0.0016712745881208744,0.0,0.02012491479657565,0.0,-0.004075043233962052,0.0
1054,-0.25271037642231675,-0.020168237806707325,1.7518379618797576e-05,0.0005351542665669852,0.0008402734133010299,0.035053904251527726,0.0512480615689463,0.10441928187098679,0.046473799416500726,-0.0023007329902097647,0.025875661887346166,-0.005905164069211206,0.0,-0.0004094086220411897,0.0,-0.0005035892938097422,0.0,0.01825809008395406,0.0,0.004741960458295655,0.0,-0.008700438219991478,0.0,-0.0036481744086191295,0.0,0.01823900608166276,0.0,-0.0019443776874856996,0.0
1055,-0.253766848408084,-0.019654465224602412,1.7518379618797576e-05,0.0004781059705842989,0.00103472457533637,0.0353565729898888,0.051680577528235475,0.1014736514083141,0.04372642906202457,-0.00029195743330054494,0.025935463440254766,-0.005887188941637343,0.0,-0.0003956723131400555,0.0,-0.0004962494672624181,0.0,0.01807944658297428,0.0,0.004635313898631396,0.0,-0.008693398644098006,0.0,-0.003458005692572793,0.0,0.01829474212085702,0.0,-0.0020122523716954474,0.0
1056,-0.25256887643698905,-0.021911460980844698,1.9739882980375636e-05,-0.00027449473581476493,0.0010450972834618656,0.03425657364853859,0.049156136205206376,0.10166120115348326,0.04185934867466749,0.004444330064608389,0.023534658783540222,-0.005746665680027325,0.0,-0.0003961790890728249,0.0,-0.0006796252248787591,0.0,0.01882941148874662,0.0,0.004385344691032289,0.0,-0.008311278563286376,0.0,-0.0034475110498094186,0.0,0.0180276540125453,0.0,-0.0034197378310713593,0.0
1057,-0.2491084626430132,-0.021599534459614704,-0.0004337517489659099,-0.0001911740930527962,0.0010740695256632143,0.03420976994941172,0.0483165950503381,0.10331949489771736,0.044391529162894384,0.004597572896721895,0.020338097872631033,-0.005733395254636606,0.0,-0.00039974341483493787,0.0,-0.0006910399988512496,0.0,0.018714013887710997,0.0,0.004596607938469521,0.0,-0.008662493457752602,0.0,-0.003427166011362291,0.0,0.017866798485012478,0.0,-0.00335841758948329,0.0
1058,-0.2031252889917422,0.016252104067232803,1.5875163365127717e-05,0.14323135931009892,0.13323183068150607,0.014141410946602232,0.03913414616696816,0.08427502605551174,0.016559939423280202,-0.0013738548188256539,0.033036628142315456,-0.009052868204840114,0.0,-0.000636855830619321,0.0,-0.001997309626622382,0.0,-0.013821914131203997,0.0,0.004791960743514675,0.0,0.0073405324672822375,0.0,-0.001486763207576921,0.0,0.015963235146791568,0.0,-0.0008477419711218726,0.0
1059,-0.20402347193919143,0.016098800257515845,1.5875163365127717e-05,0.1429445165198086,0.13357006260613788,0.015127742519029215,0.03842953791973898,0.08435544402664777,0.016717685529644873,-0.0010576389627314072,0.03212860972988645,-0.009045686428820487,0.0,-0.0006724114968273507,0.0,-0.0020018530234756833,0.0,-0.013868971057848936,0.0,0.004778084727794899,0.0,0.007544578939741144,0.0,-0.001500359554019837,0.0,0.01581884138770257,0.0,-0.0008465035648438517,0.0
1060,-0.20179103177762187,0.01607082765666624,1.5875163365127717e-05,0.14141840164363062,0.1326875922602692,0.015446633241114822,0.03787445169404259,0.08668470432552451,0.018477916511452516,0.00035761968472678086,0.026894689787286784,-0.009311936794464348,0.0,-0.00063885181788846,0.0,-0.0018404154588450845,0.0,-0.013933683835779595,0.0,0.005089758972420064,0.0,0.007656175845112289,0.0,-0.0015961025601191991,0.0,0.01582813259158613,0.0,-0.0008778738332239303,0.0
1061,-0.20643841439209007,0.015694435678813564,-0.0005227848971395242,0.1374208199434768,0.13047452184492922,0.014623340806724588,0.03815383702865619,0.08246848304036763,0.008677746774761172,-0.0011601017406597742,0.027107871889086352,-0.009053273384441058,0.0,-0.0006744907999418129,0.0,-0.0018796922186286944,0.0,-0.013780957754534263,0.0,0.004828547893176674,0.0,0.007475130495633341,0.0,-0.0015550515432962884,0.0,0.015645143501164086,0.0,-0.0009564346833582847,0.0
1062,-0.04160066594006886,-0.025773008197598934,-2.61396119332542e-05,-0.014630474683415972,-0.016418574195499965,-0.006917156758350069,-0.015562281494507037,-0.04029556712838982,-0.0071589768881867325,-0.02113766900480969,-0.08814744248200256,-0.007021084488685839,0.0,0.00043893104331018106,0.0,-0.00018280231342631317,0.0,-0.0008985120325360512,0.0,0.005235938131780131,0.0,-0.00286406634778648,0.0,-0.0038274986295105903,0.0,-0.07612864338520657,0.0,0.026690322672519085,0.0
1063,-0.034384721236332565,-0.027605298254336122,-2.6988724687741144e-05,-0.01620992205030917,-0.01740473294355561,0.00029842706961548263,-0.012578881005358072,-0.043488750312115264,-0.0073690961514452915,-0.021264048266589248,-0.09173340043860938,-0.005764848877187324,0.0,0.00043602840639282524,0.0,-0.0002302970272257124,0.0,-0.0009369347515521493,0.0,0.005280372131963825,0.0,-0.0025789647864109073,0.0,-0.003277839832584513,0.0,-0.07529532574731389,0.0,0.029095533389957004,0.0
1064,-0.028446843981504842,-0.027927364954497436,9.911338374305162e-09,-0.018142564544761677,-0.01774117450998809,-0.005036026305545439,-0.0067753294932021545,-0.04187187374045914,-0.008146292622720572,-0.02104698563314456,-0.09229789646395017,-0.0036654132726058656,0.0,0.0004318184355924903,0.0,-0.00020083728624508557,0.0,-0.0006139359218005758,0.0,0.005241410865516735,0.0,-0.0026080155823158084,0.0,-0.0024169530743094396,0.0,-0.07395437523667267,0.0,0.030246068097552172,0.0
1065,0.00010980610736437405,-0.016167674318648108,3.994609819610411e-07,-0.014151912024729136,-0.015832940053520532,-0.00296739558549488,0.0030557566753399963,-0.02852679867974735,-0.005251734228786787,-0.016004356737974724,-0.08839556040174634,0.001526288336778981,0.0,0.00040343528060308374,0.0,5.990133151460765e-05,0.0,-0.00018304851266861012,0.0,0.0059640984045458674,0.0,-0.002036812979027238,0.0,-0.000676907197125808,0.0,-0.06642773168489748,0.0,0.04015029829441017,0.0
1066,0.16414238907592926,0.020393166238496418,3.193287180989959e-05,0.010963306607587433,0.012173868868993135,0.0270392626522155,0.030337403899920644,0.026808021386649627,0.02853940773161958,0.007523662399792595,-0.03391719488085805,0.020158262163030172,0.0,0.0004228777229333817,0.0,0.0004923799123268235,0.0,0.0027519349301073806,0.0,0.00875653526789636,0.0,0.010252946902032073,0.0,0.014389577341737517,0.0,-0.02716883799010764,0.0,0.0689902128593328,0.0
1067,0.1900780491231937,0.02775016425741367,3.3288989136551377e-05,0.01906258323311006,0.019055236103610606,0.02944557674101133,0.02601925540012458,0.040933205452093765,0.036267387225099264,0.009075716781929824,-0.010157777283023096,0.020830136927589036,0.0,0.00039201529073931425,0.0,0.000666995479418542,0.0,0.0026609108726492084,0.0,0.008992769736392037,0.0,0.011242109843376761,0.0,0.015781226446243465,0.0,-0.020040231523832802,0.0,0.0667822060374283,0.0
1068,0.1508181308079537,0.021715684863364195,8.372592131166702e-06,0.01876127601934459,0.018755355680026252,0.01500185497203661,0.010735097021755525,0.038836416055561644,0.03381248227434779,0.007280561636395444,-0.018075652246563007,0.016777595095980875,0.0,0.00039274011336369905,0.0,0.0007653018768245263,0.0,0.0019298829195984583,0.0,0.008382118894115886,0.0,0.009819340946395833,0.0,0.014328300877426705,0.0,-0.02907008141464148,0.0,0.05644638171875532,0.0
1069,0.03539476190774018,-0.004292408854043037,2.249402152002262e-06,-0.009808842152774892,-0.01011350628876636,-0.019706767550133706,-0.02271931185805482,-0.004248265699704,-0.006053711799469368,-0.010118425208600363,-0.06763351734618829,-0.0004615868606947396,0.0,0.00037093030432020353,0.0,0.00017704792894593835,0.0,0.0005559554583137088,0.0,0.006385545436285511,0.0,3.6474790013532914e-05,0.0,0.0024074216867115356,0.0,-0.06212216242929248,0.0,0.035946461045467316,0.0
1070,0.017139098588087813,-0.012723315286885,8.272089469797685e-06,-0.01811372951860674,-0.016089391359699372,-0.02111208625898048,-0.027792634198810166,-0.018091654406029858,-0.016363292935962524,-0.012715497171398964,-0.051889333285545715,-0.004321064930702975,0.0,0.0003805230559700334,0.0,0.00013608807313677146,0.0,0.00016930406745855982,0.0,0.005928965210968753,0.0,-0.002317718840572746,0.0,-0.004003339884073768,0.0,-0.06629871929159349,0.0,0.02370097781568514,0.0
1071,0.02388483037190329,-0.01144869087710617,2.393547644865723e-05,-0.013056424485013065,-0.0131221762097858,-0.014626096980512784,-0.023157444323808507,-0.019435302512696966,-0.013511896761412403,-0.013668030755623811,-0.030054665459364267,-0.005427372084537639,0.0,0.000430958038638067,0.0,0.00014466442163288764,0.0,0.00047475017100938235,0.0,0.006138101243040739,0.0,-0.0002384288766463191,0.0,-0.006647917809801841,0.0,-0.06155284628759608,0.0,0.020817075702946226,0.0
1072,0.12216680143371707,0.014966022302790457,2.1773506895101048e-05,0.011585400847550676,0.013483145499166389,0.024171687171754587,0.002309638228226862,0.007014351125972504,0.06610116805752204,0.003171545921713456,0.029768152516739737,0.0039267095158143145,0.0,0.0005139561624315908,0.0,0.0005327573877297979,0.0,0.001643053102637633,0.0,0.008555938565680045,0.0,0.011174634978803385,0.0,0.002746773230826805,0.0,-0.03153048845932689,0.0,0.03476256913773056,0.0
1073,0.050334749617782656,-0.005829438685854607,4.202360838579325e-05,-0.0005896164010777713,-0.0037293828359081277,-0.004573379451407766,-0.0176607030969308,-0.03396299707600902,0.017204553685039734,-0.014645315292989246,-0.016823992743759838,-0.0019964089496217028,0.0,0.0005555663175312661,0.0,0.00011372748581677004,0.0,-0.00032259236409274545,0.0,0.006957239799146948,0.0,0.005068978069905903,0.0,-0.004599876949965001,0.0,-0.05078775129178829,0.0,0.024254144150350952,0.0
1074,0.15558734490738477,0.01328227512114434,9.253394624274311e-06,0.018922716056567517,0.018084173750948562,0.027626249408643312,0.00029404232819649066,-0.017626935996112862,0.0734303695049035,0.005888673226386863,0.019411830516954116,0.004749970701307182,0.0,0.0005867680973630637,0.0,0.0003803455158442031,0.0,0.001143783717244611,0.0,0.009119808226062088,0.0,0.012626745740214523,0.0,0.002116397599115317,0.0,-0.021641208551151675,0.0,0.03441289748327617,0.0
1075,0.038662943659977245,-0.010522504297407854,-7.699116276020508e-06,0.0016704094427637329,-0.0006196212815161681,-0.010860232122378879,-0.01880074132824508,-0.04952800039032377,0.00719014133633327,-0.022376085921321745,-0.045826329588392854,-0.005467824556681673,0.0,0.00044904404723405126,0.0,-0.000264226212057427,0.0,-0.0008276496981120575,0.0,0.006525562582585741,0.0,-0.00016923660573168493,0.0,-0.006527437869677088,0.0,-0.052459781789130175,0.0,0.021453361061303345,0.0
1076,0.06164373107087204,-0.009985472523002258,-7.524703640017084e-06,0.001197038200694117,0.002712581692364894,-0.016092432516079176,-0.017709115246433565,-0.039355867856464596,-0.019079906518629723,-0.02041053137902319,-0.03847454845772639,-0.0068045181477505556,0.0,0.0006377129100837211,0.0,1.0857054470530462e-05,0.0,-6.472157938410903e-05,0.0,0.007453963177000735,0.0,0.0014160567297750069,0.0,-0.006989378753174278,0.0,-0.0473663580052665,0.0,0.02021532262483937,0.0
1077,0.21653576491532694,0.020668825255316926,2.2531678710482535e-05,0.025366825057023798,0.02647936125669012,0.008784065632972836,0.020690872765550195,0.004143056316541813,0.026969702114247793,0.0052240563479933454,0.02266114876270124,0.0021001690706239163,0.0,0.0008754979446748448,0.0,0.0007073107142112465,0.0,0.0028436133516132147,0.0,0.014059556522612754,0.0,0.0143471715680784,0.0,0.0036022210690527163,0.0,0.000828623362143961,0.0,0.036573426819116066,0.0
1078,0.2517412481460071,0.026102872415540608,2.6936433169824765e-05,0.028586977148155116,0.03270489959952188,0.014886509090935333,0.04476131152265118,0.0018831120051486488,0.039204653999381514,0.00787515009676782,0.033040791391266505,0.004515424685024428,0.0,0.0009785656419159705,0.0,0.0009768539408739404,0.0,0.0032535773499916465,0.0,0.015201191269261952,0.0,0.017084046316417325,0.0,0.004078887807349309,0.0,0.019164479682448162,0.0,0.0416444999028379,0.0
1079,0.2815340095753348,0.02630116392705549,3.177771756628661e-05,0.029252412256658256,0.03326201458199536,0.012344791313105419,0.04187941783268983,0.0030378384348658865,0.02456675318374867,0.005018004121575604,0.023463591722562942,0.0028448683183577134,0.0,0.0010293115420419534,0.0,0.0008526173074467502,0.0,0.003160797266109862,0.0,0.018040289005829716,0.0,0.012991984729264777,0.0,0.004147823636524327,0.0,0.03275034540310471,0.0,0.04015072243012608,0.0
1080,0.3009041098025593,0.025207276684081802,1.5848652905693677e-05,0.030298610825011497,0.032636765901641995,0.010347430942887868,0.03658852317307861,0.00449237303570981,0.014999418454682157,0.007184982101372637,0.01988523309485753,0.00242124786487032,0.0,0.0011098114122649668,0.0,0.0011125285450064026,0.0,0.0034216532286192045,0.0,0.019894271984285353,0.0,0.010042775705100804,0.0,0.004335373949267088,0.0,0.04207331469258552,0.0,0.03751896188381064,0.0
1081,0.3203779175439238,0.02325135572940769,1.427191265374584e-05,0.02954129136276421,0.030564143346589828,0.00948876414472818,0.03186110686660638,0.0014448674282442223,0.00609773032747323,0.0063229985756066915,0.019173569318967434,0.0008790712205656723,0.0,0.001339775888044828,0.0,0.001018277300963551,0.0,0.0046116284456330795,0.0,0.02149491490180287,0.0,0.006212737998774296,0.0,0.004401306525656296,0.0,0.04644238319500027,0.0,0.03659669520320515,0.0
1082,0.3233178788647128,0.01814630872363044,7.277553342785711e-06,0.02687801491002878,0.028294871935462724,0.007533374909030455,0.02435008698954491,-0.0024099070488820045,-0.007124995970033164,0.004472478272387957,0.0110481238870386,-0.0011501913672288299,0.0,0.0014712282345815612,0.0,0.0007836669250878251,0.0,0.0032770538630061785,0.0,0.022325885143967283,0.0,-2.4047734696656244e-05,0.0,0.003535560836690039,0.0,0.045555602121197,0.0,0.038273829252620205,0.0
1083,0.3080306313756083,0.014614456078184105,1.0562848287358687e-05,0.025964774858156764,0.02757625615088058,0.006228811726521995,0.02325444430588801,-0.004533820166466165,-0.024057818600854552,-0.004864365970670749,0.0148195709046489,-0.004682273679639175,0.0,0.0015225470638062296,0.0,0.0005758977369991125,0.0,0.0030255114916389186,0.0,0.021606463950101244,0.0,-0.0012495526895547058,0.0,0.0035709181342770836,0.0,0.044284937138898056,0.0,0.03917287247699334,0.0
1084,0.3028700173293653,0.011961162325199717,1.0493755661107495e-05,0.025570515677200926,0.02819554671117676,0.004968395526923314,0.021454334130331633,-0.013486394653079374,-0.03009344173904582,-0.004933346923488591,0.007715340481233876,-0.006257085384455777,0.0,0.0016214377804543586,0.0,0.0005402395265000538,0.0,0.0030261805296807405,0.0,0.020570972490613883,0.0,-0.001088773827048203,0.0,0.0036894435375419555,0.0,0.0411922599905046,0.0,0.037075071492596604,0.0
1085,0.2938772379722539,0.008594012294289344,-6.0535413945334365e-06,0.022790588813404757,0.02308152362760645,0.0038146312051311397,0.021690928661790884,-0.026585418218584744,-0.0287850894874772,-0.007028734794096509,0.00028236132811881447,-0.008163636154643368,0.0,0.0016515643692640953,0.0,0.0004971016031183479,0.0,0.003398201127330251,0.0,0.019945760431248436,0.0,-0.002090108700187937,0.0,0.0031576249474444514,0.0,0.037090258832185266,0.0,0.037054043971266604,0.0
1086,0.27724032496346424,0.007479109913393466,-3.677221454631932e-06,0.014644481684610647,0.013965975922997354,0.0027419589245659595,0.01517015841097084,-0.029431315183254498,-0.030031351268474227,0.0017851535723145664,-0.004033032723678833,-0.010219019684434272,0.0,0.0017494275402661227,0.0,0.00044365224095225874,0.0,0.0047532240938575575,0.0,0.018990874383617806,0.0,-0.0021228811282968914,0.0,-2.5545715379304037e-05,0.0,0.031103510127720436,0.0,0.03525592603386159,0.0
1087,0.268810016006414,0.008826423635152916,-3.4604987334755168e-06,0.013679998685786527,0.012084590660256788,0.0012813388709624223,0.016390964503902827,-0.030968065286543917,-0.02982474448712314,0.006290734083049549,0.0002648212980881497,-0.010325905641325675,0.0,0.001809875982150724,0.0,0.000478399641491977,0.0,0.00545522465874218,0.0,0.01865755965384432,0.0,-0.002935579294783331,0.0,-0.0010687556538955928,0.0,0.03029629678959852,0.0,0.03466438011727358,0.0
1088,0.2816856951171899,0.007881010845358298,-0.0006286326445783148,0.01291863130449557,0.01205289560188777,0.0010923883082236102,0.01614131764088182,-0.030291243151747783,-0.021048932463143353,0.0016854127007978096,0.010981505037472063,-0.009488545182061109,0.0,0.0021353426553006928,0.0,0.0007321505033394055,0.0,0.007120388067040169,0.0,0.019192108161493443,0.0,-0.00032493472773798346,0.0,-0.000829870148465226,0.0,0.031064899085895686,0.0,0.035349573992532086,0.0
1089,-0.16158187183123354,-0.012074253207219991,1.0002550797494645e-05,-0.013048720179915601,-0.015590106406628933,-0.005189164775748217,-0.018955953931600784,-0.026578755976079296,0.022311865869470694,0.0023803276148276127,-0.02867717294048349,-0.009335418730038897,0.0,0.00018879195794500582,0.0,0.0001362348785204622,0.0,-0.012749816400027123,0.0,-0.0009920446120420619,0.0,-0.011100773590664114,0.0,-0.003459028495621754,0.0,-0.013082192000779785,0.0,-0.01317736627051299,0.0
1090,-0.14385543828341607,-0.011787920694975411,1.3966789706409321e-05,-0.014115468988132365,-0.0171898470137489,-0.009660060631234754,-0.020898946982821857,-0.03178322833382007,0.0169557622046485,0.0034880427808613355,-0.036966947251410476,-0.008989577848242588,0.0,0.00019919341642096565,0.0,0.0002146052739537218,0.0,-0.009777705307034942,0.0,0.00020081417669394426,0.0,-0.01017268034901626,0.0,-0.003166358171508327,0.0,-0.021147345668245724,0.0,-0.012193389689671305,0.0
1091,-0.032955777009008605,-0.0036170372740549944,-4.66653761304629e-05,-0.0270659628799105,-0.028904456173529124,-0.010635575242587837,-0.022884994071404718,-0.045727603271030696,0.00676898517467288,-0.006227121859004739,-0.0681569013412987,-0.00520893789642807,0.0,0.0002597540102882049,0.0,0.0002604196579748701,0.0,-0.002949239056540026,0.0,0.002823776518326095,0.0,-0.007032904053377527,0.0,-0.006261249096017497,0.0,-0.03753882222893635,0.0,-0.00756801328644074,0.0
1092,-0.006934825133356756,0.004137888133819603,-5.2227266681073275e-05,-0.02272035129407633,-0.024527272952123914,-0.004827775363432871,-0.020037134312694584,-0.04439852397832657,0.004716204465820505,-0.004791880122271673,-0.055413273279917026,-0.0036884637568423495,0.0,0.0002810169833979019,0.0,0.0004212050985866132,0.0,-0.0018618691963162152,0.0,0.0035203044928942425,0.0,-0.004568309112456064,0.0,-0.0060113814581481805,0.0,-0.03643540702407125,0.0,-0.006769314555200118,0.0
1093,0.13075450969858005,0.0430314710253707,-2.2798995426469047e-06,0.022935937246687504,0.015820933008610014,0.018113473553839906,-0.0008212580416892627,-0.018448889484349744,0.015098366683226382,0.024379762110079337,0.08527925007405436,0.0007161280453665281,0.0,0.0002998549443775723,0.0,0.000603165344482785,0.0,0.0006997092141663008,0.0,0.006110978174196716,0.0,0.006931565132856352,0.0,0.0003554834508518613,0.0,-0.0008254139592240849,0.0,-0.003812927899643991,0.0
1094,0.03170518327087539,0.022646234023063264,-1.5952453717361176e-05,-0.011877303701368634,-0.014456206806805419,-0.00066523511471275,-0.01179324878197328,-0.04053661550860741,-0.01580779093570884,-0.0023230818507094875,-0.002349262844582409,-0.003908847963004305,0.0,0.00032492109897873817,0.0,0.0003236350650355705,0.0,-0.0004143569872065583,0.0,0.004377710079568152,0.0,-0.00013571973929527685,0.0,-0.0029278101828253576,0.0,-0.012875257115757958,0.0,-0.004822852981300128,0.0
1095,0.11514076573078637,0.06379395371209268,-1.5952453717361176e-05,0.011394360294569651,0.016080063643258903,0.01717928063031049,0.0013369728807004343,-0.014863859133197668,0.00022352137052252408,0.008578340647912922,0.0816150242933099,-0.0008397990859312988,0.0,0.00031956491824323963,0.0,0.00029988126756508857,0.0,0.0011209876357540349,0.0,0.006148188307468073,0.0,0.0054462218889252696,0.0,0.0019409139717662424,0.0,0.017913761533245757,0.0,-0.003489465353883822,0.0
1096,-0.016545703971341256,0.024309305910382883,-5.7629131725726504e-05,-0.025721498228131277,-0.021696931196185744,-0.01172231992646656,-0.008259684156778505,-0.03762023523815908,-0.017086951751920994,-0.009833577463960734,-0.052654555700909954,-0.006207987645685691,0.0,0.00029684807589370907,0.0,5.530447565325791e-05,0.0,-0.0008257114700851536,0.0,0.004163660554304004,0.0,-0.004584037196379615,0.0,-0.0041169888765058196,0.0,-0.014252032194569135,0.0,-0.0063478680782429135,0.0
1097,-0.044247473912968606,0.011061391785765116,-5.207561501131622e-05,-0.03376939615679008,-0.031234610988259227,-0.013325245282159497,-0.013218157291236442,-0.04407581027564733,-0.014823413538062978,-0.018086360726721488,-0.06749682367849659,-0.007566966699553721,0.0,0.0002763347662090495,0.0,-1.067762673870674e-05,0.0,-0.0012286611181551437,0.0,0.003732830298444193,0.0,-0.005330312221819523,0.0,-0.005680166238991037,0.0,-0.022315730005491592,0.0,-0.007581250788037413,0.0
1098,-0.040410600644073064,0.008406627623252144,-5.0096445654060695e-05,-0.0343568921726111,-0.03422831848585941,-0.016023382996176477,-0.018265544440457,-0.044320510479596904,-0.016799892670092974,-0.01984677818250434,-0.07388469868800575,-0.008807039979477857,0.0,0.0002722900668810402,0.0,-0.00014983954595528348,0.0,-0.0011935805786717206,0.0,0.0035279924188214053,0.0,-0.005307482697119441,0.0,-0.006839908056489897,0.0,-0.03045853603654377,0.0,-0.007556293837928867,0.0
1099,-0.03690528605946844,0.0075533604119965405,-5.033694444224102e-05,-0.03391320296942067,-0.033476401805868285,-0.01672901821011797,-0.020123881511818795,-0.04524352086056779,-0.0037804335270538603,-0.013466935161013972,-0.07943383323554795,-0.00928305296210823,0.0,0.0002890794082819084,0.0,-0.0003520956180254526,0.0,-0.0009125207073362649,0.0,0.0036604743847170503,0.0,-0.006325971270543174,0.0,-0.007470639529778392,0.0,-0.044387803096226135,0.0,-0.007059034796583168,0.0
1100,-0.0284036010755008,0.010202981895158017,-4.6768112961863784e-05,-0.03378179665321165,-0.03463617996945537,-0.01594003115783198,-0.02308744175612988,-0.04765421628190615,-0.0008650507858925466,0.002665777443678464,-0.07644667385870914,-0.009874682156897265,0.0,0.00028519398125816667,0.0,-0.000479743250634665,0.0,-0.0008665264344257811,0.0,0.0035874210703279925,0.0,-0.006360843609232849,0.0,-0.007804484786997082,0.0,-0.042880725410318364,0.0,-0.007059457334688065,0.0
1101,-0.026713244854029372,0.017333710623538685,-2.742572888903722e-05,-0.03481959726448228,-0.03482603958410871,-0.01736382384764796,-0.01861199124889202,-0.046292554898283364,0.003033111370301737,-0.014934355426451499,-0.07341454188891194,-0.009145080468024909,0.0,0.00031262255437284063,0.0,-0.0003441165165269958,0.0,-0.0007773878484250937,0.0,0.003886436587491258,0.0,-0.006450601459983991,0.0,-0.007058525353729504,0.0,-0.04356468852460369,0.0,-0.007431618001760788,0.0
1102,0.015206314888410354,0.029874580141691878,-2.693967506330026e-05,-0.030791250167132855,-0.03325998667192807,-0.010782043174523555,-0.022586592991563376,-0.04562067284002846,0.008076999680765744,-0.017107340131796003,-0.017621251911844407,-0.007695888078332042,0.0,0.0003428263132673311,0.0,-0.0003628604885608468,0.0,-0.0003263017122683148,0.0,0.004380335942389736,0.0,-0.0025948242776601626,0.0,-0.007903284320681101,0.0,-0.03575305469334745,0.0,-0.006193153226054609,0.0
1103,0.14431593818074165,0.10512108082115174,-1.8683792740494736e-05,-0.011857581746003437,-0.011213450601427834,0.007905368506213975,-0.009905304714375613,-0.02256879337463709,0.04345509277175551,-0.0008922481447949872,0.10428936329693983,-0.002432783015080762,0.0,0.0006289846719352114,0.0,0.0003350915082222656,0.0,0.003352297409508018,0.0,0.006392805535780875,0.0,0.010682322062102633,0.0,0.00031071275747726905,0.0,-0.004033748260809985,0.0,-0.004342394890378651,0.0
1104,0.08277233021481478,0.051599430422172674,-2.5931269929448066e-05,-0.03593089006498402,-0.03530548453266056,-0.012822158743780784,-0.04491439250793746,-0.0426052157003707,0.010702012079145473,-0.017581575937471873,0.07201728408819937,-0.00598961103911068,0.0,0.0006161279031698782,0.0,-0.00020622824585265305,0.0,0.002212686166758854,0.0,0.005183329741974991,0.0,0.0028684267546364465,0.0,-0.004375454764975092,0.0,-0.018705373779497745,0.0,-0.00457137155663701,0.0
1105,0.19172126959131244,0.1128986118412352,-1.7165557016041214e-05,-0.006953606912320057,-0.00880977339089621,0.0163971282571726,-0.0070023026514221,-0.014157053679052003,0.022671388639795276,0.007409523865879993,0.13297418044378131,-0.0017977498912538652,0.0,0.0011812076377372312,0.0,0.00043168275298081243,0.0,0.004846429083667013,0.0,0.007525762998713325,0.0,0.013321968645157108,0.0,0.002055085052143134,0.0,0.009413041396759563,0.0,-0.003780190015278096,0.0
1106,0.2182951880803933,0.13483038431984537,-1.7457138928007444e-05,-0.0006016927094729363,-0.0011237643407301335,0.015808852735721243,2.5961526687375077e-05,-0.011762479381766914,0.0272066713197065,0.007027352558444322,0.13604670508410885,-0.000824860864213474,0.0,0.0011714818273527762,0.0,0.00055124347593945,0.0,0.005316697464799378,0.0,0.008033508254994293,0.0,0.01738146966711591,0.0,0.004253234854889641,0.0,0.017233021788443752,0.0,-0.0034437806379482663,0.0
1107,0.23405700099982552,0.1467559867296531,-1.8287999032241834e-05,-0.0010683937953710257,-0.002746154327800102,0.015318114831322562,0.00213023255972926,-0.009829168214696685,0.022963683587576153,0.005341516588777152,0.12356935719370536,-0.0006146478573271735,0.0,0.0010571297526520787,0.0,0.000520157704384828,0.0,0.004941787173468972,0.0,0.008193779591755457,0.0,0.019785918470654737,0.0,0.003751296006751571,0.0,0.021629243608267318,0.0,-0.0035522912289811586,0.0
1108,0.21174049226926558,0.16089763322514816,-2.837046082981211e-05,0.0010937474367799123,-0.002202195025532525,0.013057117882583732,0.00714951671240922,-0.012493619044126067,0.011163462851580925,0.006252140005692553,0.09160589220995041,-0.000662491962511848,0.0,0.0008502190218699097,0.0,0.00037520207511092783,0.0,0.0037196827561374666,0.0,0.007805541427446202,0.0,0.020043507700633602,0.0,0.0032212881978581675,0.0,0.016651714108120788,0.0,-0.003982631645380903,0.0
1109,0.17515077695875322,0.15582269268965207,-2.7966504032093982e-05,-0.0017068840339436978,-0.0034440812368549153,0.009340635567691843,0.004303211463892393,-0.018585331031257812,-0.009553079483802965,0.0009457821630487434,0.06307641058228265,-0.003414973940606402,0.0,0.0008407195366959917,0.0,0.00027802217973743755,0.0,0.0033470799376914646,0.0,0.007216481272216653,0.0,0.01652707041829147,0.0,0.001149389316355484,0.0,0.021917717576731895,0.0,-0.0043754881198672015,0.0
1110,0.15354962713920178,0.14958070685241795,-1.9456630035507928e-05,-0.004522573040311257,-0.00637472396821292,0.008070043863992822,0.0023095000637838887,-0.01785876082080082,-0.013734061468389158,-0.013603428639473268,0.033134307225935404,-0.0052387536605917485,0.0,0.0006087526792248494,0.0,0.000270343072427754,0.0,0.0019666563833319562,0.0,0.007132475489719588,0.0,0.015129872257039914,0.0,0.000501493708179536,0.0,0.02526385599944549,0.0,-0.00460601334186245,0.0
1111,0.1332124578264533,0.14398400212515589,-8.257003990396894e-07,-0.00676497879263525,-0.006667798908142324,0.008508698638454425,0.0007946558360859907,-0.01247617463497903,-0.02113817397948348,-0.014037025138500327,0.00687497435850475,-0.005612844689048675,0.0,0.0004691025225274983,0.0,0.00027028037478704945,0.0,0.0006180187178491493,0.0,0.006006531835117203,0.0,0.01029994389835386,0.0,-0.0007356345202079046,0.0,0.02232467032347601,0.0,-0.004839815586062597,0.0
1112,0.16301688691365593,0.14075704257752697,1.0863516606977964e-05,-0.005573816478234075,-0.003530317072938664,0.011091607699800308,-0.0008603040075257993,0.022151031270242538,-0.023966465613162558,-0.010725617534098045,0.03715964585077524,-0.006253142997244666,0.0,0.0006161718073992148,0.0,0.00019028065024493965,0.0,0.0021448725878782373,0.0,0.006195927496686846,0.0,0.01349944376265716,0.0,0.0016814693851090253,0.0,0.023167220812105118,0.0,-0.004537322249931686,0.0
1113,0.1721014468183768,0.13310953192205208,1.2067489145745453e-05,-0.001575313550402854,0.000743761771974598,0.011130914770046681,0.0024569651688669657,0.0481255981235344,-0.023915770403411255,-0.009984804748833242,0.03857907305196621,-0.006608722682595389,0.0,0.0009065879288777501,0.0,-2.636890222823112e-05,0.0,0.002442979767091444,0.0,0.0060762501722252315,0.0,0.01326947132584691,0.0,0.0021638363464851246,0.0,0.025209602390312363,0.0,-0.004357467307951919,0.0
1114,0.1731788636453331,0.12327165485983511,1.8916386424138683e-05,0.005279529911610796,0.007524622432169165,0.010556809959039706,0.013073965689632022,0.055002314267824794,-0.023729946556486765,-0.010993084927472141,0.04119341961243993,-0.008324216943935836,0.0,0.0009468555602208867,0.0,-0.0001853884246850005,0.0,0.0025184772880498447,0.0,0.005708688091246663,0.0,0.014136726456535305,0.0,0.0033843813202960806,0.0,0.027480727140646633,0.0,-0.004456606966114819,0.0
1115,0.18316501028863832,0.11431663679230528,-0.0003346572172812848,0.005020686003243561,0.0071335983603294986,0.010221823629074759,0.016664613989544445,0.04988590006123245,-0.025026919030870072,0.0005182748502154973,0.044470043261452534,-0.008580482262434306,0.0,0.001149847700799775,0.0,-0.0001527398101117093,0.0,0.0027200598881987116,0.0,0.0055983638479998495,0.0,0.013438685156351509,0.0,0.0036715831200611884,0.0,0.03057862033392292,0.0,-0.004330853135455784,0.0
1116,0.25479122061840903,0.02929241549505056,0.00023204494849680003,0.009544256784722717,0.003728455012614132,-0.014298782154375392,0.01416132400816396,0.05270707743372228,-0.0044015909507857725,-0.00023904073952424673,0.03555576178323571,0.0005828271919407286,0.0,0.0005033270276016167,0.0,0.0014649096787803248,0.0,0.007532618235890347,0.0,0.010984869974145257,0.0,-0.0035394003996750334,0.0,-0.00809115891495934,0.0,-0.003085961771772761,0.0,-0.004411171394198137,0.0
1117,0.2562027406892243,0.028936620553747096,0.00022634927510453384,0.010204703431017426,0.005066421828342269,-0.015367120484119411,0.013225842647748585,0.05216741014582533,-0.0005969503148884058,0.0005149521516047863,0.034177515768274394,0.000971227037081237,0.0,0.0005077896788830495,0.0,0.001263107491025867,0.0,0.00755980851570244,0.0,0.011356037514992996,0.0,-0.0027477943280721836,0.0,-0.00812702685668067,0.0,-0.0059419079800295035,0.0,-0.004348588431976974,0.0
1118,0.251136893158686,0.028635897302542294,0.00022632779407401264,0.010464477862932337,0.00471486911560144,-0.01646613529135035,0.01393348057384143,0.056876573823574056,0.0047888480099428764,-0.0002711811375387132,0.034913813123375145,0.0010081008912267901,0.0,0.0004695598364369106,0.0,0.0012478121446116413,0.0,0.007786868747366554,0.0,0.011572406953236362,0.0,-0.002738925433145431,0.0,-0.008859454531018952,0.0,-0.005568608794848767,0.0,-0.004146212886089096,0.0
1119,0.25289685484751684,0.027839230319626557,0.00022632782175807155,0.010464483097350461,0.004605716173798808,-0.017286853379433816,0.015525371409507835,0.05843429542437459,0.010849477670568992,-0.0004808803324585534,0.035797253321208415,0.0014429477256368668,0.0,0.0004700252110649764,0.0,0.0013272934979780702,0.0,0.007649776414514347,0.0,0.011281442146536145,0.0,-0.00251262541938441,0.0,-0.008502174336036639,0.0,-0.0050321755236145274,0.0,-0.004084692500435025,0.0
1120,0.23861182482916382,0.02592050981387874,0.0002487981323102892,0.019885371232870586,0.01381217108306534,-0.01704217396684674,0.015403526154557413,0.05884196305255997,0.014115292562074652,-0.00015357959971401308,0.036138286982427506,0.0017999126027157478,0.0,0.0004355755210700629,0.0,0.0013547160463061529,0.0,0.007871180248049482,0.0,0.01079816162113826,0.0,-0.0019821319515870924,0.0,-0.008987479065157754,0.0,-0.0056181794852780366,0.0,-0.0038312428275525364,0.0
1121,0.21971372522765611,0.02305474145877184,-0.005655151191932793,0.01901772892006135,0.010751248976304596,-0.015414796266841578,0.011572793482303698,0.057899085277899054,0.014987179493452189,-0.013194108919620329,0.03397983922237136,0.0027881948143753973,0.0,0.00031430293725699876,0.0,0.001267852108159353,0.0,0.007305539175949611,0.0,0.010581113531918733,0.0,-0.003978141741780278,0.0,-0.011018983954752823,0.0,-0.0018515170423137404,0.0,-0.0037151447603222974,0.0
1122,-0.27197871088648884,0.04886402667426943,2.5298447899159203e-05,-0.0022579375187708117,-0.0019199274531210596,0.0045223474601810065,0.04521326548923336,0.058028332292067754,-0.013876622603763692,-0.013852832908978012,0.016647653412272416,-0.004756167600427493,0.0,-0.0009636121147124322,0.0,-0.0010758704613020307,0.0,-0.013533150630892587,0.0,0.0038117905366619907,0.0,-0.015227891832036879,0.0,-0.002326414751484296,0.0,0.007769993540558173,0.0,-0.002605160064845439,0.0
1123,-0.2793564219809781,0.04991572844067839,2.659965837575822e-05,-0.004136365232516067,-0.0031307770817965495,0.0051521522581223205,0.04047792779143425,0.05914968874631202,0.004351478128473812,-0.014822409417263961,0.018991725582060335,-0.004395022797922008,0.0,-0.0010921755390723605,0.0,-0.0011057070213852179,0.0,-0.014760041353310566,0.0,0.004561221968556511,0.0,-0.015254246282187,0.0,-0.0018491661758813782,0.0,0.01232020959586531,0.0,-0.0022317397019611575,0.0
1124,-0.27128869457286964,0.05036913138063332,1.209557978975775e-05,-0.005856324578605939,-0.004117768090590847,0.0036870295385504903,0.03820180398423316,0.06772548414662398,0.018156630615910257,-0.016051487818000816,0.01793108866553761,-0.003246061836590893,0.0,-0.0010641690851612197,0.0,-0.0010241716132751665,0.0,-0.02019627673380191,0.0,0.004375567111609578,0.0,-0.014705718941139742,0.0,0.0005271448599532136,0.0,0.011946588617182853,0.0,-0.0013164352238018192,0.0
1125,-0.2674198433314521,0.05017133591224431,-0.0003611419160280648,-0.00596240884154933,-0.003949845117529256,0.003395791889163025,0.03892638958500276,0.06900082329652169,0.027219242752982886,-0.015252391703632611,0.018019930681721048,-0.0031654258372024557,0.0,-0.0010641690851612197,0.0,-0.0010240277111411272,0.0,-0.019760186226009595,0.0,0.00437616034306255,0.0,-0.014540675901602759,0.0,0.0004936486524929413,0.0,0.011937345519414829,0.0,-0.0013151416978410331,0.0
1126,0.06529832938199331,-0.007114802066813154,1.6887346209698865e-05,-0.0027712850456304296,-0.0037832898731796887,0.026046767610939887,-0.0033985935691564044,0.001360161699593591,0.026073747827272165,0.17574798200487832,0.047720064421389395,-0.005243232045614222,0.0,0.0002100013417895487,0.0,0.00031475392539514986,0.0,-0.0015149264208665454,0.0,0.010086960108305227,0.0,-0.00850590437196571,0.0,0.0014834104557526948,0.0,0.010302121354795399,0.0,0.06746337127233158,0.0
1127,-0.043022586953397085,-0.13659840948908722,2.419855626376914e-06,-0.007046637259660478,-0.006164930805998192,-0.004397053946593859,-0.01181148920793875,-0.009466534659717737,-0.0017632130552767203,0.0025774673076234007,-0.02853349066396613,-0.00680013572367644,0.0,0.0002733529971050603,0.0,5.523188994514025e-05,0.0,-0.0022840947987725468,0.0,0.003674241962389938,0.0,-0.009572226750743236,0.0,-0.00144226068542867,0.0,-0.04193441192597698,0.0,0.01724639241637712,0.0
1128,-0.037057640071922804,-0.17533000879372537,-2.9917673601058065e-05,-0.00580962473375425,-0.005201827301321534,-0.005816957664345707,-0.01015252285994801,-0.0019121736855872856,-0.005523573804600263,-0.0010663302362349631,-0.03628296381451326,-0.006735105098531188,0.0,0.00027637483989422347,0.0,-6.43811372362786e-05,0.0,-0.0021707960329872223,0.0,0.003533272727061551,0.0,-0.009622018139992443,0.0,-0.0016025140562750007,0.0,-0.04673894951826062,0.0,0.014437990019564613,0.0
1129,-0.027479513878582676,-0.1883317647401927,-3.539664135298121e-05,-0.0076933331345709986,-0.006563630106573649,-0.007074364219412762,-0.010399664765359789,-0.0038181904702007004,-0.013385240227208321,0.001007374980228265,-0.034560237151996534,-0.006529147956045066,0.0,0.0002789150921969233,0.0,-7.058981603875503e-05,0.0,-0.0018927583370569562,0.0,0.003561406498853615,0.0,-0.009649765031124401,0.0,-0.002356628579910525,0.0,-0.04427746301699193,0.0,0.015214642138400953,0.0
1130,-0.031671925846208974,-0.17685843239163784,-3.503998588538646e-05,-0.006551366309352145,-0.005788648997594028,-0.0059432662777156725,-0.010555015752395334,-0.007330969535168109,-0.016077573412921667,-0.009343012890401705,-0.035161526106286645,-0.006735839982750559,0.0,0.0002874116029669714,0.0,-7.796395338736806e-05,0.0,-0.0016966185681202616,0.0,0.0036034050688396823,0.0,-0.008655212762811861,0.0,-0.0016120255020990802,0.0,-0.045237891189379584,0.0,0.013556185800734649,0.0
1131,-0.04410563168668874,-0.1628465575525072,-1.3239437285508437e-05,-0.003907317148382876,-0.003456471083435657,-0.005363117378585612,-0.011266142461121396,-0.014762336806285945,-0.01764878142384609,-0.010037011544198303,-0.0349382899083295,-0.0065870935268111715,0.0,0.00030802379560802406,0.0,-3.8867053705271464e-05,0.0,-0.0014493516999164416,0.0,0.0035447010122711085,0.0,-0.008589379679595605,0.0,-0.0009333177994368486,0.0,-0.044536006357420964,0.0,0.01362229251543742,0.0
1132,-0.05238021190181889,-0.15349906115518472,-4.2398082972025636e-05,-0.0018805979540454873,-0.0015315489954787066,-0.002713580517950089,-0.009134296519878184,-0.01821790855244829,-0.018030558811915294,-0.010816223373173445,-0.049341753332125586,-0.006892643016845168,0.0,0.0003140983978919984,0.0,-2.7479732331972664e-05,0.0,-0.0015929567065219264,0.0,0.0035549917697041767,0.0,-0.008788920045522688,0.0,5.8978491729863205e-05,0.0,-0.045542955088336674,0.0,0.01455258404168907,0.0
1133,-0.049350648749845086,-0.16077085047139678,-4.038671142498364e-05,0.0010284526608025262,0.0010269012760569334,-0.002851928048610559,-0.009911088193230107,-0.018417196079214097,-0.018619794734844604,-0.009911901937121364,-0.05130158868898891,-0.007041659417445312,0.0,0.00031124286981847255,0.0,-5.8981586374859485e-05,0.0,-0.0014913765707010715,0.0,0.003591599602533741,0.0,-0.008762426461627957,0.0,-0.0002109263900045873,0.0,-0.04346037759975216,0.0,0.014290494145836174,0.0
1134,-0.039051532369980886,-0.16031018941543604,-4.179459289979602e-05,0.0004095746404632182,0.0006529801009151573,-0.0024737420893688558,-0.010724673143599976,-0.016248050484526152,-0.016549456783590096,-0.013159967425251603,-0.062079933692193265,-0.007544392355561796,0.0,0.0003477377567827449,0.0,1.6513376597602904e-05,0.0,-0.001237227371423524,0.0,0.0036444167780317004,0.0,-0.008338670449988867,0.0,0.000565241308352838,0.0,-0.04426185709944971,0.0,0.013314013993930377,0.0
1135,-0.0331003945941931,-0.16456656771636696,-5.118628287630185e-05,0.00222229979903268,0.0015430900878818986,-0.001568642630561919,-0.010399279791963647,-0.018701288142986314,-0.016449380271944182,-0.012966129975760172,-0.06361921934393688,-0.007368003524896793,0.0,0.00035833713495931317,0.0,5.0091074803055235e-05,0.0,-0.001073327317358613,0.0,0.0036363735181955516,0.0,-0.008069343622578308,0.0,0.0001885618960825766,0.0,-0.04507519788629867,0.0,0.011938198272569506,0.0
1136,-0.02996437507387096,-0.1699396637034533,-5.0927986442642795e-05,0.0039047207718042667,0.004197544848822279,-0.0019438012097172924,-0.01053968351798447,-0.021731139769094375,-0.011492698484708925,-0.01256256507714188,-0.06222121477805679,-0.00729251618622336,0.0,0.000364988840392445,0.0,0.0001031909440066963,0.0,-0.0011225289802902305,0.0,0.0036644230840271064,0.0,-0.008180729606782856,0.0,0.0007417553149047803,0.0,-0.04927865393806528,0.0,0.011391433422340943,0.0
1137,-0.02666434425295579,-0.1685386745025868,-2.7904197559100666e-05,0.0032521815686437834,0.003925199317314906,-0.001820504388696145,-0.011257740856373549,-0.023210067534531524,-0.010090696663919449,-0.012500689228640154,-0.06251194297904444,-0.007039122222326176,0.0,0.0003527010272732844,0.0,9.00376881650304e-05,0.0,-0.0010042658366918116,0.0,0.0035469336609158146,0.0,-0.007867401666887474,0.0,0.0009764607469008931,0.0,-0.052567037542237044,0.0,0.011004436777701887,0.0
1138,-0.023029747109939193,-0.18011533240942396,-2.803084152394798e-05,0.003421332187570847,0.003892573468516606,-0.0003124976346028937,-0.013310257631964556,-0.01764599681871504,-0.003283665139804864,-0.012159018857170365,-0.0587805930286538,-0.0068206571575665275,0.0,0.00032479989100394767,0.0,2.8320615322662726e-05,0.0,-0.001167451500431408,0.0,0.00370825519142813,0.0,-0.0083473877465744,0.0,0.0007333668651607897,0.0,-0.05548090968073253,0.0,0.010894729183215622,0.0
1139,-0.0157757855638402,-0.18064591357980778,-4.5693160107523566e-06,0.0034944354866139012,0.003780224705404477,-0.0011163303303983988,-0.015399718723714222,-0.013459811942069756,0.005773546219734092,-0.011780288116818893,-0.049949267408994934,-0.006413325598848786,0.0,0.0003466384006821202,0.0,5.3874949139845996e-05,0.0,-0.0008256316358849412,0.0,0.003814689611423058,0.0,-0.00796377831860762,0.0,0.00012339300308409533,0.0,-0.053176191197810294,0.0,0.010728415251057553,0.0
1140,0.03381083127009319,-0.13143477789181526,-1.194200814333449e-05,0.003589243542308854,0.005488881339720039,0.0027255935489527167,-0.014215029163400991,-0.012453915991414785,0.006262847449994443,-0.015464008716124009,0.006117052693760264,-0.005558699509791679,0.0,0.000369053589165773,0.0,0.0002605956965889549,0.0,-0.00034477380447955176,0.0,0.004755698445443613,0.0,-0.007735209306451676,0.0,0.0014360143394059929,0.0,-0.0427918479198771,0.0,0.013532779051023082,0.0
1141,0.17676396803484457,-0.04003648359370861,5.5226167465491194e-06,0.01890428523138355,0.020084691493363026,0.023433452323295037,0.0028171510478611694,0.02660968903584558,0.021503053120050495,0.005688319980507142,0.0838948300513266,0.0002758962681730339,0.0,0.0004786035293212108,0.0,0.0006234615728868334,0.0,0.0014277634513273367,0.0,0.006384820948793262,0.0,0.005156358014107349,0.0,0.009337106833666849,0.0,-0.008950710616471295,0.0,0.01966367666286852,0.0
1142,0.1748596369483385,-0.025665850791772457,-1.6537035862964976e-05,0.018365463446337375,0.019098915204641354,0.01967219422041305,-0.0027986251608480162,0.03590783347489534,0.03089841469346327,0.005055439125918244,0.06723425808893264,0.00019596129637066288,0.0,0.0005845459806990512,0.0,0.00043942152180315126,0.0,-4.9684939469608045e-06,0.0,0.006789952645108784,0.0,0.006678940751449247,0.0,0.005464037816841672,0.0,-0.008445549691758758,0.0,0.016396267267178632,0.0
1143,0.04519035985425705,-0.0675273187521449,-3.652508986308353e-05,0.0004570775444042898,-0.0026791934946209543,-0.010530889324779052,-0.024133486980996675,-0.0020903997468188613,0.01429434927107734,-0.01737579752512177,-0.04826929475428966,-0.0060253573096889085,0.0,0.00040572342671540675,0.0,-0.00019242977509333658,0.0,-0.0015869241858032352,0.0,0.005037666860076628,0.0,-0.006419639752310849,0.0,-0.001192933646137916,0.0,-0.045142340587065004,0.0,0.008325762994525306,0.0
1144,0.003900856097287232,-0.08007865180694819,-3.339937780637548e-05,-0.0038528435209086776,-0.004304111266512003,-0.024008983338836876,-0.023968794007697657,-0.02237241409122191,0.011372495463838447,-0.019145352982441962,-0.08551189765502355,-0.008534726021619615,0.0,0.0003840864546268254,0.0,-6.730192076978184e-05,0.0,-0.002069887114918926,0.0,0.004101936992369915,0.0,-0.01053528477154178,0.0,-0.002461209730438659,0.0,-0.057151673637589905,0.0,0.006008876224444455,0.0
1145,0.010502947032371859,-0.056410284409980825,-3.403043088135665e-05,-0.0024961019221028187,-0.0021701505120176215,-0.02451581967292073,-0.02315658927735413,-0.02874286959235387,0.014042381440609406,-0.015434122413141389,-0.08138884314085604,-0.00863388584374031,0.0,0.0004211503618198078,0.0,0.00010140334055206053,0.0,-0.002479205794617887,0.0,0.0043714855386874215,0.0,-0.009615503485232688,0.0,-0.0013042840501144284,0.0,-0.06635793454133355,0.0,0.006291887875439386,0.0
1146,0.027824533547969956,-0.02395742211785105,-3.535553098377165e-05,-0.0012042735518717827,-0.0023766102396539706,-0.020064584331596566,-0.017163034641123436,-0.02754253201349749,0.019751317903575837,-0.005055646157065835,-0.07571526279016878,-0.00792642426443067,0.0,0.0004594818147948271,0.0,0.0004373633599820106,0.0,-0.002326480417320167,0.0,0.005049896386414508,0.0,-0.0060821453771615335,0.0,0.0008562486777378641,0.0,-0.0651196567362586,0.0,0.008260516757627588,0.0
1147,0.03648478916451457,-0.018398211125330237,-5.764713697916511e-05,-0.002241489161342174,-0.0021391861259008817,-0.014616275424949412,-0.014175435317982462,-0.026399347263990604,0.022519947668570538,-0.0038997645720094147,-0.07287701471957382,-0.008279700804427107,0.0,0.0005088527202679005,0.0,0.0003838733137951445,0.0,-0.0019043076713175962,0.0,0.005281592368047928,0.0,-0.003762259577015749,0.0,0.0020071263146297902,0.0,-0.06261400429545483,0.0,0.010279711836081309,0.0
1148,0.04741390525068974,-0.018265885545721325,-5.682932918455034e-05,0.0007106404038448369,-0.0008403553363078173,0.0018612630643517886,-0.013768307153030668,-0.02592291773007321,0.023948002764510288,-0.0017654845235393955,-0.06688855975571081,-0.007454779678099543,0.0,0.0005596759843037441,0.0,0.0004016983890881738,0.0,-0.0021183802341306263,0.0,0.00585755152848,0.0,1.7762757359468397e-05,0.0,0.00324394309628854,0.0,-0.05728988521442082,0.0,0.011268034851382856,0.0
1149,0.0710263257522251,-0.01602658335720851,-5.9427312423483215e-05,0.0015093506370604639,-0.0017596703895868602,0.005885419674857628,-0.011133387644489422,-0.018991116514789384,0.023889700294716255,-0.0013115902594352453,-0.06384360175300881,-0.007993722399128426,0.0,0.0005897863031478058,0.0,0.0002618339118795201,0.0,-0.0012349840812971367,0.0,0.006960153446918741,0.0,-0.003654638459732277,0.0,0.0014726121990814708,0.0,-0.05003115131031845,0.0,0.01121708239076235,0.0
1150,0.06601273164812035,-0.010424556890346458,-4.4197498254082094e-05,0.004377745993012399,0.0013250342406840943,0.009106856607331935,-0.018972410704592123,-0.014802434330853124,0.017609107402285867,0.0009653504693657028,-0.06200601973016973,-0.00944426368311054,0.0,0.0004918795163123464,0.0,0.00037675186580789563,0.0,-0.0006829023449744078,0.0,0.007640983216546373,0.0,-0.0018513072042530025,0.0,0.0025347562602403657,0.0,-0.04781496536574461,0.0,0.012441365755781177,0.0
1151,0.0940060438834725,-0.010507736807706523,-4.4197498254082094e-05,-8.14165340368672e-06,-0.004021924541664948,0.010124247501031825,-0.015518173659056387,-0.016886280825445816,0.008556624221058653,0.004264283248762236,-0.05916344036108329,-0.009548792337019303,0.0,0.0006928859588310617,0.0,0.00033743352776030095,0.0,-0.0002959173138184747,0.0,0.008987042382775517,0.0,-0.003527796227680124,0.0,0.0029745035440161493,0.0,-0.04045371431843854,0.0,0.014836762315608414,0.0
1152,0.14225968200351755,-0.010209837144585938,0.0013466287896435232,-0.0006807338023438751,-0.004454457199753017,0.01130701706296422,-0.018480374230659714,-0.014010375454941104,0.015141518342687683,0.005458937651207901,-0.05005603043129913,-0.008108532761290836,0.0,0.0007877667176117793,0.0,0.00047040104693339224,0.0,0.0006979058055772483,0.0,0.011483455122055824,0.0,-0.0088808830515038,0.0,0.0024319408110867816,0.0,-0.024948336540396045,0.0,0.017140635752896496,0.0
1153,-0.17653486894445775,0.04402298056047702,1.1701486783840433e-05,0.12021347201015727,0.11820682106103199,0.01484835109407949,0.03377191551057854,0.07260490854380086,0.024240680456190447,0.00665040015810317,0.01666000582223928,-0.008539656513027695,0.0,-0.0010699118864710296,0.0,-0.002252710654169794,0.0,-0.012487153759270628,0.0,0.004383049899814822,0.0,-0.009877582347478032,0.0,0.0033310746302329186,0.0,0.013869886019438242,0.0,-0.0009632986407455496,0.0
1154,-0.18191653308802555,0.04483284409295516,1.1701486783840433e-05,0.11546734400432263,0.1137135620867113,0.008569614206491145,0.034552260738790606,0.06750584694978268,0.026720982025917245,0.004096444724570207,0.014367805657267594,-0.008530027931927683,0.0,-0.0011604430673125188,0.0,-0.002233668569178218,0.0,-0.01255625359164863,0.0,0.004569349153277215,0.0,-0.008426331361373076,0.0,0.00393440359595587,0.0,0.01412149125462537,0.0,-0.0011588289792467741,0.0
1155,-0.19470935669971154,0.046139476463269595,1.196756008153044e-05,0.10971349117308962,0.10964030889857904,0.0086134771402922,0.034989834025679505,0.0673199916994803,0.019194275117368757,0.006042734644712638,0.011677749711318113,-0.008592494941481078,0.0,-0.001144831463248922,0.0,-0.002306940092115365,0.0,-0.012573236550150775,0.0,0.004408355696779024,0.0,-0.00834527316923069,0.0,0.003949371003615623,0.0,0.01451282448759459,0.0,-0.0011429353663996733,0.0
1156,-0.19251466909720932,0.0458844410112164,-0.00036765456293927525,0.10925409496489716,0.10913871162328542,0.013246304483536997,0.03514821234640878,0.07198118721045808,0.019701224976504603,0.00439094902844484,0.012039157375872451,-0.008587998401870068,0.0,-0.0009172570326318326,0.0,-0.0023111588401611136,0.0,-0.012550765972787157,0.0,0.00447134871695663,0.0,-0.008220060205224672,0.0,0.003948973055626899,0.0,0.014883491397710885,0.0,-0.0011526286446130586,0.0
1157,-0.2062576952971722,-0.049729799721562294,4.54048295234834e-05,-0.002089382332199218,0.001177728555383231,-0.005222749263527217,-0.007487018476009389,-0.020074178464423973,-0.020165781595510034,-0.03243917725165755,-0.02550060507728966,-0.008148719196182735,0.0,0.00028146558482213674,0.0,-7.182111688562679e-05,0.0,0.0032747403994004757,0.0,0.002812785125654232,0.0,-0.0017167618201415276,0.0,0.00038904978716140256,0.0,-0.015739697114607362,0.0,0.03253974898832464,0.0
1158,-0.21188732374224736,-0.05172406950115994,4.538096644038156e-05,-0.0019733563210789827,0.001051138962299903,-0.005384563551687549,-0.009290103741360613,-0.020535662056564343,-0.020347946758160308,-0.03190963378745646,-0.023841997741035036,-0.008231610057356635,0.0,0.00028203878393902277,0.0,-8.132252508262859e-05,0.0,0.0032412774260585585,0.0,0.002872946617303142,0.0,-0.0017409616505977734,0.0,0.0006235303429138652,0.0,-0.015762811867123024,0.0,0.0315240408837595,0.0
1159,-0.21801088880991976,-0.05204931542600939,4.4625943161913804e-05,-0.002192039945223628,0.0007338899793335613,-0.004867995551181642,-0.009204657166765363,-0.019822046500458757,-0.020338413943724484,-0.031203181909505672,-0.018645181130346543,-0.008120961736551049,0.0,0.00028331676064758115,0.0,-7.013618118600508e-05,0.0,0.0030767994172188192,0.0,0.0028846902480037405,0.0,-0.0014833836373633414,0.0,0.0010006543525345,0.0,-0.015543211684697807,0.0,0.03045642760383617,0.0
1160,-0.2271627621345099,-0.05225748294584347,4.5276037603192964e-05,-0.0019426380787586997,0.0011193480404349343,-0.004605017912795391,-0.009406950942561759,-0.018894858667138116,-0.020045196581885527,-0.030503535815331467,-0.011820193597494562,-0.008051560786901292,0.0,0.00029862459886133627,0.0,-5.3385782726036964e-05,0.0,0.0029269448852884644,0.0,0.0028635557105711955,0.0,-0.0012154358317243215,0.0,0.0011909150196451473,0.0,-0.015530379391502687,0.0,0.029973724858571315,0.0
1161,-0.22767126354352107,-0.05275316702268571,4.5303892848007804e-05,-0.0017850803419562898,0.0010240771695563422,-0.0042292473915762725,-0.009401893199608565,-0.018886107735981587,-0.019757861289844025,-0.030476933116622987,-0.011757956767515107,-0.008022819433232206,0.0,0.0002992405701735855,0.0,-5.302778307535028e-05,0.0,0.0029299783842700114,0.0,0.002888596234082818,0.0,-0.001229527547219778,0.0,0.0010132349183541607,0.0,-0.01552680286139995,0.0,0.030280247546756005,0.0
1162,-0.2222159757360351,-0.049326049888809266,4.644816690567709e-05,-0.0022707206253246397,-7.51212552836644e-05,-0.008701089572718932,-0.009053461777753184,-0.01910091391998744,-0.020449324372764005,-0.03095650663554094,-0.012443992125921408,-0.00871769776422647,0.0,0.0002879514884677328,0.0,-6.103401561911705e-05,0.0,0.002593265459541186,0.0,0.002869547900025331,0.0,-0.0008216256886774614,0.0,0.0012890253299088932,0.0,-0.014767844998259578,0.0,0.028804110713874547,0.0
1163,-0.20909369741004444,-0.047677076843602825,5.121928806623186e-05,-0.001891563413440649,4.5565523310035565e-05,-0.009669046469625195,-0.009066816508470606,-0.019085354427754466,-0.019743382328436296,-0.03181324831824349,-0.024692542476019225,-0.009808952124137118,0.0,0.00028349399550720673,0.0,-7.61346601637113e-05,0.0,0.0031994248790321936,0.0,0.002841844817890177,0.0,-0.0009866540674099199,0.0,0.0007922862638031243,0.0,-0.015590447266117791,0.0,0.03002864046032144,0.0
1164,-0.21027462202772126,-0.04666372394892157,6.689769004619628e-05,-0.001970608410437818,-0.00020763813966521603,-0.009997082153148757,-0.008697854896196535,-0.01889999228933486,-0.019044808834997238,-0.03196093607524009,-0.025274100349085015,-0.0103405460666301,0.0,0.00028006309388531493,0.0,-5.104928362600553e-05,0.0,0.0032753856258773213,0.0,0.002843343048941762,0.0,-0.0009672432682199509,0.0,0.0007711955008023184,0.0,-0.015942781877106783,0.0,0.029985093342580805,0.0
1165,-0.20760254787394156,-0.0456682593879589,6.70271068574172e-05,-0.002607237717622928,-0.00028757870963392007,-0.010636961121631677,-0.00895893316706473,-0.018066892588361375,-0.01769939434902924,-0.03230561766479236,-0.02667213910243138,-0.010327675595190693,0.0,0.00027925280021202405,0.0,-5.237920698266252e-05,0.0,0.0027642462969134896,0.0,0.002874094194110888,0.0,-0.0011811189580883316,0.0,0.0008532346638371979,0.0,-0.01604986387407934,0.0,0.03044487140200551,0.0
1166,-0.19941868220351017,-0.04563942291645983,6.72784573566922e-05,-0.0037364634936691925,-0.0019207402153581523,-0.010491266472393715,-0.006290849280515755,-0.010177180272117997,-0.01273445246866952,-0.0314580807279571,-0.026097210988061517,-0.010088698261478965,0.0,0.0002636504908299745,0.0,-4.8004823954128074e-05,0.0,0.003546063810744996,0.0,0.0028329205897762787,0.0,-0.0013959716463326614,0.0,0.001134879601035941,0.0,-0.01623238702719072,0.0,0.03725208727693182,0.0
1167,-0.19090166145194679,-0.04034029174428584,6.710300890999329e-05,-0.0029555139513787283,-0.0013954937198741681,-0.01091510998426778,-0.006905882680900998,-1.640476294610019e-05,-0.014388555718350926,-0.024902120299434498,-0.025062903279428717,-0.010543491953706501,0.0,0.0002867336031027405,0.0,-4.77954886805268e-06,0.0,0.0058852910603332045,0.0,0.0027707217281466717,0.0,-0.0011712621110821842,0.0,0.0015918786769224208,0.0,-0.014809705309762755,0.0,0.047821647174313614,0.0
1168,-0.06411741652283315,0.020464304787612613,6.718256308152824e-05,0.016858859626272833,0.017100113352111642,0.006863061451054615,0.008121505301534403,0.021958980138803156,0.019965157165560344,0.08783258812282342,-0.004579938973038044,-0.007219272304613309,0.0,0.0002945103108461798,0.0,0.0003759350224429823,0.0,0.026558846002165813,0.0,0.0030432111863811875,0.0,0.0019179282521168668,0.0,0.005331019452146745,0.0,-0.012966997019418385,0.0,0.11993189598822881,0.0
1169,-0.17523612957376972,-0.03402551124077738,6.834738557192335e-05,0.004171106114696148,0.0036728879813156517,-0.006742439233211221,-0.01515915895280277,-0.018378683703832454,-0.008083310472805279,-0.031848124226186825,-0.022861623342252002,-0.010982586724137555,0.0,0.0002901347756426627,0.0,2.5663827372350653e-05,0.0,0.006337563363341324,0.0,0.002777657986768531,0.0,-0.0007311663865681869,0.0,0.0013015351700015301,0.0,-0.015141497561377516,0.0,0.04360407940980277,0.0
1170,-0.16988262686431668,-0.03677013688664265,6.78289723071713e-05,0.0020160361025069427,0.0016532102345924342,-0.004911868178420852,-0.01688949624518567,-0.02113456569622308,-0.01090788683258836,-0.03019994875795281,-0.010456753078946827,-0.011137669422975005,0.0,0.0002928208068797387,0.0,-1.821013229010102e-05,0.0,0.006720145038835435,0.0,0.002597023177609853,0.0,-0.000625293998773506,0.0,0.0012872183458497073,0.0,-0.015475124074831632,0.0,0.052493997344628555,0.0
1171,-0.013524159558545369,0.05729905856696186,6.253379394075538e-05,0.01895906062618325,0.021856095351145653,0.022995415611794367,0.0029216101987778412,-1.0103964156949064e-05,0.1041147266934857,0.06154532691675062,0.024802041298994888,-0.004899046142387167,0.0,0.0002777085724934879,0.0,0.00021880902594631165,0.0,0.0317850317950866,0.0,0.0027560424133646097,0.0,0.0021483240601145094,0.0,0.004738857789428443,0.0,-0.013743293685303958,0.0,0.11799407883450662,0.0
1172,0.016565214225667115,0.07555199806688362,3.715203973737741e-05,0.02024818823144199,0.027867626113365348,0.05459085457108498,0.01031285282323879,0.012794096101353227,0.11134787958997759,0.05434917997516854,0.027269962340327636,-0.004229897210410188,0.0,0.00025913158424809533,0.0,0.00023146253479620947,0.0,0.03542427308639009,0.0,0.0027026889098573175,0.0,0.002306748301062457,0.0,0.005267636873239094,0.0,-0.013240859285374457,0.0,0.12456586668670624,0.0
1173,0.021969910272399615,0.07320624064872086,3.5587633302710156e-05,0.02198924440689222,0.030723045896043598,0.057157858636095446,0.009121343394422644,0.013059193696551365,0.12260430247290073,0.05540063202157643,0.026509144981421418,-0.003653697919213843,0.0,0.0002621104904811517,0.0,0.00041548000357645616,0.0,0.03541594660430526,0.0,0.0025839978401978334,0.0,0.0020842702509950503,0.0,0.00506058687086213,0.0,-0.012960161416386074,0.0,0.12337124696153536,0.0
1174,0.0022651632571495084,0.057814381975751755,4.763722080299241e-05,0.018605555615887292,0.028497279320180056,0.05316519264880073,0.004081992061959658,0.009223518288774867,0.11748278117454442,0.048948149645925705,0.01587541797713605,-0.004554642058812005,0.0,0.0002621556878476613,0.0,0.0004157987332551513,0.0,0.03280862522049474,0.0,0.002355232002882977,0.0,0.0009755004466577477,0.0,0.004623194028372023,0.0,-0.013907304821472085,0.0,0.11141092377691704,0.0
1175,-0.12670298429650703,-0.041095052731658935,4.332765739103154e-05,-0.008272683268426844,-0.008034561397970626,0.009371276159126442,-0.019699536801384265,-0.016338678405126768,0.03973320664889835,0.01588356398661387,-0.022637145309770432,-0.0067516039942716825,0.0,0.00024951524524468736,0.0,0.00012800808832868303,0.0,0.012353835208366505,0.0,0.0015751298166027164,0.0,-0.0041588542853384265,0.0,0.0024158936460681674,0.0,-0.01655333164681009,0.0,0.05920042698882725,0.0
1176,-0.1417484792038478,-0.06010627645384655,4.3585038209966736e-05,-0.011513406282749092,-0.01152410179882398,0.002108617176818971,-0.020354640121760522,-0.010041340865023236,0.021724999259941574,0.013503385503637954,-0.03135637491355624,-0.0068897368734032885,0.0,0.0002507293385703398,0.0,6.39857394185636e-05,0.0,0.009301873931896243,0.0,0.0015386073112134493,0.0,-0.00481269850928617,0.0,0.0017245597095107313,0.0,-0.016881895330478534,0.0,0.05402287766742002,0.0
1177,-0.13491159306188702,-0.06019267408492783,4.370206299443752e-05,-0.010066438838824868,-0.009866005630624014,0.0004727583352157012,-0.019268711548285317,-0.004899915322882349,0.022360282791217642,0.0140396072256293,-0.03175387799653961,-0.00666135616304686,0.0,0.0002492737942552471,0.0,0.000176116128520713,0.0,0.009696024406682073,0.0,0.0015803645638288052,0.0,-0.005202718670876374,0.0,0.002066696535745574,0.0,-0.016921151257097467,0.0,0.0526552740793728,0.0
1178,-0.13803891917424102,-0.061201888812347484,4.369101554598344e-05,-0.008908460491901575,-0.00857910629026382,-5.107498214845623e-05,-0.019691793713604206,-0.001873586476565283,0.021580868529219453,0.01521326061523458,-0.03207846469052766,-0.006564281904268469,0.0,0.0002471638373412077,0.0,7.195756320643958e-05,0.0,0.010572441696384723,0.0,0.0015791940209280465,0.0,-0.005353129283435953,0.0,0.0025705198863699118,0.0,-0.016899721084044972,0.0,0.0587869647162241,0.0
1179,-0.11925312403966498,-0.06119237292654866,5.1938505934180275e-05,-0.005000147813577261,-0.0034588170886681036,-0.004734285401987376,-0.00011685519926717654,-0.007473119768740216,0.033945108018171195,0.025542980806662688,-0.031440208324811265,-0.006576405001446213,0.0,0.0002496358747719113,0.0,2.4450560320092595e-05,0.0,0.014675750345021027,0.0,0.0016873556311916716,0.0,-0.005586919786170714,0.0,0.0033592891888829884,0.0,-0.017026338870671318,0.0,0.06309895069275931,0.0
1180,-0.12965809411069268,-0.061779146672578784,5.172984699138548e-05,7.877050868385097e-06,-0.00026559412473629754,-0.006324757872321305,0.0004095912057881559,-0.012832522236966173,0.05051894779661876,-0.014479180535302756,-0.029731154276153516,-0.007925685539357812,0.0,0.00026359718398668615,0.0,-4.9118099594673816e-05,0.0,0.010297248033234986,0.0,0.002094489765952219,0.0,-0.006727344274746909,0.0,0.0028767546038880507,0.0,-0.017134006654860846,0.0,0.04187911798104864,0.0
1181,-0.13847348241498006,-0.061427865677642676,6.753689276527411e-05,0.0015621908965658415,0.0004330733722129794,-0.006484688392131583,-0.0014112628997565632,-0.017366854455158717,0.046575174779286146,-0.022713705289549434,-0.030011078215198,-0.008722133465024907,0.0,0.0002970549801434615,0.0,-6.999061491773733e-05,0.0,0.007906695041372185,0.0,0.00219424745112178,0.0,-0.00709137404301297,0.0,0.002827245611122836,0.0,-0.016751445045095834,0.0,0.045544909440374585,0.0
1182,-0.14435513977201736,-0.06151133670884289,4.6168780204231796e-05,0.0020063379356940227,0.0017333722060127103,-0.007032305105460044,-0.004700931096103323,-0.01717585285501331,0.03770474873115468,-0.023761007491153004,-0.029151900987973448,-0.009047168730821944,0.0,0.0003005333356662619,0.0,-1.422322330277862e-05,0.0,0.006053514760471317,0.0,0.0023339930680450044,0.0,-0.006799076296670306,0.0,0.0028381344269742498,0.0,-0.01679197173570002,0.0,0.044074130523413906,0.0
1183,-0.15331860464355046,-0.060383202277058436,-0.0006141256089065097,0.0009753007431473133,0.00056534599607044,-0.006054718694961783,-0.007573850888090325,-0.015100447089933397,0.015094233870041478,-0.025480653991487322,-0.028452547617908427,-0.010345026484222088,0.0,0.00030542612790395145,0.0,-3.1205233288141846e-05,0.0,0.004031429793453245,0.0,0.002537014726468833,0.0,-0.004600532922078317,0.0,0.0025774824661797986,0.0,-0.016489129031995987,0.0,0.0455507835449278,0.0
1184,-0.2604699903044285,0.05112481096408155,1.5059920701086117e-05,-0.00609414534223727,-0.0035637312316468108,0.010006287990531664,0.0527740556260249,0.0929702129704597,0.014891903738749443,0.00022548272413647381,0.025525677081623795,-0.00042358414375258933,0.0,-0.00035722756587274433,0.0,-0.0005708287979398669,0.0,0.01701767055345808,0.0,0.004773991526107295,0.0,0.0042562666020687446,0.0,0.0027288098521790157,0.0,-0.017964180405685638,0.0,0.016952829236444547,0.0
1185,-0.26113417784914505,0.051010183232971774,1.512874744433641e-05,-0.005931950859381272,-0.0032491575985269454,0.011156250794091084,0.05092691548521692,0.09254301189515501,0.016758262856752044,-0.0017570596405510643,0.020738524484718905,-0.00016447397445343962,0.0,-0.0003573002681336645,0.0,-0.0005868170270308016,0.0,0.017532394372482118,0.0,0.00488092068279261,0.0,0.004033326307173286,0.0,0.0028965424985934545,0.0,-0.018068817344841344,0.0,0.016984823036364175,0.0
1186,-0.2560910335890254,0.04988597912307343,1.484441718541536e-05,-0.005882423531016013,-0.002648103958276891,0.010408300957589952,0.05099471183408481,0.09460706694445549,0.02182264955643419,-0.0015502601337196388,0.01894434264560853,-0.00023038737644563234,0.0,-0.0003575597862595466,0.0,-0.000584583113514228,0.0,0.017592011962282727,0.0,0.004947513054399379,0.0,0.0038800010024675497,0.0,0.0029883769734642394,0.0,-0.018161887804216313,0.0,0.01771408474707995,0.0
1187,-0.2550385279747223,0.05040375820820877,-0.0005061323462023197,-0.005958141100594874,-0.002895118259205535,0.010020441518214056,0.04871009352728312,0.09597573813288827,0.022643825437887274,-0.0004947774564113804,0.01960261977623844,-0.0003293611565108306,0.0,-0.00034415828260271603,0.0,-0.0005227455952769055,0.0,0.01697430204087079,0.0,0.004736917834336191,0.0,0.0039341566895265976,0.0,0.0029673781108972945,0.0,-0.018211068345837113,0.0,0.01774301139932687,0.0
1188,0.3254953186797445,-0.0018041412267231197,0.00027397502960781975,0.013325699843777928,0.013879367519414874,0.00267987655000228,0.021974699246291002,0.05574809494197218,0.014797567759711718,0.006511441413772071,0.041733954518532804,-6.170225468525547e-05,0.0,0.0016099184661230268,0.0,-0.00028999299663016954,0.0,0.011226918918974297,0.0,-0.009718135602199099,0.0,0.0003983393896264661,0.0,0.0005972884600107617,0.0,0.012202779260492642,0.0,0.010016626567115888,0.0
1189,0.32308472881043904,-0.0009209586901618748,0.00027397502960781975,0.013317862790829131,0.014166162286199272,-0.0003761303002657696,0.022003839554389688,0.05533200942487985,0.016084690996272515,0.006131574410362742,0.043083972958367064,7.103054753702387e-05,0.0,0.0015674416136747203,0.0,-0.00028061298516443133,0.0,0.011053259805759696,0.0,-0.00888066660225875,0.0,-0.00010718304825555052,0.0,0.0005722779491187731,0.0,0.01224070701902423,0.0,0.009942776449252708,0.0
1190,0.32709227086523235,0.001276188202800892,0.00027397502960781975,0.01408915353237038,0.014448680971361936,-0.0016036050515901461,0.02273512677312446,0.05538777893514969,0.017839111278759208,0.006441052875937823,0.056428780608157376,-8.944728355892589e-05,0.0,0.0015766001983331512,0.0,-0.00016347767971652586,0.0,0.012754414025908812,0.0,-0.007324305635779786,0.0,0.0021935214328899985,0.0,0.0006857139308272548,0.0,0.01255821227217395,0.0,0.00860665032151068,0.0
1191,0.3250464182099022,0.0018529114000395714,0.00027397502960781975,0.014025717208026256,0.014436089496681723,-0.0013555482032550363,0.02233342428901866,0.0565085301273407,0.01756351972518975,0.006276062718859325,0.056627291667615945,-6.543437936307552e-05,0.0,0.0015659496552225326,0.0,-0.0001694728424186014,0.0,0.012564836714579667,0.0,-0.007386665767945963,0.0,0.0022144031814664315,0.0,0.0006846950328087474,0.0,0.01254340527775271,0.0,0.00854771882970852,0.0
1192,0.31277572245246893,0.0018888531947278582,0.00027397502960781975,0.01378621101565655,0.014066683433668516,-0.001965788288116919,0.01978979351541815,0.06545511396130578,0.018554110573785025,0.005837223019678876,0.05626579497139248,0.00017568903261055022,0.0,0.0015104235502995662,0.0,-0.0002521277062776367,0.0,0.012284613507305015,0.0,-0.0073615708909689865,0.0,0.002328136779292945,0.0,0.0007045450004872938,0.0,0.012283448410591095,0.0,0.00897556741193149,0.0
1193,0.30569292262290854,0.0019456176597562346,-0.005803151901044764,0.013209834661731127,0.013807140514726972,-0.0022131180829858725,0.017407667244220673,0.0648265797460053,0.017335132846012024,0.006764906214054024,0.05705697665200405,0.00034540831614550237,0.0,0.0015037247207302642,0.0,-0.00025015586726800666,0.0,0.011522363224550131,0.0,-0.006785973853125916,0.0,0.003452713739535456,0.0,0.0006530689259843729,0.0,0.012298983905037371,0.0,0.008945821428615847,0.0
1194,-0.22389959926661646,-0.007402615209478518,2.0641297024657438e-05,-0.0045658376282329315,-0.0033956396480934,0.03627291663396384,0.05228213616921282,0.10083719135182331,0.031113186972651335,0.004940738422648929,0.027532704403328945,-0.003652620467334133,0.0,-0.0004590423849457169,0.0,-0.0006010847706171973,0.0,0.026920031762992156,0.0,0.01792054330139073,0.0,0.0007159232962786526,0.0,-0.0016609175664938798,0.0,-0.021012943480791645,0.0,-0.001240704609813101,0.0
1195,-0.22347440445176747,-0.01052792054487027,2.0553270945417227e-05,-0.004879559362628255,-0.0032575838617304185,0.037669605637228654,0.054298766298703297,0.10345836480992263,0.031986636767229695,-0.0011209291418913612,0.02944960190787917,-0.003949434809659965,0.0,-0.000478814048702946,0.0,-0.000522356050445712,0.0,0.026829966325074922,0.0,0.016297224153725906,0.0,0.0006844029696114792,0.0,-0.0016589058604557026,0.0,-0.020948381278533997,0.0,-0.001448960616061183,0.0
1196,-0.22509853422727363,-0.011021809202367413,2.077750212420131e-05,-0.00468638830990248,-0.0032254142709332388,0.03828805561628383,0.05446570217907915,0.10008188604400128,0.031078372548042014,-0.0016152401343640444,0.026883497775485418,-0.004155740521123019,0.0,-0.000478709697280834,0.0,-0.0006835152538401082,0.0,0.026441672068187823,0.0,0.016315501456580058,0.0,0.0005930826983383503,0.0,-0.0012613080829998867,0.0,-0.021000739489462086,0.0,-0.001461822446299584,0.0
1197,-0.22219084082623136,-0.01353758788488981,1.8163609321939813e-05,-0.0038146271924414145,-0.0029728420114594287,0.036217150913423916,0.053469781821804736,0.09799190714091159,0.030154293760006914,0.016141342360801995,0.02591301541880062,-0.004049813999332661,0.0,-0.00047980371846174995,0.0,-0.0008155719755333397,0.0,0.029277527099779526,0.0,0.016223638955218597,0.0,0.0006808543872653767,0.0,-0.0011181742019236015,0.0,-0.02027547860883884,0.0,-0.0028122217713397904,0.0
1198,-0.19141546476283236,-0.00879116020055362,2.2978308317761844e-05,0.0047012382520315015,0.005237897430123954,0.030607170326177702,0.04365045023949048,0.0621045494913545,0.02597169060443223,0.11380041305070063,0.029145829816664665,-0.00406967455695549,0.0,-0.00044085877850985036,0.0,-0.0007312327755880661,0.0,0.019816196022701748,0.0,0.010312194459232852,0.0,0.0005175406836700144,0.0,-0.0015737476832099358,0.0,-0.01396091030627403,0.0,-0.0013989277311176982,0.0
1199,-0.19086836129478488,-0.008560973767327833,-0.0004725183508814004,0.004684031309558255,0.0052143191605424815,0.030644524100976296,0.04517884289725685,0.06030816843022799,0.025432747204371185,0.11478679768366414,0.03256869405711296,-0.00405235308979399,0.0,-0.0004382704810740992,0.0,-0.0007094656930174336,0.0,0.019757717892342288,0.0,0.009817362911971625,0.0,0.0005267737187604103,0.0,-0.001682011277973567,0.0,-0.013919844003784399,0.0,-0.0013543048203032238,0.0
1200,-0.08611258212696966,0.03824097066410085,1.2897500455298449e-05,-7.175980225737485e-05,0.0010248830097457124,0.006891010648162694,0.02239094999914669,0.1511896463280389,0.08251967056072528,0.003228495108849496,0.024298117897764357,-0.005378745168611859,0.0,-0.00015406052578796444,0.0,0.00010036414341885705,0.0,0.018100382191325235,0.0,0.020984419392996286,0.0,-0.005382595110289735,0.0,0.0008295867738187471,0.0,0.016942520389422146,0.0,-0.0017184697828552962,0.0
1201,-0.08896239741065136,0.03390387806311989,1.3914953693271913e-05,-0.00029647473710867143,0.0005995321997809029,0.00922500231858623,0.02238638322399968,0.15529752982744913,0.0863684986534047,0.002035058699246044,0.0243018542704796,-0.0050313937272879064,0.0,-0.00014343875673158315,0.0,5.47201186311938e-05,0.0,0.01839079798442529,0.0,0.022160347755874568,0.0,-0.004968022059791904,0.0,0.0011224907363620695,0.0,0.017671331298591206,0.0,-0.0017196383902245492,0.0
1202,-0.09128482791818367,0.03548958960857114,1.3782910316078578e-05,-0.0005259552892356151,0.0006187303536909699,0.009157510445706174,0.02179881630128987,0.15696326958965753,0.08698879366487167,-0.00107205575158853,0.025099761454516405,-0.0050414470971161295,0.0,-0.00014237284568260257,0.0,4.2357341114003425e-05,0.0,0.018840368260302852,0.0,0.019573173933814955,0.0,-0.004920324264398498,0.0,0.001089251883178694,0.0,0.018423095430064512,0.0,-0.002057247687028791,0.0
1203,-0.09060427154674013,0.03492469871820918,1.3812404113161677e-05,-0.00034907817884901617,0.0008561501226603985,0.009602795794799312,0.022470978305478333,0.15623815922166073,0.08769168622068872,-0.0030362025699094196,0.025174681465181394,-0.005135486663489284,0.0,-0.0001368186697476453,0.0,-7.698659509882461e-05,0.0,0.01858832990032225,0.0,0.019530266613784028,0.0,-0.005334607186877789,0.0,0.0012255813346339801,0.0,0.018449820537358844,0.0,-0.0021578071369793878,0.0
1204,-0.09202587011996395,0.03617719827145989,1.405976074264278e-05,-0.0001239301443577045,0.0010449819125820743,0.007607459509342805,0.02261253037497671,0.15786919690372453,0.08795385895689954,-0.004051002711663804,0.022004542134847937,-0.0054015929987281785,0.0,-0.00013486131757886892,0.0,-0.0001328722752389679,0.0,0.01813829041373092,0.0,0.01945090027707685,0.0,-0.0053033180707388675,0.0,0.0013280990033089663,0.0,0.018640967896687177,0.0,-0.0022072086165594224,0.0
1205,-0.0861559989632716,0.04558248855364235,-0.00036243264778930884,-9.337218087372534e-05,0.0012810556598640383,0.006972474865966181,0.022852682389893915,0.14859610729081688,0.0832051078150712,0.014374721654503257,0.020698412034195094,-0.004997221710815305,0.0,-0.00011678995339481332,0.0,-0.0003070132346796713,0.0,0.018745996308012085,0.0,0.01921489193085897,0.0,-0.004699026884032769,0.0,0.0016255786417328675,0.0,0.018322349014899424,0.0,-0.003381489701453439,0.0
1206,-0.24013115008570618,-0.013755016668481435,1.4562483541981545e-05,-0.004629584676367611,-0.004052293746806723,0.01921122199596341,0.03853180375065692,0.0685254296182471,0.028615314178983477,0.11795178421239391,0.02183894654330894,0.0015812234467983222,0.0,-0.00017810458516886267,0.0,-0.0006024676978500476,0.0,0.019570166716347415,0.0,0.007751108436610252,0.0,0.003967561986850004,0.0,-2.2001080694282102e-05,0.0,0.020055968629849232,0.0,0.0023489467535274125,0.0
1207,-0.23649805481715996,-0.013915379973002835,1.5465578886406345e-05,-0.00403402236733907,-0.00391619997157755,0.01933297790000987,0.038091113761940444,0.06555345552763762,0.028501169974511006,0.11951179184117933,0.019814464291910045,0.0018457377059281357,0.0,-0.00019422350095819318,0.0,-0.0006025873939862288,0.0,0.019273437671467598,0.0,0.007617606078359373,0.0,0.004066686784353763,0.0,-0.0003084673319699242,0.0,0.020304318513664908,0.0,0.0021341299381482746,0.0
1208,-0.234564655372709,-0.013949051391042636,1.5483668198516653e-05,-0.004263373251530611,-0.00381603556209638,0.018228553530158127,0.038265738378657176,0.06513075196107257,0.028993750006936405,0.12036945408855042,0.018388781667138927,0.0019118511951096723,0.0,-0.00021411361794155688,0.0,-0.0006066827442768371,0.0,0.019200234998418338,0.0,0.007598851273917915,0.0,0.004189147914282981,0.0,-0.00020219464217854826,0.0,0.020858157035045226,0.0,0.002177339308954558,0.0
1209,-0.23180252694477307,-0.013984272327261722,1.5148482058214152e-05,-0.004377925596063948,-0.0034331068055897074,0.018590983847002217,0.03883523118529277,0.06660419791210113,0.028632610390329615,0.12087859997441783,0.010949986147945281,0.0016498496223148625,0.0,-0.0003621645423431649,0.0,-0.0006004938921277993,0.0,0.01922768152149636,0.0,0.007701730256330073,0.0,0.003834085120028269,0.0,-0.0006386392300746174,0.0,0.02277586635944034,0.0,0.002096578731478873,0.0
1210,-0.222498114609237,-0.014191065465868328,1.5341868090041752e-05,-0.004636545625524044,-0.003338848686642329,0.019459960918924945,0.03955019881426158,0.06611979916877204,0.02767067681145981,0.12232405177455256,0.0009886055232597361,0.0015772248956196235,0.0,-0.00042435653137781813,0.0,-0.0005980009031090717,0.0,0.019338199698629967,0.0,0.007705444443561687,0.0,0.0035718501405150233,0.0,-0.0008366644986536332,0.0,0.022873322680223386,0.0,0.001922339794545177,0.0
1211,-0.2226792294263857,-0.01399487106873898,-0.0004280858383475389,-0.004603743819726526,-0.0030148872985708503,0.018685523027707134,0.03949384204540567,0.06604203167004692,0.02765524026541922,0.12259166165157133,0.0026831099569399734,0.0016140437361124634,0.0,-0.0004299735002825911,0.0,-0.0005982186472406431,0.0,0.019550564601325662,0.0,0.007697990649347731,0.0,0.0035674493411977544,0.0,-0.0006496938047779871,0.0,0.02262918516060835,0.0,0.0019000497430541074,0.0
1212,0.06780160939339816,-0.031209083457032247,-3.6671587216327364e-05,-0.016763840969458977,-0.018970833706214427,-0.013634973611680467,0.009755943139979068,-0.03595218234340525,-0.030585746681685778,-0.00332482195708295,-0.003065276389310872,-0.018517831175395925,0.0,0.0008225132972043941,0.0,-0.0024600415561206496,0.0,-0.045013245319210374,0.0,-0.04979818676664218,0.0,-0.03882619446699174,0.0,-0.007589694007013616,0.0,-0.08466415775155232,0.0,-0.009718382888221749,0.0
1213,0.0636604590726387,-0.032027055799211175,-3.5992507791782496e-05,-0.01668234148394721,-0.019274795646808732,-0.014989100225068372,0.00903227529138656,-0.036304471879786596,-0.03781431233270633,-0.004007051370463638,-0.003996412342407621,-0.01828644860854529,0.0,0.0008800004426779043,0.0,-0.0024267728979430023,0.0,-0.04531719922462742,0.0,-0.04913299137622366,0.0,-0.04065461559937677,0.0,-0.008446613925993376,0.0,-0.08527528485916215,0.0,-0.009668033485551616,0.0
1214,0.06133902344335815,-0.03197903020617261,-3.6075604319906585e-05,-0.016450837984913806,-0.019060989765045565,-0.015033486358466115,0.008779781762903314,-0.03679330777994411,-0.04009404817365291,-0.004871287414478155,-0.004169933637331207,-0.01844191965803546,0.0,0.0008734139691524042,0.0,-0.0024305017355003076,0.0,-0.045102512361716085,0.0,-0.04890097763115208,0.0,-0.04113024226184196,0.0,-0.008381795261104432,0.0,-0.08479681341840851,0.0,-0.009678059845553273,0.0
1215,0.05931248225819189,-0.03173819209901258,-3.6075604319906585e-05,-0.016802183850445077,-0.018725236175367057,-0.015486179269121833,0.008636146349133724,-0.03528399205841475,-0.044423085433553826,-0.005164134565874768,-0.004393706975621955,-0.018545118467867928,0.0,0.0008191341264586323,0.0,-0.0024095280690619243,0.0,-0.045004379650872325,0.0,-0.04777101941863308,0.0,-0.04151474079160203,0.0,-0.007849012995482667,0.0,-0.08591921877367532,0.0,-0.009654399620390785,0.0
1216,0.05783472026549353,-0.032372375138546454,-3.634380240254088e-05,-0.016819374845885852,-0.018710703435626277,-0.016067482374518494,0.009875099629272823,-0.033791138477379544,-0.046208663836519344,-0.006179657453004439,-0.004038484306477429,-0.01870533866374411,0.0,0.0007472138509219796,0.0,-0.0024780546334847685,0.0,-0.04621671186574645,0.0,-0.04592134806453243,0.0,-0.04173263790473001,0.0,-0.00726869698991581,0.0,-0.08557790284406738,0.0,-0.00940312842730298,0.0
1217,0.05728669028492046,-0.03250641796850459,-3.596034722450071e-05,-0.017938592271222662,-0.019360773577269154,-0.015325906265646021,0.010218406225077905,-0.03445086824723394,-0.045932544341888676,-0.006296975216850027,-0.004378376012618381,-0.018550508789750397,0.0,0.0007679106163635828,0.0,-0.0023047921877785917,0.0,-0.046422478820151665,0.0,-0.04525767154264078,0.0,-0.041728711704728,0.0,-0.0072213574305031,0.0,-0.08447271678984906,0.0,-0.009159364930698605,0.0
1218,0.052151095027761864,-0.03143273944474427,-3.401904909628777e-05,-0.017774190154055774,-0.019273997484731846,-0.010211514437091444,0.010076575060474562,-0.034162064749721624,-0.04632682575145235,-0.006459095466488542,-0.0047133475404174795,-0.018421429769655346,0.0,0.0007756375837954285,0.0,-0.0023188009737387712,0.0,-0.046356756440815265,0.0,-0.04489027142174828,0.0,-0.04200214295104481,0.0,-0.008519284391718295,0.0,-0.08400371146112211,0.0,-0.009174125502585747,0.0
1219,0.052238170341752536,-0.03162243845598691,-3.470917270882059e-05,-0.01753606595210577,-0.018499006979423954,-0.010895746494843333,0.010734952368379755,-0.03580916332560486,-0.04540957591518798,-0.007060057501663999,-0.004815642205603376,-0.018793268798795934,0.0,0.0008087208721536495,0.0,-0.002594401757670481,0.0,-0.04663596681844709,0.0,-0.044115527067024166,0.0,-0.04184273619686307,0.0,-0.008224287587968424,0.0,-0.08257744467701425,0.0,-0.009268245760907179,0.0
1220,0.04946023055582407,-0.030609821790347345,-2.71094673972424e-05,-0.015567767162132363,-0.017260553336310738,-0.011361959984912327,0.010239633720857162,-0.0386551232242813,-0.040021732737089116,-0.0074152624734427335,4.179374370540503e-06,-0.01905404921145568,0.0,0.0008153998040385127,0.0,-0.002640896929833648,0.0,-0.051450381164625525,0.0,-0.04535908952773962,0.0,-0.041759932826587395,0.0,-0.009596109112918196,0.0,-0.08139463192222804,0.0,-0.009178895436660285,0.0
1221,0.04924781679084028,-0.03201726608932919,-1.436606096115355e-05,-0.015128372466706357,-0.014711785874248571,-0.011278943824382938,0.009792394800333294,-0.03872271169121608,-0.04140851799266613,-0.0076280710721967245,0.006524009215086363,-0.01925693323150967,0.0,0.0008198441381570559,0.0,-0.003704129410592565,0.0,-0.05534677220797642,0.0,-0.04376373602116477,0.0,-0.04144459539548681,0.0,-0.009664190320485893,0.0,-0.08042580011006796,0.0,-0.0093460413303108,0.0
1222,0.06170319039774241,-0.03295025519016266,3.461975763864664e-05,-0.01342656310067372,-0.01256113417743123,-0.011807190304051932,0.00968062701320824,-0.038505792931836175,-0.04099104036316548,-0.0035513141165477028,0.005145643239608102,-0.018727638296270242,0.0,0.000802082654423271,0.0,-0.0039206463822477125,0.0,-0.058561425355143484,0.0,-0.042127737498398946,0.0,-0.0414958607970268,0.0,-0.009281264682715982,0.0,-0.07862213922216664,0.0,-0.009298668844409774,0.0
1223,0.08417967842471585,-0.03203080040681507,7.287021357144503e-05,-0.011454646849138423,-0.010745994132152574,-0.014019715145974929,0.007333973998326796,-0.0322388586355125,-0.04613490066747304,-0.002803750705571494,0.0063108570850684605,-0.018223749170401055,0.0,0.0007859575526594948,0.0,-0.004967585064098309,0.0,-0.061979670172641006,0.0,-0.040812012014146255,0.0,-0.04136641848250113,0.0,-0.009801611566930964,0.0,-0.07370243932792142,0.0,-0.008899487316137543,0.0
1224,0.10373422242357855,-0.02922348806024675,7.431608705504907e-05,-0.009416151191193095,-0.011203767401786816,-0.013281397433910519,0.005578686166732021,-0.020787259287504526,-0.04623922794428108,-0.0022191228549702908,0.008431805279800362,-0.016086454501684565,0.0,0.0006540254982870219,0.0,-0.005017659185001921,0.0,-0.06640666141670835,0.0,-0.03723292119367887,0.0,-0.041044316853429234,0.0,-0.007502755192674764,0.0,-0.06851610272357675,0.0,-0.008932775058729412,0.0
1225,0.14632056174387928,-0.02660806693300773,0.00016699433878997145,-0.0058643261460441624,-0.006535595053264262,-0.0043057152351361734,0.009412726513225724,-0.02105937052404346,-0.04655556830271606,0.001042497899925495,0.017613469132835183,-0.014126897702038746,0.0,0.0006407814430323376,0.0,-0.004174920684306671,0.0,-0.05591014181638842,0.0,-0.03159754320649774,0.0,-0.03644734687567621,0.0,-0.005107149399831579,0.0,-0.06310208774872193,0.0,-0.00881961948704398,0.0
1226,0.3347644468670115,0.013425622506736706,0.0002604025964686278,0.008945282653328678,0.01054255115287299,0.03643965206428231,0.02263013162001609,0.07173360812696064,-0.009215554480100238,0.014547602982303525,0.06484147391794212,-0.0026126969161194414,0.0,0.0008435110251972031,0.0,-0.0003092658916654575,0.0,-0.011571439341452567,0.0,-0.005687263187103075,0.0,-0.0008606356031161537,0.0,0.0027509786575868563,0.0,-0.027278566284686875,0.0,-0.004710516214190218,0.0
1227,0.3484496284044941,0.019451478691662086,0.00028855426320907373,0.010516241938399893,0.012273612830341861,0.03958187736895637,0.025091358205341894,0.09709528325487886,0.00024534110319447835,0.015318741445445334,0.07035328911746609,-0.0019156405377102636,0.0,0.0008213585479745127,0.0,9.135035804736496e-05,0.0,-0.003933728219313524,0.0,-0.002562696758362751,0.0,0.005133338720168758,0.0,0.004324694495656635,0.0,-0.02026627886331233,0.0,-0.003563041872654937,0.0
1228,0.34655225767461134,0.021385005215852314,0.0002757473451706129,0.010146335131936404,0.01169439468652223,0.03884059811620283,0.024148124457256857,0.09751955894701647,0.0027609839920054433,0.01282499525834733,0.07001677175666503,-0.0018205725385316124,0.0,0.0008322375807209632,0.0,0.00014629533446578377,0.0,-0.002706829165212278,0.0,-0.002203523971226314,0.0,0.0054176983873024005,0.0,0.0045737197601233215,0.0,-0.02013603203661345,0.0,-0.003473003438733,0.0
1229,0.32883257073972816,0.024000359071221795,0.0002940686045046366,0.010181744722918398,0.011272175615109532,0.038838230400951836,0.02379205198846699,0.10611190305505774,0.012219888222276683,0.010715196110013253,0.06929388814896052,-0.0015461054714048655,0.0,0.0006841515943819589,0.0,0.00024478473851151627,0.0,-0.001300071594261974,0.0,-0.0020819371086082798,0.0,0.005206730897239703,0.0,0.00502675716563444,0.0,-0.021754728298294154,0.0,-0.0032368961085243128,0.0
1230,0.33249866605032136,0.022831870091492398,0.00029297481109168095,0.009492792166537322,0.011332428669930507,0.03861470715534897,0.02359773460703051,0.1018691290835998,0.02358580630757732,0.012034544009333651,0.07026184515927789,-0.0015738476833043614,0.0,0.0006731162455274998,0.0,0.000274423866291306,0.0,-0.0029096154852601337,0.0,-0.0008045677544678236,0.0,0.006591207431880377,0.0,0.005248560982695835,0.0,-0.020606452167462173,0.0,-0.003087742261612734,0.0
1231,0.32103389775536634,0.02146115098371024,0.00035143149640629197,0.009655785349886557,0.011492962725665919,0.03898473910410297,0.023522299643168428,0.10175275247412094,0.0334205933830319,0.009253360473703424,0.07169406957133001,-0.0018320980123430696,0.0,0.000770555867595969,0.0,0.00027880474660765185,0.0,-0.0036299040075564617,0.0,-0.00012837124256720407,0.0,0.007180951120468251,0.0,0.005590763161349432,0.0,-0.021129219040599983,0.0,-0.002862648965605575,0.0
1232,0.3035732759301926,0.020470884373521927,0.0002660922903078762,0.00951088904651277,0.011481409348463631,0.03857739683765395,0.022835150134270076,0.11086295002367699,0.03345610044172953,0.00688246600485599,0.07237171707610214,-0.0018179759594657895,0.0,0.0007738479714800967,0.0,0.0005803441355103923,0.0,-0.002984982074552137,0.0,-4.1294280605755864e-05,0.0,0.00925433676211396,0.0,0.005378982649772715,0.0,-0.021820556327219933,0.0,-0.002816271890438938,0.0
1233,0.3058480963257668,0.019372609899596625,0.0002603329712314087,0.00956273914219319,0.011529348620760148,0.03764954689740131,0.02329649530875851,0.11035554627919128,0.03261095226282012,0.006672802673908242,0.07251644838530857,-0.002045982813834347,0.0,0.0007786856757207748,0.0,0.0006072317451917393,0.0,-0.0030186713438537464,0.0,0.000774033305847401,0.0,0.01053291649547564,0.0,0.005335733187431614,0.0,-0.021968741823025387,0.0,-0.002756792469346195,0.0
1234,0.29914425452409016,0.019886507143279858,0.0001872083664670413,0.0096655348969284,0.011427792838502985,0.033542277415538634,0.023224609936953397,0.10800429717849168,0.01914479804598088,0.007395583916627856,0.07165664082623299,-0.0018058778196344682,0.0,0.0007732021452245357,0.0,0.0005683700143120315,0.0,-0.004893599801617247,0.0,0.001953737190035435,0.0,0.015475975194169073,0.0,0.005095521508786645,0.0,-0.022180742194577302,0.0,-0.0027241252524915875,0.0
1235,0.27492600689118485,0.020960121724486427,0.00010516457722636578,0.009332889997829592,0.01131617087360358,0.03360298858760635,0.02383165708221295,0.10717557183637981,-0.02239777448015154,0.007773524775028942,0.07263971835174488,0.0005399962584682174,0.0,0.0007316201144122754,0.0,-0.0004255681582796221,0.0,-0.009591745201945001,0.0,0.006506310957412951,0.0,0.029958195151776022,0.0,0.005974971725063755,0.0,-0.02342210280490307,0.0,-0.003212754422992585,0.0
1236,0.2755054307715017,0.022524928659491683,0.00010501580313416673,0.009590043105253649,0.011425220528286909,0.033831417577354035,0.023687393878362002,0.10730810531464503,-0.02132597477410373,0.0009886337501430068,0.0735064191691601,0.0005805564231512463,0.0,0.0007878249954236868,0.0,-0.0004678360457782454,0.0,-0.008945776021850893,0.0,0.005747960418912079,0.0,0.02999539058544698,0.0,0.005971556670722716,0.0,-0.023410755548452965,0.0,-0.0033177278899624023,0.0
1237,0.27181113151924063,0.026335390283970764,0.00010503243797988234,0.00955814172676968,0.010967742547478428,0.033749336265402115,0.024141768886507847,0.10656100288039629,-0.02173270390700594,0.0014932155174815819,0.07280448147426354,0.0006042569609081211,0.0,0.0007859431717442642,0.0,-0.0004424608536120408,0.0,-0.009412434547330796,0.0,0.005778584270265612,0.0,0.03023346979800748,0.0,0.006230772926228982,0.0,-0.023235176188150387,0.0,-0.0033682360323670064,0.0
1238,0.2701160958922603,0.026347060575504892,-0.0027671591158629923,0.009175684753640612,0.010432928356795629,0.03379260370821985,0.02194322389749005,0.10589297236309349,-0.01509601829840527,0.00035326622072184605,0.07344210842562428,0.0005288595988580263,0.0,0.0007727569036604985,0.0,-0.00043313644227941777,0.0,-0.0096988875414471,0.0,0.00563436991775139,0.0,0.029868346424059063,0.0,0.006144911660719285,0.0,-0.02323131566971372,0.0,-0.003605117190498676,0.0
1239,-0.011666898302332522,-0.021114506829149768,-4.65021430334754e-06,-0.011830064142021516,-0.009962536695707,-0.009949518926386352,-0.0112805110527932,-0.03847326139200979,-0.0071104316782304045,-0.021629727563626442,-0.04532401103992039,-0.014208644802558668,0.0,0.0004528572413876462,0.0,-0.00020737669370549778,0.0,-0.00048451598361671307,0.0,0.005503864054962196,0.0,-0.015960784311849347,0.0,-0.00471749383747163,0.0,-0.06927510800256216,0.0,-0.006476458721245707,0.0
1240,-0.015845330649801988,-0.02230360136937316,-8.887300933397575e-07,-0.013634931937721037,-0.011968951028746858,-0.013505742421880105,-0.010772474978551601,-0.041607150979364946,-0.0042361145631499494,-0.019430015606599946,-0.07480036950683946,-0.014975116075947469,0.0,0.0004507387654323496,0.0,-0.0003018837585194613,0.0,0.00042117744186915515,0.0,0.00525510334172008,0.0,-0.016136401471783673,0.0,-0.0070606881947573984,0.0,-0.07395972360212556,0.0,-0.007405847571380394,0.0
1241,-0.0175726478697954,-0.02307223292584623,1.0416389449295553e-06,-0.012443058193526134,-0.01139347134477629,-0.014781498456322458,-0.011353519506627024,-0.04063624546288719,0.001119308490428442,-0.017471994940437094,-0.07780327970541649,-0.014549287642613104,0.0,0.00045788467343506534,0.0,-0.0002590653179313634,0.0,0.0001303311443220374,0.0,0.0053612720625319035,0.0,-0.0162573919117577,0.0,-0.00749881390339153,0.0,-0.07440853951983725,0.0,-0.007149867740787467,0.0
1242,-0.024171803164129747,-0.02397642966876747,-2.834281759822559e-06,-0.011610479483410133,-0.01035280597564126,-0.013753352829113214,-0.01326639365641069,-0.039525887973173704,0.0005996490369640417,-0.019368497270050918,-0.07795585707372227,-0.014201863029336986,0.0,0.0004593998518575955,0.0,-0.0002800687360676569,0.0,0.0003070686797700686,0.0,0.005334412625518707,0.0,-0.015226186841424414,0.0,-0.007338945951757661,0.0,-0.07542796836723514,0.0,-0.00765220995303507,0.0
1243,-0.018336924505354388,-0.02612202468439892,-1.5098920110733478e-06,-0.01055109330576987,-0.011587041219486015,-0.010984858203324201,-0.012962432932780184,-0.03742009048345901,-0.005963485936351744,-0.014973171967475208,-0.07017577853603162,-0.014401140836950108,0.0,0.00046192056758491033,0.0,-0.00037698922977014556,0.0,0.000695089585675577,0.0,0.005318417457396033,0.0,-0.014694318517948168,0.0,-0.006687427257913423,0.0,-0.07323146591759372,0.0,-0.006401068289707551,0.0
1244,0.01742340982492411,-0.019923388681793653,-1.2194744550494728e-06,-0.011405233827997982,-0.008898925285319234,0.0056857675786984125,-0.011666559870630734,-0.033025746095255784,-0.011266413318612747,-0.008751973288479433,-0.009591404191868907,-0.012649130109877412,0.0,0.0004775390668986612,0.0,-0.000372808654743615,0.0,0.0022685742671706226,0.0,0.005879536840150117,0.0,-0.012047605412494935,0.0,-0.004636070412311634,0.0,-0.06365867260226431,0.0,-0.004584063745995638,0.0
1245,0.11626773572766488,0.009546560261528676,7.895699252355244e-06,0.011390436810600531,0.014608881076388726,0.061891391128930856,0.005678312592898001,-0.004255055466627603,0.01841835442770623,0.034460009944716326,0.03825510276129072,-0.006415349567959548,0.0,0.0005060077775062991,0.0,2.10494779578547e-05,0.0,0.004075575959632595,0.0,0.007812817066451483,0.0,0.0006568049961271736,0.0,0.0010719673437181879,0.0,-0.037112709076233735,0.0,-0.0034914738749583095,0.0
1246,-0.0009809967516221315,-0.02130802417375863,-1.0565465941179211e-05,-0.003419897622962984,-0.004775743432817883,0.01502035034858704,-0.01274991364327913,-0.03107007853178866,-0.0029799278621421743,0.008296401133072881,-0.06499909271228643,-0.012006614027744934,0.0,0.00048483338033279027,0.0,-0.00032599926423540156,0.0,0.0022856519296195242,0.0,0.0057556947795631055,0.0,-0.009949237808186724,0.0,-0.005209235548929883,0.0,-0.06533747832012739,0.0,-0.006547287848827923,0.0
1247,-0.012817669809769507,-0.027341091861638116,-1.1504430839196437e-05,-0.00552284474767464,-0.0061723828393952405,0.0039014359094783607,-0.015754255465594707,-0.037106292041532714,-0.012597336686433978,-0.003467920936027484,-0.07806230317718084,-0.012578958501670918,0.0,0.00045736252391356407,0.0,-0.00033002670058335546,0.0,0.0009557628782760136,0.0,0.005466461559926408,0.0,-0.011468446489430425,0.0,-0.005803517991662206,0.0,-0.0690580194542167,0.0,-0.006408230631084826,0.0
1248,-0.006082184854689144,-0.03235082450974582,1.065360909804832e-05,-0.006794532746255501,-0.005588132238619116,0.015284428021049937,-0.019477346510094404,-0.030461522243332057,-0.012752219020204689,-0.009709616005403937,-0.07304953099968409,-0.012640007759524337,0.0,0.0004443373297188022,0.0,-0.00034343432049069935,0.0,0.0011398853685798667,0.0,0.00556442058192885,0.0,-0.01245275239989633,0.0,-0.005629341188470554,0.0,-0.06416537152958517,0.0,-0.005651027522262908,0.0
1249,0.038990764981186796,-0.02922471407322857,2.448778675475502e-05,-0.008816545018842853,-0.0035329918723126007,0.06233139062770055,-0.01712468441765501,-0.028748717977816633,-0.007461862180154122,-0.011039192529963512,-0.05928718772603796,-0.011315706664236968,0.0,0.0004390612098834441,0.0,-0.0002395457595422402,0.0,0.001965537760380666,0.0,0.006257251305325513,0.0,-0.005462091691207008,0.0,-0.00439552950019519,0.0,-0.047754677664481146,0.0,-0.004895295287356807,0.0
1250,0.1974818020683605,0.009606126324904748,4.4641984782442253e-05,0.020564568229757583,0.01861445120018817,0.192280734576947,0.005895520572455283,1.6132541290528514e-05,0.009381976038068292,0.0010351074036273487,-0.006350994104260314,-0.004076833785028326,0.0,0.0004944469561572691,0.0,0.0002038928573840675,0.0,0.004186872708352944,0.0,0.00937584157167894,0.0,0.009449419883743223,0.0,0.0010725195162347367,0.0,-0.005040070925370039,0.0,-0.002922377465435597,0.0
1251,0.22410066185527033,0.021344634646604948,4.4641984782442253e-05,0.02585854084812455,0.026066278052314748,0.1969071425089082,0.01470021810948744,0.0014966830070976098,0.011321842412533896,0.004792347982385601,0.003994788431306596,-0.0022824270031622657,0.0,0.0005391958771417594,0.0,0.0002094284706082678,0.0,0.004682525571255827,0.0,0.010265107650472581,0.0,0.012699706853353903,0.0,0.003949893009842905,0.0,0.00043058594229720997,0.0,-0.0024925818151768377,0.0
1252,0.24230807659085818,0.028472996275548473,4.966667429373619e-05,0.026653580382987048,0.028366578201066518,0.1874054575959247,0.01432740736019829,-0.0015984054262886019,0.012009325818835447,0.006053836160573388,0.0032801731090332867,-0.0024815786745410297,0.0,0.0006112952706250758,0.0,0.00025580041275635143,0.0,0.004616895043503771,0.0,0.012059083934193042,0.0,0.015920584356393746,0.0,0.0035940689416226915,0.0,0.006576862927891421,0.0,-0.0030068529761331985,0.0
1253,0.2144270304522545,0.02378602749126827,4.625801507683452e-05,0.025644709027835014,0.024721838825820713,0.08450003779048199,-0.0013600493587588585,-0.010585554254944476,0.0075994982341064795,0.004385773404360009,-0.011701345246563584,-0.004039771415214788,0.0,0.000779368420500001,0.0,0.00014856789089200833,0.0,0.0034664888158111563,0.0,0.013464456130652391,0.0,0.014358327630831894,0.0,0.0019104121613887882,0.0,-0.006114430739008915,0.0,-0.004660777874627992,0.0
1254,0.11024601781419217,0.0013283927849436813,4.2971581095632624e-05,0.010346259102886942,0.009924495140258853,0.007469128047300902,-0.07037680272778098,-0.028950555794777854,-0.008338275437640735,-0.008746394806125492,-0.04983869202250683,-0.010047679943841759,0.0,0.0005731636937962124,0.0,-0.000439556588830678,0.0,0.0009788847755353301,0.0,0.00975910253585101,0.0,-0.000743643146802921,0.0,-0.0033453288422993646,0.0,-0.031224504051517485,0.0,-0.006385978009114327,0.0
1255,0.2981170794834511,0.022696147286997984,6.4644513523692e-05,0.03155154092120213,0.030487554856993213,0.039243346407732464,0.005546061870429223,0.006442472694105231,0.009845924792627738,0.002372903648041371,-0.01490390800757041,-0.0033195197900386065,0.0,0.0009415385598793614,0.0,9.283758510779114e-05,0.0,0.0050065631421204035,0.0,0.01797859234325221,0.0,0.023454299836421482,0.0,0.003810977988885937,0.0,0.011222341494002015,0.0,-0.0036105521220951807,0.0
1256,0.3518843048661792,0.0265373363025401,6.119000636997718e-05,0.032219253107798926,0.03191019980272707,0.04217802819922201,0.010539548336478195,0.01405685695081837,0.01452668363445162,0.006147371640184342,-0.008594965250951669,-0.0031849713698376965,0.0,0.0011962359898545487,0.0,0.00016286433618970057,0.0,0.0037955384563729444,0.0,0.02101913460699737,0.0,0.03207849986352319,0.0,0.005773039892424738,0.0,0.023116068314402927,0.0,-0.003168842216470254,0.0
1257,0.38213776759864354,0.025389834697565374,6.038918769444641e-05,0.03112668773289318,0.03119991909226254,0.02885023989792127,0.008900921324400169,0.013930372433943346,0.014471093954869984,0.00617058084008691,-0.008491544891427439,-0.00405684888434371,0.0,0.00151999198829223,0.0,0.00013343461228971644,0.0,0.0031922231453686304,0.0,0.02314017840729422,0.0,0.03953671819276922,0.0,0.005358243972590577,0.0,0.022240565007052408,0.0,-0.0035417328856343394,0.0
1258,0.38376985752724585,0.023277566730587503,3.600132203881502e-05,0.030109467025907825,0.03174141612161075,0.023051631229790474,0.004419944239712113,0.013409011149026292,0.012801041147673805,0.006023493666649582,-0.01120661121770279,-0.005286330836301371,0.0,0.0015545524619655418,0.0,0.000265673231811511,0.0,0.001591778472986504,0.0,0.023064061810234397,0.0,0.0399004415935205,0.0,0.005081505444215006,0.0,0.021146796310683093,0.0,-0.0036164901950430785,0.0
1259,0.36657339291640806,0.017535595886687794,1.5728340113708633e-05,0.029366637200296884,0.03124669839198415,0.011058096788654449,-0.009547717305971964,0.004180974728571419,0.004203738007646346,0.00313744081022028,-0.015906819680930752,-0.007906748322915933,0.0,0.0015395613870411425,0.0,0.00012947834254770473,0.0,0.0007591006079990347,0.0,0.022849313548580236,0.0,0.038598056931937935,0.0,0.003680974242894643,0.0,0.01572988397725112,0.0,-0.004475469942718275,0.0
1260,0.3572695679819748,0.015878291873804302,-1.3529830060174728e-06,0.028456704151086445,0.030390159500065614,0.00761310599088928,-0.007889507021908694,-0.01592951925305407,0.0013618674270090263,-0.002088465095238045,-0.02112129904566561,-0.009669242527170772,0.0,0.0015598519277669528,0.0,0.00013262358255588405,0.0,0.0002436267100058139,0.0,0.02289015806599823,0.0,0.03828545907709478,0.0,0.0031971527046447817,0.0,0.01205375168280213,0.0,-0.00467486129380398,0.0
1261,0.3527980071328304,0.013499539445293429,7.520394107907555e-06,0.026460185094882665,0.027124541623028537,0.007165262692800095,-0.006374544957689577,-0.018312378338172834,-0.0028941434563172067,-0.005303701218339254,-0.02559385232684443,-0.010246501773963313,0.0,0.0015637159714829072,0.0,-2.4018670228707318e-05,0.0,0.0001994652004713395,0.0,0.02286707785026554,0.0,0.03829989253478486,0.0,0.003402421707309552,0.0,0.01160921037304503,0.0,-0.005135263406788457,0.0
1262,0.3436633512547231,0.012755668181490374,9.24181780319174e-06,0.02436089323649084,0.025403434532899154,0.0070924097543610615,-0.007981213114579038,-0.020536330918175524,-0.004012301663857294,-0.004786227678455026,-0.0243042386061853,-0.010809970664895429,0.0,0.0016322141014557378,0.0,-0.00029814518581905165,0.0,0.00031191649419707527,0.0,0.02234294979117253,0.0,0.03890926088593963,0.0,0.0037223750960533823,0.0,0.010884702921003707,0.0,-0.005144646086259963,0.0
1263,0.37449261485898294,0.006333429979586575,0.00019982004789256824,0.020657352010410822,0.02208902463793663,0.004101257129261977,-0.010664381253202999,-0.015014565386098598,-0.006990875245969749,-0.005070098892218627,-0.023899761348570896,-0.01111048419177306,0.0,0.0017930130553724425,0.0,-0.0004880446911530093,0.0,0.00096032814689546,0.0,0.019258768026807288,0.0,0.04619711071066337,0.0,0.002626833824738358,0.0,0.009349237643383506,0.0,-0.0048267114236460185,0.0
1264,0.38725908104945406,0.005535631385867211,0.0002390571197136835,0.018969033175602237,0.019356667705334975,0.00505114869410233,-0.017057846744941315,-0.012290062009633205,-0.004120788635583576,-0.003191103613098564,-0.02140107308350493,-0.01008566102806945,0.0,0.0019266356223276463,0.0,-0.0005539037132345125,0.0,0.00025390087638263974,0.0,0.017717319200825806,0.0,0.048277620114910234,0.0,0.0029684365536551674,0.0,0.010356114753924192,0.0,-0.004674952760125852,0.0
1265,0.4025841683613444,0.005580017696522843,-0.005241760312304662,0.016719787442863215,0.018105795651733418,0.004662931593277774,-0.01904722047761456,-0.01226478653463752,-0.0017440933275738708,-0.00249906556496075,-0.011349735922129046,-0.010748514680296514,0.0,0.0021624551979833153,0.0,-0.0008000720591589451,0.0,-0.0010866877935629504,0.0,0.01700054213836986,0.0,0.04971565803322547,0.0,0.0018119844731536805,0.0,0.007396109469809063,0.0,-0.004118008162849304,0.0
1266,0.14520468307740497,-0.011838564715445013,0.0001512839412399467,-0.05771245116742511,-0.056447297498937156,-0.010570357183845747,-0.0025966622939274137,0.007358782303947979,-0.012070761015585125,-0.05863664580944739,0.019340204535605778,-0.008613158763177605,0.0,-0.0003702457152587978,0.0,-0.011631492368088206,0.0,-0.046616054175324474,0.0,-0.03969395730003717,0.0,-0.03341979958399776,0.0,-0.015622758840044666,0.0,-0.015125175718328583,0.0,-0.0053910060834531605,0.0
1267,0.13408327445574628,-0.011098494724403935,0.00012622092384585295,-0.0580871795118239,-0.058280359240279245,-0.011944707880419337,-0.006163189902922943,0.015704814571920765,-0.006412277449771897,-0.06025437447321477,0.020741868430623006,-0.009913167502824867,0.0,-0.00035490608521981346,0.0,-0.011364492518931282,0.0,-0.046908738754003886,0.0,-0.039716038996074864,0.0,-0.033884305251594596,0.0,-0.0156376509130729,0.0,-0.015318480244690114,0.0,-0.005212090470322419,0.0
1268,0.2750637510607664,0.019201671719280142,0.0002109301525656171,-0.009265089143284118,-0.0027553936533726998,0.004757557651939591,0.021421886521173907,0.05580920434550199,0.019654213799516488,-0.006646733655399709,0.05655745971557346,0.02214467739076168,0.0,0.0012505573541445377,0.0,0.0001349962394524394,0.0,0.0237152891371306,0.0,-0.010249299952023908,0.0,0.00525841114421309,0.0,-0.0025498112465336532,0.0,0.014203430847960266,0.0,-0.0031139983896209013,0.0
1269,0.3018279459491239,0.024446173940197075,0.00025301016906135684,0.004542128373234964,0.0057798671318535725,0.006900901634532357,0.02435656334953881,0.06194478739555994,0.02135907189671244,0.01383107799234516,0.0568428622259404,0.028441917943745156,0.0,0.0015145477621925836,0.0,0.0019089827307305145,0.0,0.020479704894074198,0.0,-0.0039447746214615435,0.0,0.011371315523459559,0.0,-0.0008936497921119275,0.0,0.01862676117400749,0.0,-0.0029286613667725775,0.0
1270,0.3083422404607611,0.02541730087208748,0.0002724541562897449,0.007504523079918654,0.008470953969267976,0.00807238163521309,0.02511654918525629,0.06392572759528568,0.02604381857471928,0.013642051916824235,0.05806311772015283,0.028581713483359365,0.0,0.0015910762964426502,0.0,0.0022416497406958684,0.0,0.019694458776586567,0.0,-0.0029513942835655517,0.0,0.013023726387207507,0.0,-0.0004090283181475902,0.0,0.01961953763041522,0.0,-0.0027566869889136623,0.0
1271,0.3150303909667268,0.025399134954335004,0.0002719983979330375,0.00783204885687023,0.008725435891205767,0.007717792816415313,0.025240109121138225,0.06494816248204514,0.024683004968082473,0.011360132409334714,0.05949529845667944,0.028075727106400918,0.0,0.0016945130693711541,0.0,0.0024297446727888365,0.0,0.019414256667832603,0.0,-0.002594119017615428,0.0,0.013639839493548243,0.0,-9.385936610258776e-05,0.0,0.02079215218166216,0.0,-0.0027256146101611524,0.0
1272,0.3096136562960921,0.024604531402110726,0.00027182878921577905,0.00782284793953979,0.008727754104791449,0.007907232496556976,0.025339450999331485,0.07257355740423385,0.02430070089575442,0.012458334996847722,0.05965330280919375,0.027170320901480662,0.0,0.0016625360782680121,0.0,0.0023946810477617304,0.0,0.018921883627094325,0.0,-0.0027634148744794173,0.0,0.013559147468650671,0.0,-9.300873471162916e-05,0.0,0.020806576173662338,0.0,-0.0024772020702415647,0.0
1273,0.30498948549046623,0.0238949754346018,0.0002708776564385794,0.007652167889440311,0.009171003187586894,0.007866894057013027,0.02152951531356602,0.07503380914173993,0.022848545217372573,0.01212221160938035,0.05870465997845647,0.026845448731067013,0.0,0.0016336418176652958,0.0,0.0023255102164434116,0.0,0.018616701094723874,0.0,-0.0027933364197843436,0.0,0.013473000621930404,0.0,5.086451836923347e-06,0.0,0.020604999244073934,0.0,-0.0024075930768255,0.0
1274,0.30346892915604473,0.022802239997953076,0.00029139203341378966,0.007400740163974688,0.008478947212598835,0.006893374100550301,0.019661163429117945,0.07377868597764602,0.02410048788545495,0.012020084878864792,0.057640303721770404,0.025049874568547553,0.0,0.0016207482431321268,0.0,0.002964228046554994,0.0,0.017616745924099265,0.0,-0.002937747487153061,0.0,0.012897785756374975,0.0,4.38680805962419e-05,0.0,0.021193588659436557,0.0,-0.0026649507857450455,0.0
1275,0.30357697721778093,0.02127065801713355,0.00019352567154888432,0.00897130524882559,0.00904233308392496,0.006426915208179553,0.019329258860884924,0.07076654396129527,0.02669558036168356,0.011155074964616601,0.05968639955770131,0.02261976816033015,0.0,0.0016297652043598195,0.0,0.0030084680908551275,0.0,0.017463082745360674,0.0,-0.0032472757089657025,0.0,0.012138011169055116,0.0,3.534343147227997e-05,0.0,0.01970925930221851,0.0,-0.002624777915677154,0.0
1276,0.299874692930909,0.021239202435092547,0.00019057524500081725,0.008920317175983686,0.009156013183600877,0.006117696663713217,0.021029048775611014,0.06881760448450373,0.030223006228488548,0.011795361524546138,0.05675524066143433,0.020741066008351534,0.0,0.0016101081872405693,0.0,0.0028807806857876895,0.0,0.017602045964850026,0.0,-0.004328088533106349,0.0,0.012158376941291465,0.0,-0.0004444315062312496,0.0,0.019397365605410017,0.0,-0.0026011754258671023,0.0
1277,0.28405205095897296,0.021188713420921535,0.00020149648417438243,0.0076483288890444815,0.007790477957228531,0.0061074014848246224,0.02421469599439579,0.07623962057343782,0.021318563830581345,0.012634089305852693,0.05828673095770892,0.01879790294647287,0.0,0.0016102349501033184,0.0,0.00277428063532723,0.0,0.01758772077663451,0.0,-0.0038126632348975376,0.0,0.013430088448845324,0.0,-0.0005954294395893045,0.0,0.019687294056473226,0.0,-0.0025681787845109956,0.0
1278,0.2763800090214748,0.02069120160545079,0.00016893300618195124,0.0063923334858675684,0.006888977735717563,0.006516967754972176,0.02507624101645374,0.0740009734440065,0.02084117775590536,0.012972079280029275,0.05797727331035195,0.01779843667222498,0.0,0.0015759810369931485,0.0,0.0026573909976518985,0.0,0.01648839140528768,0.0,-0.0036495498129762234,0.0,0.014251066791485686,0.0,-0.0008804116687887573,0.0,0.019490647256081385,0.0,-0.0024675186743142144,0.0
1279,0.2721773170406968,0.02062433315041881,-0.0037087403392767346,0.006287330520083729,0.006930310664567094,0.006508950540013033,0.020587381544845743,0.07354013631568625,0.022523741482194937,0.013421066237335773,0.05740001721490949,0.017140604410667393,0.0,0.0016204538136351371,0.0,0.0026584772097851483,0.0,0.01572501700467164,0.0,-0.0031195506113840597,0.0,0.014960818208664402,0.0,-0.0009592423881150347,0.0,0.020146859523977375,0.0,-0.0024803624499410166,0.0
1280,-0.28643059663655424,-0.055772381826049586,5.9192028720134295e-05,-0.007650856531829132,-0.008711409850784271,0.0009496863992736292,-0.006697685582466491,-0.017175978998199132,-0.028395767258040102,-0.015909460658400355,0.011417759644385673,0.03910553788309675,0.0,0.00030031589065327216,0.0,6.405458374445653e-05,0.0,0.0007145987386952639,0.0,0.0027074881482483043,0.0,-0.0015579838817870056,0.0,-0.00029912014313506564,0.0,0.01396613912699484,0.0,-0.0037545403947645203,0.0
1281,-0.28533264708048695,-0.055440700145135476,5.863539916536884e-05,-0.007610582999417309,-0.00832030154630348,0.0010196735645609473,-0.006601123444718174,-0.01790874951585009,-0.028920942490740995,-0.016196049487388436,0.01131844155081075,0.039260683066380975,0.0,0.000303248207150161,0.0,5.676112708597162e-05,0.0,0.0010529475640135085,0.0,0.0027637229654084283,0.0,-0.0016220780036774489,0.0,-0.00033684350179794995,0.0,0.014255278100957343,0.0,-0.0037518144155526735,0.0
1282,-0.2853249307663251,-0.05561003551444403,5.8407713795668255e-05,-0.007959176286832128,-0.008360690237645612,0.00118751634279204,-0.006034272746966634,-0.017969389870954446,-0.029395905382177064,-0.0159126132503868,0.011420649192950574,0.03927408893295496,0.0,0.00030220614507686487,0.0,6.294590051143758e-05,0.0,0.0011237145252691366,0.0,0.0026779372512606104,0.0,-0.0016455679565916426,0.0,-0.0003047908318410724,0.0,0.014205218608730594,0.0,-0.003747752854712553,0.0
1283,-0.2823964030592261,-0.055296182701420706,5.8397257800829116e-05,-0.007394429061424367,-0.0082311228058702,0.0054456905804979045,-0.005260735194976489,-0.018178372919928236,-0.0326671414179454,-0.015704220803259297,0.011532311248437269,0.03891053677896817,0.0,0.0002911654149004233,0.0,6.279383424260766e-05,0.0,0.0018383774570490642,0.0,0.002670922030249812,0.0,-0.0012656486623136827,0.0,7.988799999155147e-05,0.0,0.014023959466970973,0.0,-0.003760817132306468,0.0
1284,-0.2770256285703008,-0.056820208863945315,5.8407064456672426e-05,-0.006449621715672101,-0.007406943275161811,0.0018350233735223765,-0.0037812431878280926,-0.018770858764071068,-0.037641300952249816,-0.01792127197110457,0.011823897701103767,0.03791291920356328,0.0,0.0002882215878216766,0.0,3.772445136216384e-05,0.0,0.0019643317526048315,0.0,0.0025984737472901824,0.0,-0.0018414489428536522,0.0,-0.0005228766694102892,0.0,0.013557824496540595,0.0,-0.0038478615512028687,0.0
1285,-0.2808955530528552,-0.057467545536448776,5.970428417591962e-05,-0.005594864790215892,-0.006332570372187514,0.00049396156074814,-0.0033011795824469405,-0.017650345949986403,-0.036676871924031046,-0.017640772060501676,0.011982476513147152,0.03743251295021227,0.0,0.0002750673095785535,0.0,5.662000752048419e-05,0.0,0.0017335814360318902,0.0,0.00270756258457516,0.0,-0.0019253840504812397,0.0,-0.0007504790169210522,0.0,0.014323646342025124,0.0,-0.003900575970135704,0.0
1286,-0.2788322669337943,-0.05716546206263421,5.970428417591962e-05,-0.005427670673755751,-0.006068463438101571,0.0004894315472604139,-0.004904836430977447,-0.01749186384206963,-0.036866248853436485,-0.01681044297003089,0.011963875198902723,0.03777733126879203,0.0,0.0002875173366940622,0.0,7.611059378587678e-05,0.0,0.0017419006499534537,0.0,0.0027339796314013844,0.0,-0.001942530981284851,0.0,-0.000543348710859042,0.0,0.01442137019264671,0.0,-0.0043319586595415415,0.0
1287,-0.2805630418288587,-0.05903812475240411,6.071188253789036e-05,-0.0044553075869346185,-0.005145310048836234,0.0004636570743365784,-0.005131196335694617,-0.016848714304268896,-0.03605616638707605,-0.01719613803502606,0.01156961963420962,0.03775626941546831,0.0,0.00028174200671552606,0.0,7.192998223153527e-05,0.0,0.0018973090294635087,0.0,0.0027105371703905166,0.0,-0.0019359053209499898,0.0,-0.0005805586365217438,0.0,0.014509876166253398,0.0,-0.0043236302105702385,0.0
1288,-0.2863680691280174,-0.06314081175988975,6.102902999979305e-05,-0.004657263148941439,-0.005253640530756169,0.001001474106074695,-0.005582248823684155,-0.0038567006507314334,-0.036726848854137566,-0.018057512491270827,0.010450350958748219,0.03764214996936262,0.0,0.0002874235150157278,0.0,7.535378595739257e-05,0.0,0.0018646607667969222,0.0,0.0026356460796838834,0.0,-0.0018179694363334223,0.0,-0.0008303764418616071,0.0,0.0134449676299039,0.0,-0.004242623894116868,0.0
1289,-0.2908293101263222,-0.06394178477371995,6.094409097918942e-05,-0.004285840489332697,-0.004639912831851051,0.0009700466864520119,-0.005883339072408441,0.0011790322600775435,-0.03705656397660519,-0.017956976062501146,0.010102830755146406,0.038872310826639986,0.0,0.00029212703947443836,0.0,6.040010325733533e-05,0.0,0.0005724659638812467,0.0,0.002621313377608628,0.0,-0.0015415901143789861,0.0,-0.0007816067618524494,0.0,0.013263534205801116,0.0,-0.004149090418543739,0.0
1290,-0.2848395288077164,-0.06505051426348685,6.089402122338192e-05,-0.0051916796438599925,-0.0052308534050289675,-1.3029445730577027e-05,-0.005448047882726381,0.0006753899665223924,-0.03818896091166184,-0.018235642059149314,0.00995311378805147,0.03921293448767418,0.0,0.0003047213291295048,0.0,4.102536319643836e-05,0.0,0.0005783032779660449,0.0,0.0025024798315898588,0.0,-0.0014353364018666085,0.0,-0.0006833075521283688,0.0,0.012543149155861839,0.0,-0.0046261201660588135,0.0
1291,-0.29418595481647764,-0.06497798523690472,6.0862119508357306e-05,-0.0049476273064688065,-0.005174097779700021,0.0007757031261252827,-0.005603546632502986,-0.0003285139507245194,-0.02970914390337365,-0.018031076379181197,0.009295898041459515,0.04053630375105797,0.0,0.0003086123718250526,0.0,6.216404967658577e-05,0.0,5.463831006706494e-05,0.0,0.002496312055217843,0.0,-0.0012566146091616086,0.0,-0.00047689607717642805,0.0,0.013705445501914059,0.0,-0.004556923720717588,0.0
1292,-0.2939846528663652,-0.06520927536988914,6.089303892827069e-05,-0.0037894196176775437,-0.004439903439326473,0.0009671089990385635,-0.005564153776910001,-0.0009609413927190131,-0.028956070346227762,-0.018696710651790634,0.009276325718670642,0.04055960272900116,0.0,0.00030834934350069547,0.0,6.288602119151096e-05,0.0,0.0009366271507152059,0.0,0.002497101907571528,0.0,-0.0008277871433795154,0.0,-0.0005903246781808355,0.0,0.01333233073309017,0.0,-0.0046972909794548295,0.0
1293,-0.29206835744283577,-0.06476720287192152,6.077722692516231e-05,-0.004741012681502874,-0.004729996871486234,0.0009635220531537255,-0.003349594338952554,-0.001526581439035442,-0.02574816450066874,-0.018814406943983723,0.009051072836012,0.04275922728227351,0.0,0.0003047537041299687,0.0,6.843336082028542e-05,0.0,0.0011657978643566129,0.0,0.0024995959535061636,0.0,-0.0010100183246169881,0.0,0.0002916721032620841,0.0,0.013498748814186681,0.0,-0.004675024542537604,0.0
1294,-0.2901893913623673,-0.06235350465788652,6.07199084925015e-05,-0.005162543440294641,-0.0050776644143587825,0.0009538453608241395,0.0019652613239016297,-0.0019171868624210523,-0.021542427400687257,-0.01827114626754808,0.009328218471763176,0.046308008408989444,0.0,0.0002946387770734412,0.0,7.422827426471597e-05,0.0,0.0017447837310441752,0.0,0.0025281599205481653,0.0,-0.0006726606790301469,0.0,0.001097909924558002,0.0,0.013664338770279328,0.0,-0.004584686590803247,0.0
1295,-0.2704973302499044,-0.05098571603718662,6.0899441574953165e-05,-0.004090918142834914,-0.0036421794120450423,0.0018313533508076067,0.002067200124729785,-0.0171508184110403,-0.012847479507005478,-0.0179951663934054,0.011103208922078148,0.055267044564462534,0.0,0.0003129387824627553,0.0,9.190353812474561e-05,0.0,0.00452495575890319,0.0,0.0025269072328839245,0.0,-8.781383858154477e-05,0.0,0.0015978763115938358,0.0,0.014345022318134656,0.0,-0.004558826083584801,0.0
1296,-0.08646015717043239,-0.008139190015839525,9.791882674524958e-05,0.02566192821725441,0.026960211199941585,0.04857576163835632,0.05395277207669373,-0.006479441321535405,0.013593743451727505,0.011054730881951882,0.014080625000464335,0.2018171697858685,0.0,0.0003093500143043845,0.0,0.00011395176216258618,0.0,0.024927953416172814,0.0,0.0027010239446519126,0.0,0.005787788142739563,0.0,0.014241907668187113,0.0,0.014940008125545273,0.0,-0.002688259594029342,0.0
1297,-0.03594237719347531,0.000876444281084124,9.633141030867515e-05,0.031232004929770567,0.034250428824672864,0.05624641795064608,0.07618414313990539,-0.0031956541389605796,0.02611891392129233,0.021918242376148814,0.01418418493395911,0.25070551161935944,0.0,0.0002961220847850724,0.0,0.0001075328237356641,0.0,0.031183006649343505,0.0,0.002710545768912145,0.0,0.005725194169612909,0.0,0.018511029695694004,0.0,0.016688022099552665,0.0,-0.0015710815101827795,0.0
1298,-0.025989101593619716,0.0018728615561768483,9.499577075427576e-05,0.032043654605797764,0.0362785415723121,0.05890381047686909,0.07509626519539574,0.0032722107828272746,0.01738848469756675,0.023976448899573385,0.013073913848013098,0.2571465596237411,0.0,0.0002865630916860341,0.0,0.00017787845996815747,0.0,0.030950634373364764,0.0,0.0026190267772716073,0.0,0.005039163105502125,0.0,0.018616429587028555,0.0,0.017485250703163285,0.0,-0.0018743995093071417,0.0
1299,-0.030616262943595783,0.0004803784988893327,8.74959935096484e-05,0.03192030738805088,0.03596463965668996,0.05987615345283867,0.07366363194461022,0.006001959164366519,0.00145084538339873,0.025018457794018227,0.01362564754249829,0.25583739458925736,0.0,0.00028565721179731485,0.0,0.00019535327895155993,0.0,0.029372790497912096,0.0,0.0026350338495142564,0.0,0.004764823581489184,0.0,0.019086731949948556,0.0,0.016585341411573515,0.0,-0.002148552874877391,0.0
1300,-0.04286835799105249,-0.005137442380651369,8.769308396283628e-05,0.03171876330929693,0.03533245526005882,0.05714969248641461,0.06663933041879538,0.007979074916596138,-0.006443992674607538,0.029401400872529276,0.016242858680214228,0.2490377294262009,0.0,0.00026551012311548753,0.0,0.0003664892353836976,0.0,0.02762954730415463,0.0,0.0024692343643523186,0.0,0.004079259235164564,0.0,0.017670214952926387,0.0,0.01575286753150881,0.0,-0.002434388926699074,0.0
1301,-0.07340144299152779,-0.013133068860346072,8.840355525863412e-05,0.03161833372874485,0.033373694713167604,0.05431745530106866,0.00015619141989165633,0.0062960280830030545,-0.02409329589142611,0.0256733292442763,0.017901069208798838,0.22545702445937205,0.0,0.00025202648065734013,0.0,0.00036778564244499946,0.0,0.014172017809890082,0.0,0.0023163733952409615,0.0,0.0010014235042474654,0.0,0.005511445064852806,0.0,0.013158347251888502,0.0,-0.0028960967464251586,0.0
1302,-0.09377860563941111,-0.020359496179820285,8.846169565261294e-05,0.02272937096429386,0.023510189234294737,0.033683441040901034,-8.813955239931477e-05,0.004726308540590594,-0.021081016989888818,0.02626316114515546,0.019115459476437443,0.2282682485569996,0.0,0.00023161806721473644,0.0,0.0003919569653008673,0.0,0.010953893471010384,0.0,0.002282898589680505,0.0,0.0005188157535811459,0.0,0.005777388374941952,0.0,0.013831563238966744,0.0,-0.0026868616421687522,0.0
1303,-0.10220201198464576,-0.017271285883987235,8.958780682948497e-05,0.018516218847234565,0.0202006167964927,0.029168973690618435,-0.002865782931810554,0.01573866673593818,-0.020029667791571882,0.015046137344521792,0.01830898327740316,0.21668556418340623,0.0,0.00021001895580737289,0.0,0.00022642663942300898,0.0,0.009021739830058072,0.0,0.002791306165449808,0.0,-0.00045610912654112524,0.0,0.003281085859511845,0.0,0.012619904699248091,0.0,-0.00273303791256706,0.0
1304,-0.09825820045815484,-0.012419475717805653,9.079811775542944e-05,0.014801678444889433,0.015031449980298494,0.027697183447118363,-0.0027254697068844727,0.05228374236042303,-0.017490347487385403,0.015566012437066675,0.022210584182959278,0.19744076524193171,0.0,0.00015991457586718937,0.0,5.3191027672557645e-05,0.0,0.010523678973329856,0.0,0.003509684679067403,0.0,0.0018758882072251418,0.0,0.0022200487936554895,0.0,0.012806024921033044,0.0,-0.002184179235351182,0.0
1305,-0.11191999515172132,-0.014152585019627217,9.153467401234433e-05,0.013181722088795622,0.013181301938458902,0.023035585593244423,-0.002481952321625326,0.05353081553791986,-0.015507004863871666,0.010254271018578297,0.021799050985261845,0.18852703737312335,0.0,0.00015103153924974372,0.0,4.33339004826529e-05,0.0,0.010319882494176438,0.0,0.0033813528286206194,0.0,0.0013652241568695735,0.0,0.0004065553443814959,0.0,0.01554861382487365,0.0,-0.002238418369019604,0.0
1306,-0.1171890130732888,-0.014979551518098627,-0.00127295048870745,0.012375742647629624,0.011882625474259475,0.0222939634787337,-0.0031594803267318322,0.05573256744830768,-0.011662719543683345,0.004453467893348497,0.02212372822085823,0.18234975820463628,0.0,0.00014995916477420648,0.0,1.971390289955633e-05,0.0,0.010309201322149618,0.0,0.003327167883228776,0.0,0.0013858530076652404,0.0,5.52901023169128e-06,0.0,0.015797519883758413,0.0,-0.00220424850972031,0.0
1307,0.31843154348413594,0.10234871021151934,2.2115454502143045e-05,-0.010276551055935059,-0.008585328507273395,0.005925755321789458,0.024509835641262245,0.0330874207514046,0.03129639880326269,0.009401749941088203,0.01716959366319397,0.009290816873836202,0.0,0.0012485814757451437,0.0,0.0015190134599310631,0.0,-0.006664123949674995,0.0,0.015877235195787317,0.0,0.0038528191103607097,0.0,0.005210559648318117,0.0,0.043238326423610224,0.0,-0.0035996423388852043,0.0
1308,0.3197980950394575,0.10281101514876521,4.5726349511680925e-05,-0.01122080508173748,-0.008517637221882077,0.0073622814061481,0.025074962010120872,0.0634296295496334,0.02686969411208392,0.01393814718998433,0.008685298555866559,0.009331464882872512,0.0,0.0012448247531104393,0.0,0.001483614687797932,0.0,-0.005607835253107893,0.0,0.015555704195436563,0.0,0.0026325809548916838,0.0,0.004783295958259095,0.0,0.04063289327115903,0.0,-0.0037753244798124108,0.0
1309,0.319216975971885,0.10122132068488073,6.580347572594406e-05,-0.010417285386473766,-0.005922359636665813,0.012071826249550605,0.029090230611778983,0.06739093297701823,0.012141681901713879,0.01111615042870421,0.00027253985036795495,0.009643779853246192,0.0,0.0012941203706032859,0.0,0.0019542619456010338,0.0,-0.004713995309670564,0.0,0.015095630804083923,0.0,0.005483531741346718,0.0,0.004603335785195032,0.0,0.0401135317510764,0.0,-0.004112933902707525,0.0
1310,0.3251617503599624,0.09435224694031216,4.736153732576894e-05,0.0018263217151649313,0.0052346092361891085,0.010236060580919828,0.029582033478130522,0.06655872826793632,0.010812407940875391,0.01615244578289145,0.00029998478485303667,0.010275035504937666,0.0,0.0013285765647512973,0.0,0.001687303251481681,0.0,-0.003909005901200472,0.0,0.01695610175467617,0.0,0.0038314211507134064,0.0,0.004396274745541034,0.0,0.03400211105099664,0.0,-0.004207028623941333,0.0
1311,0.3063783840525863,0.08446304554804347,5.310374450024774e-05,0.003943921436190237,0.008279782608670377,0.006809226001333838,0.026517017412608698,0.06770641915476576,-0.007814206285046268,0.05343065984339831,0.004216528175342507,0.01262412772158194,0.0,0.0013272665399425357,0.0,0.0011413246068348309,0.0,-0.004939117515139221,0.0,0.018969255243018054,0.0,0.004470360833912445,0.0,0.003547206009061637,0.0,0.04506548658127064,0.0,-0.0037350739617227303,0.0
1312,0.31212292646839435,0.08688580238530798,5.258054806772994e-05,0.00872085721344004,0.015594599990134492,0.01289263482039951,0.025868480534511618,0.06690736756085443,-0.008086233824815714,0.02334713882810216,0.0011526924777323327,0.012498028078851737,0.0,0.0013580402170148451,0.0,0.0012985994885842149,0.0,-0.0035302586244164557,0.0,0.016578894394042993,0.0,0.0037709418136124655,0.0,0.004487007696105477,0.0,0.044859383141925314,0.0,-0.004391879550655583,0.0
1313,0.3192405690830982,0.088765478225106,5.84644347808487e-05,-0.00040147330454081326,0.0033426082674852795,0.019935916018341913,0.026219889795880705,0.06732098316381974,-0.0028458000651044664,0.00835379654744118,0.00042913864150972097,0.01184203110260096,0.0,0.0013547424909122901,0.0,0.001574533337469224,0.0,-0.0009709561565550916,0.0,0.016387675823120913,0.0,0.0035661982832172873,0.0,0.00414177882499142,0.0,0.04748388568838457,0.0,-0.004597538871387216,0.0
1314,0.31050030299022324,0.08768883764704963,-0.00010197174184947236,-0.0022257790152145403,0.0015333225199073044,0.032765618677726954,0.02376008701578759,0.06252942983084984,-0.0026666869388932107,0.011200928171603812,0.0050713074187958024,0.011667603500072073,0.0,0.001241598712494369,0.0,0.0009838922599355753,0.0,-0.002308519354398722,0.0,0.01639917798102386,0.0,-0.00019871007059933844,0.0,0.0033057452559954615,0.0,0.05002564955316279,0.0,-0.004444186013750204,0.0
1315,0.30931817968965564,0.0873243551448265,-0.00013782948461159463,-0.003330919136621025,0.0018456433268912973,0.03193731249601682,0.024614760063974686,0.062072728497155345,-0.003931766570388195,0.00434834187711114,0.0001536586638668808,0.010799541840678715,0.0,0.0012368293708405979,0.0,0.0008267926287911647,0.0,-0.0028969778407182136,0.0,0.016115428348575375,0.0,0.0002985489978255854,0.0,0.0030500728672317196,0.0,0.050302084691147386,0.0,-0.003997660562258148,0.0
1316,0.3128583171865644,0.0867411670046468,5.5748122010331135e-05,-0.003788495534147487,0.001089795631640025,0.033513065013031126,0.02652200588757387,0.056333407187402075,-0.0016349989191962336,-0.002142210387027689,-0.002550847173506991,0.012156880379674773,0.0,0.0012451403920607322,0.0,0.000855809287738339,0.0,-0.0018494212059219836,0.0,0.017200227589853914,0.0,-0.0007630561221696705,0.0,0.0033356546867085372,0.0,0.05076166417671303,0.0,-0.004465001224305769,0.0
1317,0.29383426320957273,0.09154083822815605,2.3299051172618767e-05,-0.004418085153054572,-0.0002169457800600571,0.008468954663343365,0.029343230551250207,-0.014781257160921326,-0.006249677184152446,0.004841587429361625,0.010344407984600533,0.013072476530165264,0.0,0.0012721678172010658,0.0,0.0004757566936214259,0.0,-0.008222394283089178,0.0,0.018902668224057773,0.0,-0.0003349079519502578,0.0,0.0035166438009164424,0.0,0.05131778165530525,0.0,-0.004571392587762595,0.0
1318,0.2750364045970079,0.092131087082935,2.0148968469432875e-05,-0.0021514038341243252,0.0027230149843094228,0.002135001035569,0.024054181794186922,-0.021890726305129556,-0.015873288149026974,-0.004316912698941455,0.015324957630253249,0.013553347336366482,0.0,0.0014490480565976065,0.0,0.0005144853370037595,0.0,-0.03203300249299195,0.0,0.01770849952552834,0.0,-0.002031765070509274,0.0,0.003893514676411444,0.0,0.046225807427366296,0.0,-0.004375623984577162,0.0
1319,0.265274787499153,0.09277469928854351,2.6733235956044925e-05,-0.003313016674774486,0.0006130686382964398,0.0015795999321337871,0.023882015619289758,-0.026994482461688868,-0.014061362971439381,-0.008933740489956097,0.018544311209293174,0.012799233021449523,0.0,0.0014375564803162646,0.0,0.0005675549622870766,0.0,-0.031685493568374086,0.0,0.016811653179105268,0.0,-0.002636137553865721,0.0,0.0033672446260494793,0.0,0.04322475341673198,0.0,-0.004672134357709769,0.0
1320,0.2554542613413548,0.08756274919107632,-0.0007968458598870872,-0.0038862091378577194,0.0004755989375869967,0.022444510889390035,0.02343780244836067,-0.020034757390411793,-0.02214451741523055,-0.009503043946016188,0.014716641623962754,0.013069103558526621,0.0,0.0009629119250541615,0.0,0.00019208377638350584,0.0,-0.03269618149366328,0.0,0.017252886583424932,0.0,-0.0014815495539439426,0.0,0.003283579143078838,0.0,0.04463421598994687,0.0,-0.0043363975803378555,0.0
1321,0.11906404378335536,0.050041801416682755,1.551737745492909e-05,0.03963731328336019,0.0386161997926165,0.0023404576384429545,0.01306660483088904,0.06163745576530272,0.039225001713468835,0.02218898711776966,0.024570215090174142,0.0008251703424454053,0.0,-0.003331823037845525,0.0,0.0005421449985182372,0.0,0.008226740198740257,0.0,0.006686807396549133,0.0,0.004489084495578636,0.0,0.007713410157227573,0.0,0.05753543063628093,0.0,-0.0015754425612923221,0.0
1322,0.12278100005303756,0.04611028942238843,2.0124972853165786e-05,0.038857875422446876,0.03638113951028773,0.003845976468313163,0.011911897326094054,0.059260099081489805,0.04085471060332183,0.03570039094422298,0.032484349376777466,0.0003288672315062796,0.0,-0.004149733522532154,0.0,0.0005754040573688487,0.0,0.008946335125288453,0.0,0.006952759652341054,0.0,0.0021905262535411156,0.0,0.007630002912250983,0.0,0.04340045024297841,0.0,-0.0014487764655945834,0.0
1323,0.11941040246969178,0.047648524265705684,1.9036965001887137e-05,0.03943479464444505,0.03650661640757622,0.003836786820923367,0.012131406817954979,0.05970300387874723,0.04050401901454935,0.026542144066348482,0.03498575129590175,0.000321160876345327,0.0,-0.004413000479251716,0.0,0.0006066479395866196,0.0,0.009387285964297115,0.0,0.006973130223483413,0.0,0.0020914620635604803,0.0,0.008067438607080469,0.0,0.04925688729347349,0.0,-0.0014983786997016585,0.0
1324,0.12173767143947889,0.05112813396521476,-0.0005712642124530995,0.0407246129638987,0.03888991123270646,0.004208924801024377,0.012759679042601483,0.06051335973453686,0.04188002533565355,0.005679384206662352,0.0393254378093714,0.0007797376147425326,0.0,-0.004715487510187912,0.0,0.0006789984859791055,0.0,0.010180552105637937,0.0,0.0064099188633265376,0.0,0.002168965249134538,0.0,0.008156720952194812,0.0,0.053298956677739304,0.0,-0.001719118321543465,0.0
1325,-0.12448272323117801,-0.020757720758153332,0.0002024762642818764,0.06388444124222208,0.05597378970228956,0.0029041781150043766,0.05906560079214802,0.12391861915010209,0.0303866363995648,-0.004519806491222457,0.03829920977834043,-0.002064776116242987,0.0,-0.0003094563936846268,0.0,-0.0009952938309976045,0.0,0.021504971729211963,0.0,0.004764461665075586,0.0,0.005192037225575161,0.0,-0.002751650293398737,0.0,-0.003951323358646162,0.0,0.008114983521042528,0.0
1326,-0.12278734331137983,-0.020322312469634875,0.0002024762642818764,0.06737915982310945,0.059792369923791645,0.0029867487097939155,0.05822753105968168,0.12238909308140802,0.028915229614679693,-0.0037574798972709908,0.038547937340282064,-0.002099150361116356,0.0,-0.00031371729024895164,0.0,-0.0009924205311898718,0.0,0.021485625704549226,0.0,0.004593480183104158,0.0,0.005209047102890906,0.0,-0.0027179611961291447,0.0,-0.0036364573424128143,0.0,0.007988208099117693,0.0
1327,-0.08986561372879324,-0.018788103639617925,-0.0009057399505669895,0.09651563140221758,0.09227277353942454,0.005179393234951967,0.05143979751176983,0.12029347866507664,0.018454920372870432,-1.3053989488843521e-05,0.04345120837268644,-0.001163853407659476,0.0,-0.00027539248194305513,0.0,-0.000944265428707905,0.0,0.019808112365837804,0.0,0.004244040622955471,0.0,0.006174761310110281,0.0,-0.0046668781058785734,0.0,-0.003876891032917114,0.0,0.00876692455730537,0.0
1328,-0.21962614222748766,-0.01183029574798373,2.9525882878672832e-05,0.0007975034544525496,0.000906846761289314,-0.006861992246015294,0.04726375069649082,-0.007003179851486421,-0.013408675141244665,0.0024094966608463816,0.025652370050455196,-0.014239608466965186,0.0,0.00033130807756588416,0.0,0.00021756115922295338,0.0,0.02081292126304505,0.0,0.016084171043171492,0.0,-0.01684221470577614,0.0,0.006356977159180846,0.0,0.01929603830732105,0.0,0.02707479857521403,0.0
1329,-0.219523871318184,-0.011628355781158197,2.9453319739514817e-05,0.0007861860245844284,0.0007758667983072308,-0.007443394125130042,0.04792387366385637,-0.007337406568463154,-0.01818881649818149,0.0023966606416590363,0.0267933787983743,-0.013701628880927975,0.0,0.00032347341217812557,0.0,0.00019708555013457654,0.0,0.021066560401555943,0.0,0.016584830632105616,0.0,-0.015759421392715252,0.0,0.006382795920474569,0.0,0.0196594648935004,0.0,0.026965856979803533,0.0
1330,-0.217693893488018,-0.010943206058751558,3.288959787273417e-05,-0.0001859454345198944,0.0009660201529711293,-0.0085142737845555,0.04845959726499069,0.007654417834910384,-0.022338725072079953,0.0015240837817108346,0.02591364177474147,-0.012832113371609367,0.0,0.0002967846060476773,0.0,0.00020554603783041222,0.0,0.020503078536214612,0.0,0.01230177732273378,0.0,-0.015345570166548805,0.0,0.005587085311142619,0.0,0.01881808218912645,0.0,0.026367588367952447,0.0
1331,-0.21296924999683015,-0.010795495092473833,3.289252812540137e-05,-7.413608897865474e-05,0.0011906563374437515,-0.008512738142529452,0.04807553994737905,0.012886017184779172,-0.019542495646419838,0.0012068577329076586,0.022825515559794417,-0.012612323801717885,0.0,0.000282959198040839,0.0,0.00020335679378163512,0.0,0.01988690308405464,0.0,0.011047881731382714,0.0,-0.015569353295053915,0.0,0.005369940810392208,0.0,0.018545123897548418,0.0,0.026010422056509174,0.0
1332,-0.2101582394170635,-0.010915640987025634,4.1109706175130025e-05,-0.0002965262125637823,0.0012500064283913475,-0.008084247365787181,0.04755965255014574,0.023448327340504966,-0.01745493300676572,0.0014302667403926863,0.021649677950567187,-0.012015517217045815,0.0,0.0002820401426717566,0.0,0.0001876463366742131,0.0,0.020003066619273927,0.0,0.010057321164056825,0.0,-0.015503532283658781,0.0,0.004770695896483617,0.0,0.018786966512590094,0.0,0.02587295269206452,0.0
1333,-0.20212079346810513,-0.012077567813588872,-0.0009422071165326042,-0.0006941177755736603,0.0008211863779593852,-0.008535379406562677,0.04692776894755276,0.01891028805130855,-0.007627370974757296,0.0020070597176187863,0.021776528618226945,-0.011579625561659328,0.0,0.0002586552969217466,0.0,0.0001520194020632668,0.0,0.02121042818612901,0.0,0.009726272562641976,0.0,-0.015065998687456476,0.0,0.004959989451393028,0.0,0.020957848085168734,0.0,0.030861769652591114,0.0
1334,0.028195402454789152,0.00546735412385594,7.5403981658861666e-06,0.028302681767331285,0.030013705935996032,0.04885721766199286,-0.005856467478365715,-0.0019729853965421997,0.0830037820283502,0.016386726640204734,-0.008657668056048638,0.002300176116104505,0.0,0.00017443739559611906,0.0,0.0002159261799555728,0.0,0.06416573238579074,0.0,0.03171259862188819,0.0,-0.0005130479809920489,0.0,0.003273743429198271,0.0,-0.0006796208021191737,0.0,-0.004023054586747754,0.0
1335,-0.08519374076788606,-0.03653900452096429,9.221384086452686e-06,-0.0010092050872120097,-0.0007441149837638743,0.01788080516332251,-0.01688794765376814,-0.017882907591168215,0.026652442740422302,-0.006088529243787778,-0.027085947539464375,-0.004256271009620028,0.0,0.00014378635825870834,0.0,6.404189021851592e-05,0.0,0.025997764389257386,0.0,0.012986668936792086,0.0,-0.006730230373354532,0.0,0.0015352365335914895,0.0,-0.014210373946799066,0.0,-0.00799905746391919,0.0
1336,-0.028068975084267624,-0.0643487549067383,-2.6137315539150544e-05,0.015336490388640567,0.01486832896901828,0.003041792096185509,-0.012613084845894436,-0.02100681422905635,0.018984104478628815,-0.004920721365379593,-0.04288616208847781,-0.004456349361784815,0.0,0.00019126605171587499,0.0,-7.076052014039005e-05,0.0,-0.0024277438893987383,0.0,-0.0016670295040487212,0.0,-0.004400647912785252,0.0,0.003308214943015921,0.0,-0.03172841378283899,0.0,-0.004430170723167618,0.0
1337,0.11790251275907866,0.014058109726898065,4.962527432261096e-06,0.050920264756927576,0.0556360491719529,0.01850143657985989,-0.005274768976789286,0.006972280376472127,0.026555760642439495,0.005899908641280668,-0.017203766085887806,-0.0018869274844759882,0.0,0.00019373782724103664,0.0,0.00010379908581528763,0.0,0.0025628850514622502,0.0,0.005017956591031677,0.0,-0.000994790411659303,0.0,0.005358340897808053,0.0,-0.011464896273803307,0.0,-0.0028242450344797233,0.0
1338,-0.022806718681384945,-0.16131869282069575,-4.7843402011124594e-05,-0.01582172383430387,-0.015727536121804577,-0.000543003193423627,-0.009700980131968172,-0.003545539361980098,0.01728147651135278,-0.002862906395861007,-0.055250155314164884,-0.004598696275024494,0.0,0.0001917585729154372,0.0,0.00013293051725875519,0.0,-0.002329072726871829,0.0,0.0029592725277759256,0.0,-0.0063864436592536745,0.0,0.00136083788505303,0.0,-0.04863762634263027,0.0,-0.005219004789296099,0.0
1339,-0.03570018431101538,-0.16551318078691643,-4.5238683235983546e-05,-0.01659285328014843,-0.015919397489105487,-0.0016184131478511315,-0.011977438033366422,-0.0027339448852581718,0.018605391319092977,-0.0026768994721343272,-0.05882580072467666,-0.004567593267112145,0.0,0.00019484049529301537,0.0,0.00013068080945146732,0.0,-0.0024068733741072768,0.0,0.002985823142046324,0.0,-0.007666835389353148,0.0,0.001240728413053758,0.0,-0.05197501570127757,0.0,-0.005771668486252636,0.0
1340,-0.03560020024966036,-0.16600023035584563,-4.639243206849213e-05,-0.016365023833103676,-0.015705510035676707,-0.001651549901722989,-0.011966212558221377,-0.004163290764205463,0.018477409220598498,-0.002493371936906039,-0.056951226428938656,-0.004470590651351284,0.0,0.00018483400079529738,0.0,0.0001250162477692983,0.0,-0.002656532725344315,0.0,0.0029226103634939853,0.0,-0.007657382285895961,0.0,0.001289465995402652,0.0,-0.0531861077271489,0.0,-0.00603815502750588,0.0
1341,-0.027720211842678855,-0.1690609948500799,-4.91302116012266e-05,-0.01637608472861952,-0.01567624566638729,-0.00210617612769054,-0.012352409250679324,-0.0038626119937821223,0.0195670164769725,-0.0027063485831136445,-0.06504688646292861,-0.004314296243053117,0.0,0.0002303420556178685,0.0,0.0001497398248486774,0.0,-0.0029105299767447,0.0,0.0029808484809794905,0.0,-0.0072569586696020075,0.0,0.0015546277942821323,0.0,-0.05211315777008854,0.0,-0.006001541573849865,0.0
1342,-0.04362631693163076,-0.17026277022450134,-5.249148555414647e-05,-0.015105702130672981,-0.014839972603752827,-0.00035508559077306647,-0.005626496761409724,-0.003886688445917804,0.021028401783912527,-0.001841084538628084,-0.06598886314848768,-0.004508020157523817,0.0,0.00023276397277659352,0.0,0.00011968472001529131,0.0,0.0020711833397497274,0.0,0.0030164123604350425,0.0,-0.006248918446363554,0.0,0.0017300970798452826,0.0,-0.05283859073896597,0.0,-0.006088551370751445,0.0
1343,-0.04602438265924824,-0.17190236821255,-5.2534510878065054e-05,-0.0152076179739976,-0.014628664787423685,-6.434955415337708e-05,0.00018749030932102,-0.003261891792234835,0.019958059336180764,-0.002480050807991755,-0.06570576879507653,-0.004416106358780354,0.0,0.00023408994473816692,0.0,0.00010874394824742921,0.0,0.0014743540726361375,0.0,0.003001019686030358,0.0,-0.005852145225988228,0.0,0.0016884822882924947,0.0,-0.05410929780858974,0.0,-0.006018070416733168,0.0
1344,-0.04490214982726013,-0.17259584241457393,-5.36136909240542e-05,-0.01441367637879204,-0.014120735147619086,-0.0018420342210243598,-0.0012626369178725253,-0.0034926301404054156,0.0207968623811884,-0.0020092308849698603,-0.06452556307828516,-0.004586880561478683,0.0,0.00025186855008363325,0.0,9.179047023244027e-05,0.0,0.0015665880067042834,0.0,0.0029719690249788984,0.0,-0.005822276094058076,0.0,0.0015820336565817226,0.0,-0.054685682535841315,0.0,-0.006019169514863652,0.0
1345,-0.04237388881665023,-0.17069332699117298,-6.159982329852589e-05,-0.014703221157040014,-0.014961867657517985,-0.002787486961774126,-0.0033038561812031918,-0.0035175278152686186,0.0200023306223728,-0.0038135161775122227,-0.06237315092895205,-0.0044560457051813955,0.0,0.0002798462339472467,0.0,0.00021207318118398978,0.0,0.001775456602775671,0.0,0.002928985205097184,0.0,-0.005759238586116368,0.0,0.0012621127403153773,0.0,-0.05471731011865131,0.0,-0.0060097769835521534,0.0
1346,-0.03910496666715476,-0.16943692868537172,-6.433233440906377e-05,-0.014963925122841911,-0.01481172646258534,-0.0032849121643544915,-0.003571399927221073,-0.003830414029140121,0.01886465215584781,-0.004718577021484868,-0.0624753403972399,-0.004406529326183661,0.0,0.000287313518517619,0.0,0.00021792718830006752,0.0,0.001914258505788379,0.0,0.002890204660050317,0.0,-0.005801789111824361,0.0,0.0012678268383745253,0.0,-0.05493665328219795,0.0,-0.005987129420406092,0.0
1347,-0.04584640845675392,-0.16953434035503878,-5.260202947449981e-05,-0.01351629445587499,-0.013789773732494135,-0.001408922225477778,0.0017508898269748365,-0.005042638655429602,0.015469644976626874,0.005698932260896658,-0.06222488487471945,-0.004934886104253759,0.0,0.00029857373638234085,0.0,0.00019653332222526195,0.0,0.0015551954317748306,0.0,0.0030301501436991287,0.0,-0.004661052012087412,0.0,0.00048327613170770045,0.0,-0.053586702404935724,0.0,-0.005770017515324621,0.0
1348,-0.039514668581885494,-0.1010001240287202,-5.3752458202951516e-05,-0.014865191494525263,-0.01438255552758974,-0.0005450709618207553,0.009708562537706463,-0.013576202070174508,0.004731266797104102,0.0031522227055974087,-0.060325369817541497,-0.008070262346456622,0.0,0.00026425459027889023,0.0,-1.9245600703672815e-05,0.0,-0.00894114536082207,0.0,-0.005251663739012679,0.0,-0.003384604974338455,0.0,-0.001751425649217807,0.0,-0.04945734193568596,0.0,-0.006097416234401188,0.0
1349,-0.01137406375698124,-0.07455933145295622,-4.9013277739935685e-05,-0.012278000620074765,-0.009385162819315758,0.006987338348262305,0.008683547255380357,-0.00992712477507991,0.0037255685913847925,0.05339515294065034,-0.06658980915579328,-0.005097814400314588,0.0,0.0004319093879191669,0.0,0.0003926577994045276,0.0,-0.0004095223945968793,0.0,0.0056948703284984544,0.0,-0.003304479561275906,0.0,-0.0008631101738467859,0.0,-0.03628030781501819,0.0,-0.005329190724197055,0.0
1350,0.09544219172408869,-0.03106954128162702,-1.371061503162444e-05,0.012275476898619775,0.013936312594028026,0.049571868122803335,0.003308522433681804,0.003005723305894576,0.026352580912953217,0.15902903819759015,-0.02465439748334322,-0.0008202080270237797,0.0,0.0004346971166131536,0.0,0.0009163120578207663,0.0,0.00045821567866577445,0.0,0.007313995824995929,0.0,0.002175201498456056,0.0,0.002985617289785981,0.0,-0.0041219544907643785,0.0,-0.0028631703157783153,0.0
1351,0.0007152382315774229,-0.058051142248168874,-3.8646171708666026e-05,-0.01811562040037186,-0.02334119820132181,0.034163867194444524,-0.011960049993109236,-0.025701332001485302,0.008891211192217375,0.11372872273018837,-0.053446814298787275,-0.002342946474485767,0.0,0.0002022638079505232,0.0,0.0005672357190806622,0.0,-0.0007717213208487784,0.0,0.006173406730994291,0.0,-0.0033346081786493754,0.0,0.0014528145066190483,0.0,-0.024067538579878523,0.0,-0.003543592278336575,0.0
1352,0.11073681667994333,0.0016238049205247824,-2.7595019725656183e-05,-0.0023485700554434345,-0.0011742636423008013,0.10605127836309955,0.004669750914087293,-0.010630319073178414,0.03802480905540184,0.1517656182821527,0.0013032052807746865,0.0015909339813684087,0.0,0.0002531350501736205,0.0,0.001033745013438569,0.0,0.0004808477774900297,0.0,0.008025856171267037,0.0,0.0032072183121541744,0.0,0.00733834928102312,0.0,0.0021600491396487095,0.0,-0.0019207804212379356,0.0
1353,0.12954490155774817,0.007793257279070036,-2.6747364485756162e-05,0.0004255929051776505,-0.00019111458482560465,0.10049563040455288,0.008938213831921598,-0.011420771646714702,0.041839496189827935,0.1526506183534635,0.03176835555274332,0.0022126050035371817,0.0,0.00023834052912540763,0.0,0.001054718347758954,0.0,0.0012964687444470626,0.0,0.009028807683140287,0.0,0.006468685536589289,0.0,0.007089695573153158,0.0,0.007545926563180402,0.0,-0.001881855325707011,0.0
1354,0.13542068791163456,0.00757523913104904,-3.238444573323803e-05,-0.001571364527361521,-0.0036908226407442175,0.09861728715462544,0.006812787201463428,-0.013458273222886471,0.041301386854694574,0.14557242150406688,0.01669283313219853,0.0013766490818445118,0.0,0.00024853276518235995,0.0,0.0009382377649362541,0.0,-3.413252308987061e-05,0.0,0.00913055895809309,0.0,0.004905507844164939,0.0,0.007339080765341273,0.0,0.006227749180484104,0.0,-0.0020582037361257877,0.0
1355,0.10244428740853316,-0.00030114772683076895,-4.809339741589822e-05,-0.0018796799911796887,-0.004238114586891169,0.09633510103044443,-0.0005780837660524068,-0.016350080478430506,0.0369603880742601,0.08211516584556716,0.009387041141677604,-0.0002441506963174612,0.0,0.0002165503698907491,0.0,0.0008941962153081774,0.0,-0.000947873724173553,0.0,0.008948085356889138,0.0,0.003474216687368251,0.0,0.006532554101951637,0.0,-0.004215574658512576,0.0,-0.0026048792983318744,0.0
1356,0.15190985563772436,-0.005942380660474455,-4.53926339053809e-05,-0.0034312021038426788,-0.005343873188228869,0.09418624669447308,-0.01704613779368387,-0.017131937935025144,0.030208609568580062,0.018908890345648008,-0.001568550760502682,-0.0019497036624056968,0.0,0.0001764328314260846,0.0,0.001040783933875949,0.0,-0.001242301607759003,0.0,0.008857353428340783,0.0,0.0015447401349184698,0.0,0.005373034018021331,0.0,-0.010512787291629785,0.0,-0.003680137938179357,0.0
1357,0.15780054321198178,-0.003900787584077345,-2.6957712385914256e-05,-0.007625385249252927,-0.008883470559691036,0.08787499376370912,-0.026077937731028053,-0.018725085473744952,0.010092599496062012,0.01999852493091492,-0.0061823599343148496,-0.000821582423312929,0.0,0.00018950164240131496,0.0,0.001105644545116594,0.0,-0.00018188050645703588,0.0,0.009837081266187594,0.0,0.00142091581421299,0.0,0.005662031878748724,0.0,-0.012771907018252919,0.0,-0.0036228294826220146,0.0
1358,0.1690578310427037,-0.0046721173713865595,-2.5446406737775703e-05,-0.01277455603341498,-0.013490249845500077,0.08446411449102151,-0.029177511925307976,-0.017181789327185837,0.00906452622885164,2.6106468185919514e-05,-0.006935874748999857,3.202426373025539e-05,0.0,0.00020153574387508767,0.0,0.001145430320711842,0.0,0.0002983020132148421,0.0,0.010434388487539374,0.0,-0.0001239630885406192,0.0,0.0071560622798687665,0.0,-0.008584625305651482,0.0,-0.003886762600702706,0.0
1359,0.21108323623877726,-0.010559594312825408,-0.00019014602388209927,-0.015361086460107165,-0.014087701983933158,0.06397427235249716,-0.017530769851682195,-0.01479371620365532,0.013186500864148448,0.00624428669465091,-0.003702158607578115,-0.0005201186503953685,0.0,0.00033006697212269295,0.0,0.0009665816929111505,0.0,0.00028594052170946696,0.0,0.013704488515766385,0.0,-0.007879299403065353,0.0,0.0034158756299922073,0.0,-9.316388184591835e-05,0.0,-0.0042961812741526455,0.0
1360,0.23295803270628876,-0.013215072691610758,0.0009834643264092404,-0.01795149283809104,-0.016532962638850568,0.06638324660480065,-0.02229078290704307,-0.015262746332575279,0.009225523513439877,0.00967489117050817,-0.026857556248421083,-0.0008180509598856349,0.0,0.00037477534830303636,0.0,0.0014484675708585234,0.0,-2.558441187021274e-06,0.0,0.015150487879178068,0.0,-0.012316194007799883,0.0,0.00511796619760578,0.0,0.0007845394290918347,0.0,-0.004980915410850708,0.0
1361,0.47732500326589866,0.056511534001924386,0.0005921936832328073,0.015041917935338794,0.015539949767210817,0.005916222677315133,0.006533294276493779,-0.00806110630402959,0.015417021340090152,0.011671355173589538,-0.005299437909359707,0.010076569956535664,0.0,0.0013513005457785967,0.0,0.005670673686054138,0.0,-0.0020638019786308913,0.0,-0.007618132921543627,0.0,0.03645635121966502,0.0,-0.0021250985088257807,0.0,-0.006436931843515666,0.0,-0.004111274406027847,0.0
1362,0.4802828562203191,0.06022680458562152,0.0005632486143975488,0.015360655495564542,0.015684182568852015,0.006388927821104149,0.006190979549946419,-0.00777292763469032,0.01086744989167312,0.008645559145592797,-0.0017196973194931054,0.010170752046533131,0.0,0.0013586260536962076,0.0,0.0061441962766664955,0.0,-0.0030045890745726243,0.0,-0.007649566984276608,0.0,0.03486243197028933,0.0,-0.00235554246252713,0.0,-0.007112676570234227,0.0,-0.0036254983046058353,0.0
1363,0.4961366913740339,0.05433260858285066,0.000528743247178416,0.015487664133992664,0.015591134173884198,0.004643720374324444,0.006206156398500714,-0.008987554864521664,0.006882348139164775,0.007687832267203787,-0.010887978739611424,0.008642530152863741,0.0,0.001403712702581762,0.0,0.0021972749112588773,0.0,0.003353545060846387,0.0,0.009368390018105412,0.0,0.034598550922100825,0.0,-0.00107858128903128,0.0,-0.008866048649655234,0.0,-0.003667452932254936,0.0
1364,0.5010876904528432,0.052698409710487545,0.0005233420835076328,0.016524846082729406,0.016392023653266547,0.004095731444571452,0.007010508225450064,-0.010524418286938812,0.004245905028422527,0.007417828914529935,-0.009936001105695562,0.008756881811284348,0.0,0.0014076988190025418,0.0,0.002218599824510443,0.0,0.0037236399773371664,0.0,0.0094320101296712,0.0,0.03384929801097704,0.0,-0.0013245482084911493,0.0,-0.008149671988444534,0.0,-0.003639352129880015,0.0
1365,0.5014155623956461,0.052534763177695495,0.0005213773334119506,0.017960694903853547,0.017390638565022064,0.004439758138023427,0.006956894614908021,-0.011625021816348237,0.003726457637428364,0.006609406602055097,-0.010237812188134292,0.00879556826360104,0.0,0.0013629342383614234,0.0,0.0025646434026071955,0.0,0.003266339873531498,0.0,0.009428516244546032,0.0,0.03388322263980489,0.0,-0.0014019726412084087,0.0,-0.00814796546393802,0.0,-0.003633583471725176,0.0
1366,0.4963584932188663,0.056966426372236645,0.0005348584346818282,0.017298833987936784,0.016889535869618034,0.004524760571768508,0.0069252595243256285,-0.010389402104725168,0.004977069951861805,0.0071504242081279305,-0.011013851663496863,0.008428467782985135,0.0,0.0013651217186981608,0.0,0.0025463701093440165,0.0,0.0036974358724550897,0.0,0.009343971779213683,0.0,0.03389086669005697,0.0,-0.0016767201899464351,0.0,-0.008351492108711615,0.0,-0.003656007576155698,0.0
1367,0.4962950138868908,0.059009628169834925,0.0005280923580071648,0.01650923866201301,0.015951091760130202,0.0046004401784511045,0.00671591972700672,-0.005530314143398959,0.005378958739765657,0.0045328096350590605,-0.011158335794430353,0.008008264986106519,0.0,0.001172389051767758,0.0,0.002032505828170066,0.0,0.003818852022680845,0.0,0.009358887266157042,0.0,0.032055652777741285,0.0,-0.0016152276916857854,0.0,-0.008315406930918192,0.0,-0.003538038040207515,0.0
1368,0.48441898888393675,0.06248914751261076,0.0005232547137747674,0.014830263934344596,0.014844186347921284,0.008721345973164076,0.00716951880328123,-0.001568856385566424,0.00864232860731085,0.005526325753625213,-0.012347348005301406,0.008408221805715948,0.0,0.001027945345886886,0.0,0.002330513389882334,0.0,0.0043312381949914165,0.0,0.009489619852944664,0.0,0.03194670082449932,0.0,-0.001987819305513512,0.0,-0.008343669960192222,0.0,-0.0035229156055136732,0.0
1369,0.4793227245789383,0.06482577910941306,0.000521237201039278,0.012447736317435001,0.012203422870941475,0.009123574431410958,0.007039012816448323,0.0013845200877234218,0.011178406210776197,0.006676206607350608,-0.010418526819829866,0.008505093716148196,0.0,0.0010212863778598607,0.0,0.0019131232756102335,0.0,0.0046717684327880794,0.0,0.009496920411590417,0.0,0.031202494779103848,0.0,-0.0022727819351148226,0.0,-0.008461291285133185,0.0,-0.003451716502695652,0.0
1370,0.46378866396740787,0.06891745716145369,0.000521775348996364,0.013409475676379587,0.012452398522422501,0.00973499460317218,0.006620807239715235,0.005677182963654105,0.01290318285417645,0.006686814088173371,-0.008150974407931782,0.007152893584769393,0.0,0.001080197043458892,0.0,0.001449485487875868,0.0,0.004573012908526574,0.0,0.009614183263945938,0.0,0.031032416081988704,0.0,-0.001982136061773262,0.0,-0.007667060095044637,0.0,-0.0031229160148888483,0.0
1371,0.45604964575518026,0.06766139782707153,0.0005187043770249617,0.013884546869721487,0.012651227235819695,0.009572960088641405,0.006207342589712538,0.004979873146735623,0.017639366995585354,0.00689856362558997,-0.00019358129555169468,0.00645032140539777,0.0,0.0010860397121573641,0.0,0.001341618307217264,0.0,0.004631972270588986,0.0,0.009504191652465046,0.0,0.030697605093488425,0.0,-0.0016727738768568215,0.0,-0.007745645025012827,0.0,-0.00323438607317299,0.0
1372,0.44674223260628343,0.07270379754074892,0.0005142459761615374,0.010678236741149951,0.010309414184860017,0.007621309572315635,0.006102169302402907,0.005931898725915212,0.01911848627579268,0.005679771471199599,0.007350379230865307,0.006494931117187532,0.0,0.0012071692878193052,0.0,0.0005949381176172298,0.0,0.005443164193181701,0.0,0.010906618720144319,0.0,0.029728856591679648,0.0,-0.0008781844147809989,0.0,-0.008471439404106627,0.0,-0.003086141619959344,0.0
1373,0.44128997277343707,0.07238820796771088,0.0005137370414110447,0.009460098786483533,0.009416331250635304,0.008004319562578285,0.006702190291186458,0.005878563412186056,0.023315328313429723,0.005215021058116014,0.013706022128043437,0.00683105113769659,0.0,0.001351157275790619,0.0,0.0005642706074788095,0.0,0.005654194870055469,0.0,0.010536285677884654,0.0,0.02757112250295248,0.0,-0.0005115681848715935,0.0,-0.009132773761441946,0.0,-0.0029431102616218167,0.0
1374,0.43753554973021497,0.07201730243243963,0.00035599091573654365,0.008544396580917827,0.008225513598835207,0.00943396915101282,0.006571281815383701,0.006150747941621766,0.026588567540956332,0.00569661753757315,0.014139029083972377,0.007549797125713424,0.0,0.0013958677747542565,0.0,0.0006277398409450016,0.0,0.0049782017766906075,0.0,0.010558388206804716,0.0,0.027224345202529348,0.0,-0.0002725637759613685,0.0,-0.00858937803992239,0.0,-0.002920941991076713,0.0
1375,0.431981808613082,0.0721666243131777,0.000349324536985666,0.00845401682898078,0.007789004640090113,0.010756129542822542,0.006205459194766927,0.006466693235250744,0.03049324285912389,0.006571197966692627,0.015834329165650633,0.007386249311722077,0.0,0.0013996735195805517,0.0,0.0007190511724468658,0.0,0.004693140991470947,0.0,0.010400560549234729,0.0,0.027059673859048432,0.0,-4.9664221022439226e-05,0.0,-0.008854602559357798,0.0,-0.0028929228379421194,0.0
1376,0.43520358647195606,0.0719962876984086,0.000349324536985666,0.008478113280243005,0.00730028665200364,0.011280917732422895,0.005848371161732722,0.0066782146359392214,0.0284027966184569,0.006048727022165722,0.015791074963115607,0.007453254035576236,0.0,0.0014001215284566518,0.0,0.0006991502359851969,0.0,0.0039021731693898195,0.0,0.010052095183107118,0.0,0.02688615743789119,0.0,4.676175769667507e-05,0.0,-0.00909660323922493,0.0,-0.0029103884331655597,0.0
1377,0.4357528031129539,0.07223820138548273,0.0003537970430716325,0.008412342690693205,0.007769429054850311,0.011579054394805877,0.006451253144498341,0.007174255843767038,0.02844486143010701,0.005544071871550206,0.015284429518358013,0.00740444790466799,0.0,0.0013999789006470921,0.0,0.0006631557732230701,0.0,0.0037638341702512343,0.0,0.009920803537591703,0.0,0.026798380079358586,0.0,-4.0158050300478374e-06,0.0,-0.009158758105994945,0.0,-0.002863335263048386,0.0
1378,0.436291685430248,0.0722960622989037,0.0003537970430716325,0.00802240335225665,0.007843203831386654,0.011710574918344398,0.006440784353159515,0.006747030423049073,0.028181623993677296,0.006003383822884177,0.014143166471573458,0.0073405615251865754,0.0,0.001396924090981263,0.0,0.0006811560507083989,0.0,0.0036546796630401884,0.0,0.009907313716820847,0.0,0.02681951171492043,0.0,7.956525927153981e-06,0.0,-0.009177305783326437,0.0,-0.002854090993669782,0.0
1379,0.4362323779067347,0.0732478414507905,0.0003537970430716325,0.008521436184028404,0.008483043572827474,0.011936390055058033,0.0064976001874224535,0.005161813130852902,0.029312308652296292,0.00622087690106903,0.009340821216482323,0.00725178176796707,0.0,0.00131120366734095,0.0,0.0006612857315545262,0.0,0.0034214583388984406,0.0,0.010242124286055785,0.0,0.028406502187023477,0.0,-0.00026515095373519994,0.0,-0.008753773602329448,0.0,-0.002891883506927859,0.0
1380,0.43211592109388874,0.07669841856024463,0.0003502207970859409,0.0098549995696147,0.01017327463083591,0.015697659057221612,0.006270697430190538,-0.00024032074265356308,0.025608411744025512,0.00595162845372247,-0.004230332957041563,0.007203378713023308,0.0,0.0011515661629053215,0.0,0.0007241148187278099,0.0,0.004714668789510153,0.0,0.00962850137700281,0.0,0.03016645739211361,0.0,-0.0005682080990418114,0.0,-0.0071363989329463525,0.0,-0.002865622433893412,0.0
1381,0.4245285163098877,0.07631134555783936,0.0005230501707316977,0.010812232986059161,0.010491738202543175,0.015150397098452393,0.006579087915306794,-0.004401622742889145,0.029632794843067824,0.005767671977970555,-0.002581375047969804,0.0062612261888305805,0.0,0.0012947063551480458,0.0,0.0007132894155345335,0.0,0.0049680306459822295,0.0,0.009662366208821509,0.0,0.029502472990699427,0.0,-0.0005754720965160395,0.0,-0.006999059057888807,0.0,-0.003083771893049196,0.0
1382,0.4337521397895869,0.07884916964833064,0.0005229178647613779,0.010348221902052764,0.01147155406504822,0.014940902383383584,0.0067509109937465995,-0.010423649457388075,0.020158343535465542,0.005355413133554577,-0.0030302660659711233,0.0062982497905140315,0.0,0.001539185581244107,0.0,0.000693473149870346,0.0,0.004453596183059238,0.0,0.009617999068526117,0.0,0.032230962969176595,0.0,-0.001065396830149023,0.0,-0.008085761706369654,0.0,-0.0031760446678688477,0.0
1383,0.44532987278923,0.08031660372755478,0.0005509075290027565,0.007004732712508629,0.008073934120357134,0.012540361430285722,0.010256544645220253,-0.012357698643484037,0.018253973669139077,0.0053888069233965245,-0.010570718510121724,0.0071380332385315715,0.0,0.0015845974233176172,0.0,0.0005548492080562331,0.0,0.004143826187849374,0.0,0.009655023783534986,0.0,0.03269083581729473,0.0,-0.0008949517771440806,0.0,-0.00870277142222857,0.0,-0.0031105462197135022,0.0
1384,0.443471814847393,0.08115289094653214,0.0005510692836908619,0.00705113730421727,0.007724334781560059,0.011968001463770101,0.01415582941645829,-0.01143021500108659,0.015436445967268547,0.005411417999203152,-0.010959721373787609,0.007332151671021391,0.0,0.0016042088078758291,0.0,0.0005680757091021646,0.0,0.004112571413586105,0.0,0.009701390239341738,0.0,0.032861462343821014,0.0,-0.00034041876999823796,0.0,-0.008889573612898504,0.0,-0.003636656804484328,0.0
1385,0.439308088328658,0.08075356672126796,0.0005371469989937084,0.007292472117833035,0.007673541512032074,0.012240340272930243,0.015797675626826817,-0.009674450089140828,0.015906049749395853,0.0058320371951737756,-0.009992081386550864,0.0073378800797901725,0.0,0.0016023968961565546,0.0,0.000557413125639802,0.0,0.004073664807682427,0.0,0.009544701717644277,0.0,0.03206258889292602,0.0,-6.223060313348741e-05,0.0,-0.009138011122918694,0.0,-0.0038065742086214184,0.0
1386,0.43007274543823587,0.07973627081048028,0.0005207317020605436,0.007719864172380287,0.008404729069532208,0.012488896385880358,0.01763243634139574,-0.007617122428038357,0.01185528480071295,0.0070552450431593085,-0.0003302750352201559,0.008106251818990514,0.0,0.0015923513248861675,0.0,0.0005677462552351945,0.0,0.004209291675605423,0.0,0.00983630362508147,0.0,0.03193416039475688,0.0,-0.0003203624062175885,0.0,-0.009421689008890271,0.0,-0.003959506882116711,0.0
1387,0.43261607673944835,0.0770566580582401,-0.010051497949296365,0.006443239502780618,0.00709056578979537,0.012155947369122778,0.0109844872683318,-0.008374186120263409,0.0041723335765130225,0.006420867817555927,0.00038681999470605065,0.00786444633560616,0.0,0.0016860474924881798,0.0,0.0005813184664280851,0.0,0.004207404267362399,0.0,0.009302631201411428,0.0,0.03053504609850739,0.0,0.0002453652377448326,0.0,-0.009200385186298114,0.0,-0.0042411751441530955,0.0
1388,-0.2998628940562563,-0.013830883642490412,2.2105841934703232e-05,-0.0052110372790790905,-0.004392704454889592,0.00640739799551563,0.045551965782179106,0.10686127246202634,0.03300038936121239,0.007695400751739719,0.016494202537891786,0.0054937511207794045,0.0,-0.00032865394930340345,0.0,-0.0006454514866079313,0.0,0.017130097510195896,0.0,0.0052744915099508915,0.0,-0.0006393811099092193,0.0,0.0028648170566163166,0.0,0.02472707031551277,0.0,0.002397571327535213,0.0
1389,-0.29926179972953837,-0.014246775438970165,1.9508138476194707e-05,-0.005372782646359679,-0.003810442675814562,0.008570261383882118,0.04532599996098761,0.10397625882217364,0.033390347746511395,0.006413843785045218,0.016502880092651245,0.005378885493051805,0.0,-0.00032860083094480143,0.0,-0.0006113047611462887,0.0,0.017230889001608726,0.0,0.005265962458178648,0.0,-0.0005582443056616018,0.0,0.0029061028944860475,0.0,0.024534357206561476,0.0,0.0025656127667126913,0.0
1390,-0.2966237358836104,-0.015003727455702047,1.953760273123552e-05,-0.004709941785087126,-0.0033382458821647346,0.016601484210500388,0.04457077508790968,0.10425773867976626,0.03421728964873743,0.0066423354038020604,0.01649346395178675,0.005481449063387439,0.0,-0.00032777765114731604,0.0,-0.0005887046097771482,0.0,0.017735013455987294,0.0,0.005255650967386191,0.0,-0.00035230614846303634,0.0,0.0030019929841568153,0.0,0.024182344472878824,0.0,0.002680573808097846,0.0
1391,-0.29179182878849463,-0.015961218367201605,1.3804927847172282e-05,-0.005005368444454909,-0.0033862896868837155,0.022635879668204198,0.04422366372395447,0.10160327495128352,0.03599330817092646,0.012541425542615926,0.016164523422320817,0.005263266701433045,0.0,-0.00032235950800980467,0.0,-0.0005994797108995365,0.0,0.017989686762495044,0.0,0.005268406996583918,0.0,-0.00022619374454229917,0.0,0.0028211811407615702,0.0,0.02374199584534399,0.0,0.0026503491098398544,0.0
1392,-0.25424130420716334,-0.010483377450448335,1.8559896310022296e-05,-0.0063344873413568115,-0.00491908399552417,0.019071253526895888,0.03607304385351747,0.07592067880407036,0.030966678010082568,0.10822948073619841,0.02064844875805657,0.006512128791699986,0.0,-0.00030449197434308006,0.0,-0.0005245401745683812,0.0,0.013043229043472876,0.0,0.00788316550156208,0.0,-9.236954672747956e-05,0.0,0.0026333860939041945,0.0,0.01910295975312872,0.0,0.0021372657126534664,0.0
1393,-0.24987492030901745,-0.010529029369794494,-0.00045525111636780205,-0.005844128132072884,-0.004627889717225533,0.019073946508098332,0.03566176868495386,0.07430664705407995,0.030073741366503686,0.11181911831291566,0.020493627994931256,0.0066169321014367686,0.0,-0.000311716331482312,0.0,-0.0005277744584216214,0.0,0.01322487423696972,0.0,0.007724418235807117,0.0,0.0002940638660115802,0.0,0.00262193958150141,0.0,0.019408835695149052,0.0,0.0017842607507565368,0.0
1394,-0.10179320068836448,-0.03369687511106659,2.755815495014884e-05,0.03941800401520197,0.037370146748937814,0.014688294714654241,0.04760798437768055,0.14474777234501068,0.03494426581876791,0.0036773199370746445,0.01980533182831262,-0.008278282484205474,0.0,-0.00021208784032125165,0.0,-0.0007289358031241321,0.0,-0.02195951576153809,0.0,0.0036873092816076813,0.0,-0.018384005266622906,0.0,-0.00028318506989121774,0.0,0.019614401944365284,0.0,-0.004173422316447627,0.0
1395,-0.10353855211178897,-0.033166690009569316,2.773054317642981e-05,0.03934240684859718,0.03731990935516652,0.01471851728600943,0.04777747485092615,0.14559638870511257,0.03481393458401255,0.0026857886283850863,0.018837488912194528,-0.00826655442774195,0.0,-0.00020708136489739213,0.0,-0.0007423997743473109,0.0,-0.02186203910569813,0.0,0.0036857189837500894,0.0,-0.018407664786249268,0.0,-0.0001962363207118003,0.0,0.01966719828957879,0.0,-0.00424359672624758,0.0
1396,-0.1066725762321032,-0.03294993063874249,2.650482183402112e-05,0.03903026346490267,0.036953760609183664,0.01452613600079436,0.04771928780757788,0.14565720390072384,0.0348353533260804,0.006262285510280077,0.01866505085326702,-0.008277954651939192,0.0,-0.0002066130974165504,0.0,-0.0007672426422098201,0.0,-0.0219578444945449,0.0,0.0036973654840251496,0.0,-0.018010255289651195,0.0,-0.00025910867428743505,0.0,0.019775466427822016,0.0,-0.004205410125939128,0.0
1397,-0.10592144165440129,-0.03283031569898928,-0.0007510695366313913,0.03935906981847983,0.03693540163973208,0.0145601884046939,0.04910618129121907,0.14656879003608525,0.034846550607009114,0.005979279993274985,0.01885586624491564,-0.008069934121967302,0.0,-0.00019815227850678753,0.0,-0.0007369978395969953,0.0,-0.02155358641580388,0.0,0.0036768559855440653,0.0,-0.017647250237734453,0.0,-0.0002581749321410488,0.0,0.019470435692369576,0.0,-0.004194249939907071,0.0
1398,-0.1931222188858991,-0.04097237396359326,3.752300964787409e-05,0.022354019786321067,0.014258884547368122,-0.012275919716262228,0.03890020337459467,0.06241887343144885,0.006016004523678322,-0.023157378254312064,0.010704955975774184,-0.011592982903221354,0.0,-0.0017037154733379502,0.0,-0.0015526625151115706,0.0,-0.016703305571099957,0.0,0.002818627884556214,0.0,-0.002387821119512805,0.0,-0.004424812527881443,0.0,0.010506153606813576,0.0,-0.003953690926378555,0.0
1399,-0.17292111242452654,-0.03829419997838972,3.678662883189443e-05,0.027684856817664246,0.018841619320670387,-0.01229710535146452,0.037910124799916144,0.06762911680132257,0.03714270274875713,-0.019970674378098092,0.010066009409091298,-0.010234575141798086,0.0,-0.0014259749445572412,0.0,-0.0014204349697785545,0.0,-0.023167310563953616,0.0,0.0029055404933533923,0.0,-0.004481260480725893,0.0,-0.00302804266289053,0.0,0.011195761266323394,0.0,-0.004007937379085529,0.0
1400,-0.15908234963061071,-0.03631769793181652,2.1434061028184522e-05,0.029485625261386074,0.022056598130035375,-0.012597951001666101,0.038609197220761594,0.06893546219385849,0.030952951990578948,-0.014401923138860467,0.010413729283780851,-0.00974480625505098,0.0,-0.0014279936286744318,0.0,-0.001460652944213514,0.0,-0.022657703755671603,0.0,0.0027522639293112872,0.0,-0.0017843574140872264,0.0,-0.0024325621124098385,0.0,0.011477391070326111,0.0,-0.003787127733449987,0.0
1401,-0.1554455395640343,-0.03594504334697545,2.1434061028184522e-05,0.032236353696429056,0.023959628679504085,-0.00961214314234092,0.0388237048115227,0.07308155242810091,0.03592894255626167,-0.013753319768843007,0.010433279088813424,-0.009746091789934781,0.0,-0.0014279936286744318,0.0,-0.001460652944213514,0.0,-0.022387429060513258,0.0,0.002823242700141557,0.0,-0.0015378215230058274,0.0,-0.0024265284643029015,0.0,0.0115761448126503,0.0,-0.0037608273538138138,0.0
1402,-0.14997879868482028,-0.038016447951390545,2.102373479997717e-05,0.03600374073106148,0.02875642169485215,-0.008034153223084659,0.03908138398470413,0.08439998492550449,0.03556715827604119,-0.012262911438772308,0.014982288717927192,-0.010139919418696613,0.0,-0.001430690788058285,0.0,-0.0014672470265319445,0.0,-0.02210763330725715,0.0,0.0028593739575450416,0.0,-0.0006416083143619258,0.0,-0.002182838049378076,0.0,0.011797545162313655,0.0,-0.0033873019873939033,0.0
1403,-0.12110253619064991,-0.03528178706139512,2.0869079841068784e-05,0.08596313078702608,0.07891362352369996,-0.010208501562717843,0.03535268668311316,0.07133375487078063,0.027209680971589767,-0.007455663190812004,0.004514566628830035,-0.009938003264814605,0.0,-0.0015140598115320543,0.0,-0.0023817673442021806,0.0,-0.017529148381445737,0.0,0.003041675601592611,0.0,0.0016917513123612148,0.0,-0.0023188164438273195,0.0,0.01010077906661187,0.0,-0.0025660186414627538,0.0
1404,-0.11868536386862956,-0.03729224678469665,2.504792598540457e-05,0.09531532942418448,0.08565785379146117,-0.010943474442709135,0.03596708553558984,0.06569331831838951,0.026462009967503287,-0.007231324916863,0.003796635403855092,-0.010623163952563618,0.0,-0.0016345085668516579,0.0,-0.0027057670858139627,0.0,-0.01712905743732839,0.0,0.0032344536604824877,0.0,0.0023680958315943305,0.0,-0.0021684294776361276,0.0,0.010350432560883293,0.0,-0.0025435951602903106,0.0
1405,-0.09324791732452196,-0.03550386513604389,-0.00089763797265602,0.11480844595605334,0.10487980436688223,-0.009861878387892356,0.03502240000173084,0.07538554527084482,0.018977518334787006,-0.009454580465437047,0.0025262885989377607,-0.010935787945437293,0.0,-0.0015435111049486312,0.0,-0.002539662347312824,0.0,-0.016728310414224613,0.0,0.003249434738586556,0.0,0.0030886493581629344,0.0,-0.0021481920434443056,0.0,0.010211791244368117,0.0,-0.0024982465074811933,0.0
1406,0.4194170054800734,0.06851159543960585,0.0003969443324025332,0.0157955407762302,0.015002991222654092,0.03115652692576882,0.017755892530655376,-0.004984671270131559,-0.007687588969483015,0.009183105607923797,0.0003944461756830943,0.01778047719941251,0.0,0.0012950646320204413,0.0,0.0014155326033269487,0.0,0.007834350307181225,0.0,0.008733454640013376,0.0,0.004563689388945484,0.0,0.006419579192928092,0.0,0.008477745564955277,0.0,0.00875589950566591,0.0
1407,0.41108935766936483,0.06826292041016503,0.00039742229138373445,0.014173410433401567,0.014003963264175646,0.032643631027037094,0.01762764409765875,-0.004370280340297686,-0.0069753767829268485,0.014259428738881086,0.008801133245954445,0.018077498031767152,0.0,0.0015409204999453194,0.0,0.0014317341783122535,0.0,0.008113218687365512,0.0,0.0081874710839192,0.0,0.005308861241579198,0.0,0.006706884502126275,0.0,0.005777526864197384,0.0,0.008515916839807692,0.0
1408,0.41176095390450324,0.06802703672979539,0.00039742229138373445,0.014163681171432584,0.014089083104460099,0.03205043925578522,0.016324064631304987,-0.006653065190561224,-0.0073562793100385325,0.013119334187509355,0.013288026202558634,0.017454789183146236,0.0,0.0016228711242317082,0.0,0.0014409455251080492,0.0,0.008474464598041409,0.0,0.007755059219217298,0.0,0.004915680963547625,0.0,0.006905878094470461,0.0,0.005077341368020377,0.0,0.008478422464576583,0.0
1409,0.4112596510898102,0.0679069052818258,0.00039165326219615167,0.01399893458188347,0.014030650666765601,0.03116777165873456,0.017067970123275246,-0.009287193255597027,-0.008967476902649122,0.011655547626861001,0.0182862073506838,0.018443296714370408,0.0,0.0015603322778092682,0.0,0.00196794877032126,0.0,0.008642862558751635,0.0,0.00806262442519028,0.0,0.004825831996647138,0.0,0.008168508672804387,0.0,0.006146270458838994,0.0,0.00936355685795829,0.0
1410,0.4065852393631667,0.07018578331910393,0.0004229470951248856,0.01397428833747964,0.013891842062329485,0.032459742502744804,0.01696254153725752,-0.009346286460533128,-0.010708401970020409,0.0109251943484378,0.018079817577289048,0.019162388643257318,0.0,0.0015835745213390972,0.0,0.0019934430873134465,0.0,0.006512594254916525,0.0,0.007847339062634042,0.0,0.0052552256094125435,0.0,0.008457005611856099,0.0,0.006525957538625951,0.0,0.009447345244097247,0.0
1411,0.4085256694246772,0.0686299915750095,0.0004229470951248856,0.013877423203710661,0.013987445502424485,0.03216981039814143,0.01713289237445322,-0.009259075748485819,-0.005454071360306477,0.01104231838019195,0.02000626113607951,0.018259867632943887,0.0,0.0015081501044861443,0.0,0.0017864451800322467,0.0,0.006590601720178536,0.0,0.007980577448347681,0.0,0.0054483463837120185,0.0,0.007890040101584679,0.0,0.006358685814648329,0.0,0.00890609608218952,0.0
1412,0.4072228966336548,0.06822143095864786,0.0004229903390705954,0.013641478489493668,0.0133771632758605,0.031186568614907234,0.01721557774447447,-0.009355683235403449,-0.0019244321211336092,0.011654568468628413,0.021416320372723213,0.017697375123661208,0.0,0.0015382011470217584,0.0,0.0017381471598282832,0.0,0.006636506165804378,0.0,0.0079238336038391,0.0,0.005450956788170588,0.0,0.007712295615997416,0.0,0.005435811099692924,0.0,0.008598416204203421,0.0
1413,0.405918502773951,0.06761632763976176,0.0004232986953990024,0.013516590955604642,0.01318083323002206,0.030943012478381916,0.017374732090075312,-0.009607441787115546,-0.0008893388473623209,0.011692569708316341,0.021737363633211926,0.017186738055784627,0.0,0.0015382011470217584,0.0,0.0017606161229834802,0.0,0.006536208376950389,0.0,0.007836325679573567,0.0,0.005325650655881339,0.0,0.007696378895157129,0.0,0.005318447452486245,0.0,0.008468269027733706,0.0
1414,0.40274907166152846,0.06676353414576457,0.0004237183826706563,0.013471778101724731,0.012999207653498083,0.030695032858708633,0.017576977118088862,-0.011234481396452204,0.000986358749670866,0.011709678703064861,0.022048192831518893,0.01725864467137829,0.0,0.0014932574286847578,0.0,0.0011426529813152488,0.0,0.006431749457579242,0.0,0.008058379166262784,0.0,0.004882781403119754,0.0,0.007403173892608206,0.0,0.004691795967740222,0.0,0.00842894104203227,0.0
1415,0.40384946504750974,0.06428253333095572,0.0003919530632558253,0.013508484836704242,0.012807189839784735,0.029293476026204465,0.017655689317956517,-0.011099709242845925,-0.00019505158368474446,0.013042476027370112,0.022592403166534186,0.016556949914751574,0.0,0.0014868521156151432,0.0,0.0011372302319252142,0.0,0.007243179385028735,0.0,0.008567163946571029,0.0,0.004837600180689101,0.0,0.007267727790166684,0.0,0.004345597238964001,0.0,0.008172097721725233,0.0
1416,0.4059744941279497,0.06409206142197897,0.0003937134227790668,0.013425637779127053,0.012566841064242728,0.028726853229374436,0.017780153542076675,-0.008184829614675343,-0.0016259385372373223,0.012222819818496078,0.023443120552538273,0.015065763244481294,0.0,0.0013258380953626516,0.0,0.0008348236451022065,0.0,0.007321923975100613,0.0,0.008564956573655627,0.0,0.0040695446361170146,0.0,0.007496675661462697,0.0,0.004310862431154592,0.0,0.00793799328609596,0.0
1417,0.4062572716184393,0.0639101475233553,0.00039399384097112404,0.013723882765338272,0.01258928844021226,0.029179059031873383,0.018181287143923506,-0.00698950866509685,-0.0028758536589191795,0.012116134637095174,0.024687024933114515,0.014851101131636579,0.0,0.0011878182595773917,0.0,0.0008295219205019338,0.0,0.007214406994731933,0.0,0.008655212688411911,0.0,0.0031930072320736596,0.0,0.007410635978297636,0.0,0.004376378882050858,0.0,0.007971065890256385,0.0
1418,0.4029878607087244,0.06347565187869271,0.0003936969121860128,0.013182311270901142,0.012306634605755146,0.029151681271828687,0.02191527720294265,-0.006197557502000527,-0.0025825245872916516,0.01365605741079248,0.024929515698052667,0.014263693604510394,0.0,0.000992163220802003,0.0,0.0008417026141280425,0.0,0.007139067377815209,0.0,0.008698358795225706,0.0,0.002589222806990804,0.0,0.006625930179455083,0.0,0.004595375141905825,0.0,0.007897757976427515,0.0
1419,0.39669901144741615,0.06334609658475349,-0.007758664816751602,0.012777184191731633,0.011984539605362509,0.029703131629039935,0.019671800817342378,-0.00673039847456056,-0.0032438347112047285,0.013736408844561515,0.025327297511846862,0.01392189501543009,0.0,0.0009974326666366256,0.0,0.000865959003506296,0.0,0.007147787481040264,0.0,0.008270940771566383,0.0,0.0022005485706727253,0.0,0.00662147136244224,0.0,0.004418735713417183,0.0,0.00788887341833727,0.0
1420,-0.21844633605829653,-0.02241313247957213,2.9390194820663777e-05,0.0010928670898066016,0.0009169917652526743,0.020011230162724405,0.03840189872046409,0.10744430602130234,0.04841112160999207,-0.000745501316781139,0.02503729483775984,-0.0025795482726942262,0.0,-0.00024980849233345354,0.0,-0.00022364252745190108,0.0,0.02984467986124717,0.0,0.015063845220553412,0.0,-0.0031244426047196874,0.0,-0.0034131384345923686,0.0,0.026324482283035952,0.0,0.018499453235514312,0.0
1421,-0.22148935686705773,-0.022855539108789385,2.8334789593286964e-05,0.0013046713657665291,0.000989368974821881,0.020429173609803866,0.038763470869345805,0.10785714838641848,0.04656679594792165,-0.00013612804736845785,0.025187096436817144,-0.0023117026647072516,0.0,-0.0002519810836309389,0.0,-0.0002250410109300746,0.0,0.029970427960720237,0.0,0.015409563930566764,0.0,-0.0027229801264111657,0.0,-0.0033932156383446326,0.0,0.02648786381815624,0.0,0.01915547104067779,0.0
1422,-0.22227253826154914,-0.02283297035231555,2.8334789593286964e-05,0.0013277704496514303,0.0011779061705412207,0.02045664240391057,0.03913791350941362,0.10839937895884375,0.047742050707862686,0.00234775356020665,0.025874807342699514,-0.002325531663141422,0.0,-0.00024275647656311756,0.0,-0.00015138523469679344,0.0,0.03004010148567939,0.0,0.015283957320749835,0.0,-0.003249835181274452,0.0,-0.0034925757095891023,0.0,0.02646983326502604,0.0,0.019518858428970196,0.0
1423,-0.22004836651695622,-0.022807086149613805,2.8695587032267992e-05,0.0013903584959898431,0.001152217051030312,0.02038704959519461,0.03965829046925602,0.1083422636803629,0.04676765796504977,0.00220711907873424,0.02669984645270809,-0.00218962481277065,0.0,-0.0002442921660660328,0.0,-0.00016047560861350883,0.0,0.03006878680787938,0.0,0.015370035381141203,0.0,-0.0030934579192071934,0.0,-0.0034354620309546124,0.0,0.026774509410762534,0.0,0.0197253554410463,0.0
1424,-0.2146597855358301,-0.02284160539289386,2.1737943527111085e-05,0.0011964646624857257,0.001209931442398952,0.020122842424049773,0.0417682276859831,0.10726797409767254,0.042628305729329866,0.0021769606768214465,0.02655033136512825,-0.0019666594832910694,0.0,-0.00024802040234350525,0.0,-0.00019080194867608196,0.0,0.029733770770853724,0.0,0.015529391581499045,0.0,-0.0024027842568303866,0.0,-0.003504443542861047,0.0,0.02666998384230528,0.0,0.019768735018000954,0.0
1425,-0.20492525723505808,-0.022444785690936678,-0.0005527969789571208,0.0017067841110871892,0.0018023196954052969,0.019827538863958927,0.047340166637014056,0.10434025144710127,0.040029297324611565,0.0021140636176345644,0.02692999256971863,-0.0017195075916581536,0.0,-0.00021367013945057325,0.0,-0.00022814711482749825,0.0,0.02960569942001556,0.0,0.015837131333756856,0.0,-0.0018144594008783937,0.0,-0.003127756436529706,0.0,0.026790983905148964,0.0,0.019836958899456764,0.0
1426,-0.14770236573549686,-0.01101296238314242,5.185551926981421e-05,0.007269414889250351,0.01039842664165998,0.030608816226176398,0.03672966448079625,0.0009804171598579662,-0.006213666616460129,0.005794076664938042,0.023827003478770058,-0.006574313229494736,0.0,0.00010937384349024865,0.0,0.00024217489849328054,0.0,0.02060166871439772,0.0,0.033586467544086396,0.0,-0.006541829902320345,0.0,0.007572157025352917,0.0,0.007821777106203569,0.0,-0.007084490028813374,0.0
1427,-0.15341230458558364,-0.01084100619880356,5.185551926981421e-05,0.00826114609252096,0.011585142643778898,0.03155965749548419,0.03699254434523695,-0.005868679616560307,-0.006403248887181046,0.005946517802776823,0.024840046942421565,-0.007025290765314477,0.0,0.00011779588294788579,0.0,0.0002480874734812831,0.0,0.02039097371143268,0.0,0.03567543362457396,0.0,-0.005667514471188959,0.0,0.008933336961942005,0.0,0.0074838309014211134,0.0,-0.006878931506288812,0.0
1428,-0.11804580817406495,-0.009118877034927472,-0.0002272473177337114,0.005895798140585851,0.006810667992182524,0.03831794295706367,0.03322873826471442,-0.006755364522299073,-0.01129225379023903,0.00523090544795521,0.02908886837118082,-0.007112038116278907,0.0,0.00013291222902124986,0.0,0.00027795266844964203,0.0,0.020021839584663848,0.0,0.029929039890530817,0.0,-0.0013348834585276876,0.0,0.007651692707378267,0.0,0.009385097178607853,0.0,-0.005894247370017838,0.0
1429,-0.218110071809957,-0.017984958323473212,3.463521517001484e-05,-0.008669458556209587,-0.00603852221838612,0.01613064510036716,0.024560347744436092,0.08092410992780567,-0.024263656615281022,-0.006926291588643414,0.029679087397616884,-0.010154540665171833,0.0,-0.000412061951276265,0.0,6.58115924733497e-05,0.0,-0.007915727280810393,0.0,0.003627978328810046,0.0,-0.023335383871105005,0.0,-0.007038154680111525,0.0,0.0012611852860084033,0.0,0.04751191474126343,0.0
1430,-0.21969489567758257,-0.01818274173877359,3.4656122045214465e-05,-0.008590181377291657,-0.005775881630010247,0.015895555721230876,0.023865032683003135,0.08043480087957858,-0.022869021781837168,-0.005893693281265998,0.02822972791327438,-0.009708007985662225,0.0,-0.0004172913218755265,0.0,-3.2810011590676565e-05,0.0,-0.007763684731588553,0.0,0.003664387617563189,0.0,-0.02346705495729551,0.0,-0.007586833196764004,0.0,0.0010485012238900166,0.0,0.04640061860649206,0.0
1431,-0.18677103732516587,-0.02010563092237984,4.352549743866476e-05,-0.008802982079989549,-0.0055857419194929245,0.01598724499346767,0.025418465607120366,0.13475721279254724,-0.007845598764301439,-0.0033278339725949994,0.030039222466245755,-0.007982771573778696,0.0,0.0012149794744290095,0.0,-0.00021225559934813756,0.0,-0.006415767396494971,0.0,0.004397965270905088,0.0,-0.022990867121881257,0.0,-0.007099452199115437,0.0,-0.002059520405991726,0.0,0.03984030365884198,0.0
1432,-0.18504569956797812,-0.019093894203444876,4.367834533628538e-05,-0.00883527503615869,-0.005903073989397737,0.013265081281018111,0.027579657556031773,0.132014288376843,0.0049994103041995485,-0.004774702806894754,0.031194524807947124,-0.007434521086721165,0.0,0.001526212274147636,0.0,-0.00019572078989520795,0.0,-0.005114778329217361,0.0,0.004552949564394374,0.0,-0.023694452887583525,0.0,-0.0068509177203789,0.0,-0.0026398432911978716,0.0,0.03921078823869654,0.0
1433,-0.17282219823935396,-0.022765122313628094,4.626140299155844e-05,-0.008179887395730046,-0.005735894091223982,0.015414586815667874,0.028052664081614026,0.16003504056162535,0.013249843358342736,0.000268810717883665,0.03228679626649167,-0.0066289559288401564,0.0,0.002708995379138648,0.0,-1.070902923435693e-06,0.0,-0.004058335044684055,0.0,0.004654157615925185,0.0,-0.023225713292882696,0.0,-0.00686614358340994,0.0,-0.002961441052026605,0.0,0.039496864783202405,0.0
1434,-0.16395128290470662,-0.0243110329355299,-0.0007589957817650232,-0.006805643425471343,-0.003656545544296766,0.018543864228111613,0.029743197481468808,0.1539682066570554,0.030081145143688055,0.0005956141681832654,0.030507444460727673,-0.005545433027525574,0.0,0.0011190552269566751,0.0,0.00018163726769966857,0.0,-0.006648833746249815,0.0,0.004480272813381919,0.0,-0.025961093051481483,0.0,-0.005571708013736086,0.0,-0.0033255263502522748,0.0,0.03930057642718064,0.0
1435,0.2083501301095948,-0.011520116289295487,4.091941283000784e-05,0.0040904375904762,-0.001352766012515821,0.0022177279929245877,0.021096743419675334,0.07866132592893568,0.028493441406592202,0.004569082788474689,0.07681310893899154,-0.0036811844772038425,0.0,0.0017486543891933228,0.0,0.0006626673898560422,0.0,0.011789388348062277,0.0,-0.014675171143323843,0.0,0.003806319512252803,0.0,-0.002796884735662541,0.0,0.021189544846517392,0.0,0.011676180549543136,0.0
1436,0.21985066663255684,-0.011550546526561803,7.053984928026784e-05,0.0063823641751821385,0.0019160624721032426,0.0020997276799129337,0.02124900925613226,0.07964866575253995,0.02771666542252923,0.0051682126730688005,0.07537213476521551,-0.0031033275759174725,0.0,0.0017835101739783372,0.0,0.0004931735002499214,0.0,0.012512958152778897,0.0,-0.012694731245476775,0.0,0.005662490157921876,0.0,-0.0027685518813311593,0.0,0.019978159858262956,0.0,0.0115265948614127,0.0
1437,0.24039649607421254,-0.012941227987924514,9.759968996921364e-05,0.018292967112039475,0.014735171997382772,0.002820811539151976,0.022821578808032577,0.08470461893422473,0.023471662729568084,0.00620575864589415,0.07156759805943337,-0.0016675496229958033,0.0,0.001954986912002857,0.0,0.00043192895580377645,0.0,0.013010185676574287,0.0,-0.00697981239016677,0.0,0.010799118321464239,0.0,-0.0021451062643703983,0.0,0.015436213463901576,0.0,0.009754916202100263,0.0
1438,0.23971884949238337,-0.012748962735728484,0.00011090318759599801,0.019347510988714962,0.01603348871914544,0.0025379375165929955,0.02615201413991236,0.08347379678417018,0.022379389531414898,0.007402130645767222,0.07152321865036905,-0.0012035105208221717,0.0,0.001957412330668189,0.0,0.00041062616981674626,0.0,0.013115784448569746,0.0,-0.007103567266426831,0.0,0.01099195651679175,0.0,-0.0021624699396716367,0.0,0.014948912281903627,0.0,0.009238200613117312,0.0
1439,0.24086623649961814,-0.011707460742908037,0.00010350844576507969,0.016956747250518628,0.01189662569790939,0.002835418950796628,0.028487588231181592,0.07752049598203188,0.02336150658200823,0.007648934450456256,0.0674352609501377,-0.0010849504765384193,0.0,0.0018705034561482562,0.0,8.484474168143018e-05,0.0,0.012243859791772126,0.0,-0.005976861712103377,0.0,0.012893236039613086,0.0,-0.002305070655592095,0.0,0.014921451109028257,0.0,0.009123201101462093,0.0
1440,0.24324819337539796,-0.011904960873964756,-0.0025193856400640394,0.014613787588892898,0.010489571909555647,0.0031978516262369926,0.025629647490528904,0.07602065663011108,0.024322145149470054,0.003851428092329221,0.0685473124489581,-0.0013449095630707493,0.0,0.0018900249245455652,0.0,5.438597761864953e-05,0.0,0.012399505704331607,0.0,-0.006630138123902836,0.0,0.013791749241782558,0.0,-0.0020012195378120105,0.0,0.014173402269503031,0.0,0.00927891290857971,0.0
1441,0.3716634165523829,0.07688556935340421,0.00016383046451325618,0.006798355647478922,0.006784910366153708,0.008450408656753464,0.028340867126578958,0.009503944651414853,-0.009611685339942971,0.009721477591757672,0.044869103448028066,0.0019916248025245446,0.0,0.0009200350038784753,0.0,-0.0010124643389159776,0.0,0.009822389258106712,0.0,-0.019022567866162427,0.0,-0.007185861505435133,0.0,-0.0009987775310140194,0.0,0.013031536343003799,0.0,0.017580215804901107,0.0
1442,0.3672411282543181,0.07497948842947201,0.00016383424863421423,0.006906786401751332,0.0069607399885882005,0.00862787584450176,0.02793556513889448,0.014326148082194023,-0.012183382926644771,0.00906615147405654,0.04477483541955097,0.0016436654549404751,0.0,0.0009002889461952511,0.0,-0.0011482964129569087,0.0,0.009909843678278862,0.0,-0.021893455747602552,0.0,-0.007733087461347844,0.0,-0.0019844079168793217,0.0,0.012614547772079742,0.0,0.017520945727427076,0.0
1443,0.3709205863598449,0.0733417158472126,0.0001610130859563914,0.006682605486534453,0.006616651498804397,0.008381340538239667,0.02758350223747202,0.009993200369646653,-0.0056724812617813475,0.008493635245145023,0.04517794962982273,0.0015460190323522743,0.0,0.0008762000377846443,0.0,-0.001126771254953689,0.0,0.009340740530769743,0.0,-0.02230102590301493,0.0,-0.006823789971746985,0.0,-0.0023941277666100617,0.0,0.010926053655743818,0.0,0.01690619699822909,0.0
1444,0.3684761463193403,0.06778132824968303,0.0001609340059623293,0.006410247490566556,0.006809678558259139,0.0037597406005611587,0.027697188208140686,0.008296014643690501,-0.005246439327182608,0.0075936929807614755,0.04760333208844179,0.0018123244199665961,0.0,0.0008167587828168234,0.0,-0.0010784413477098614,0.0,0.00901304375591169,0.0,-0.02311048553243062,0.0,-0.006564264755068533,0.0,-0.00206584557612498,0.0,0.009224018849226884,0.0,0.01669885495602978,0.0
1445,0.3572168584722639,0.061565289720809845,0.00016216815297967997,0.006519268177068162,0.005940286253573333,0.003347994131100897,0.027369754988432336,0.014011107677248601,-0.006582092674105919,0.007851407552423651,0.04636543359564564,0.002719580522946591,0.0,0.0007822644932005665,0.0,-0.001054088830068325,0.0,0.008514159733971809,0.0,-0.034108134209688286,0.0,-0.007628450319167512,0.0,-0.002229676539976624,0.0,0.00788420746372201,0.0,0.01635771495924494,0.0
1446,0.35213728938317157,0.06033890383847154,0.00016201793364297064,0.006415373527556666,0.006038717458075744,0.003972156263371943,0.02641599058724496,0.01664155603199518,-0.006986063379720385,0.007394273072686471,0.04608110832188263,0.0028352348170199797,0.0,0.0007759538140753188,0.0,-0.0009640839601482745,0.0,0.008841586171058863,0.0,-0.03491044569706837,0.0,-0.008339545687521441,0.0,-0.0025567541426984117,0.0,0.00781959492904162,0.0,0.016180780643513696,0.0
1447,0.35164864048574546,0.05999765490239503,0.00016201793364297064,0.005775567081469933,0.005599872016911374,0.004027323862096634,0.025490254418763767,0.01697985549391829,-0.0059380771594931625,0.007381827668341876,0.0460081634139652,0.0028021055101866764,0.0,0.0007755801782422477,0.0,-0.0009509403272704757,0.0,0.008881753233456992,0.0,-0.03459663229543365,0.0,-0.008895743298618594,0.0,-0.0025805070134680003,0.0,0.00753078772501523,0.0,0.01595700363046001,0.0
1448,0.3291309287676748,0.05122322596353662,-0.0033973626051408273,0.005487753612565053,0.005963543405944075,0.0033704425824520063,0.021575713178404576,0.013309915543948937,-0.007165620512300192,-0.00849483028823096,0.02383521908741295,0.0028175956175770112,0.0,0.0006600839559892533,0.0,-0.0010278146814531328,0.0,0.007788832927950159,0.0,-0.041908660303694334,0.0,-0.016894304100275245,0.0,-0.0024212952808768586,0.0,0.009851748096532475,0.0,0.01615452448336263,0.0
1449,0.1600358580004302,0.03596702542009843,3.665898944458124e-05,0.008232282470186208,0.006002023914674806,0.0035521429518869736,0.024651228369809142,0.05506666914697317,-0.010407366402431274,-0.004260692045851543,0.06394896612554794,0.0004150623938746973,0.0,-0.006266951688030695,0.0,0.0010187353721696222,0.0,0.005984935255082883,0.0,0.008616814026742553,0.0,-0.06741834759314602,0.0,-0.01612363696910262,0.0,0.005079705682603292,0.0,0.011567452204911803,0.0
1450,0.12846718682364427,0.031712598496104936,3.0334535299648e-05,0.004712110100164364,0.003252010064514554,0.0015122443526450534,0.021990882688324467,0.04763719849130572,-0.007821639364917454,0.04486373339469167,0.061372153616962695,0.0008798150763884513,0.0,-0.0062334701353699154,0.0,0.0011219818358571736,0.0,0.005952815260459848,0.0,0.009276869307683322,0.0,-0.0649808483496989,0.0,-0.01580238054399134,0.0,0.006311275795743355,0.0,0.010325125947401082,0.0
1451,0.1275146707692832,0.03339998638515118,3.109579857572405e-05,0.004856885210464498,0.002797548621513088,0.0012475006145787498,0.021770869158850584,0.048170014404365816,-0.004664169306726911,0.03828372528922826,0.0574267826139505,0.0005825363634948472,0.0,-0.00585285656484048,0.0,0.0010836489265090962,0.0,0.0062293683885197996,0.0,0.009626790407769908,0.0,-0.06315809129632993,0.0,-0.015417830248243248,0.0,0.006583399252681057,0.0,0.00959384967376845,0.0
1452,0.1235725490357748,0.03342358196690687,-0.0010118523568861224,0.004469154940045603,0.0024158078356617037,0.0010254469306722831,0.021481765995870785,0.048433283390078255,-0.004155106876781969,0.040885785601874405,0.0529290920413798,0.00039730467538215755,0.0,-0.006647011068741983,0.0,0.0010539007783248624,0.0,0.006192028206797443,0.0,0.00988397342178779,0.0,-0.06477398267413718,0.0,-0.01530521110773137,0.0,0.007320018118155553,0.0,0.00956664974683296,0.0
1453,-0.14729484488389524,-0.006004272081080185,2.9012626585771925e-05,-0.00023206277947128944,0.0013298873775266413,0.030323854559734,0.04165184030265717,0.09546003248396684,0.025255433965405694,0.08648650917203674,-0.010139044030798251,-0.006818319431873382,0.0,-0.00015375726265390877,0.0,-0.0001318871866051107,0.0,-0.015247268685450779,0.0,0.006179264590114632,0.0,-0.01975751886780633,0.0,0.0010835199375482478,0.0,0.019465452688182693,0.0,-0.004825298188158244,0.0
1454,-0.1205462227635726,-0.006334892565597091,2.8938013743567722e-05,-9.873945485475204e-05,0.0010432669518067796,0.030512225724043326,0.03753503479322358,0.0878342500342132,0.028998969001739133,0.08230925246808506,-0.00916159704753484,-0.006900507305299916,0.0,-0.00014109053043356019,0.0,-0.00012094283950837312,0.0,-0.013929180065928073,0.0,0.005696628248993435,0.0,-0.01682099103299805,0.0,0.0016010868419093851,0.0,0.022365113748942577,0.0,-0.004838703261763893,0.0
1455,-0.11549417931480607,-0.006384453037201418,2.8938013743567722e-05,-0.00014334459769678776,0.0013322435910930806,0.030928191091056836,0.037530684017174853,0.08823754217872817,0.02983645402654356,0.0817222539558143,-0.0107352524863065,-0.006791069135328071,0.0,-0.00014109053043356019,0.0,-5.954672096647308e-05,0.0,-0.013404548956810187,0.0,0.005664703535198459,0.0,-0.015307427322722937,0.0,0.0016151801958563003,0.0,0.023205773118760282,0.0,-0.004779175033853709,0.0
1456,-0.09066662778098754,-0.0055858243429175135,-0.0007774168681415397,-0.0009822576600684264,0.0011876532468086244,0.02899421300930565,0.03492885986193788,0.0842011909454451,0.028645653375577916,0.078747835057835,-0.010494478151411558,-0.006144398241380828,0.0,-7.417787168298539e-05,0.0,-6.023138986009069e-05,0.0,-0.012222066501305983,0.0,0.005818003663303918,0.0,-0.011404440277031181,0.0,0.0019673213979374445,0.0,0.026101890785522355,0.0,-0.0040660292504607854,0.0
1457,-0.22121512431895954,0.01264717177879483,5.011263643294915e-05,0.058294722544484166,0.03885222185831389,-0.013907127299266592,0.02969947369096834,-0.0009218845368067405,-0.023111027614210567,-0.014268798575868644,-0.010377300337925407,-0.012021698734778376,0.0,-0.0016468841200101955,0.0,-0.002827857506355174,0.0,-0.011989013450295311,0.0,0.00284874562811526,0.0,0.006778439042309853,0.0,-0.0032097127697504006,0.0,0.0042432344122094,0.0,-0.003002124464390487,0.0
1458,-0.22023101361976993,0.012601154669298316,5.011263643294915e-05,0.05827649645870807,0.03881929216434698,-0.013910769351981904,0.02969351855680386,-0.0009119408133046519,-0.023819909683414287,-0.014283883194253943,-0.010342434255935899,-0.012024350984633682,0.0,-0.0016468841200101955,0.0,-0.002817206618555459,0.0,-0.011989139419570444,0.0,0.002853852227784397,0.0,0.00679630549891818,0.0,-0.0032013708730308926,0.0,0.004005863049570381,0.0,-0.003002124464390487,0.0
1459,-0.2277835558935476,0.013088281586751122,4.972286112232087e-05,0.061356995747398814,0.041689205047560324,-0.014258186301237187,0.02978099511430191,-0.0005947093022825364,-0.017897600144097726,-0.015467132118259,-0.010405153820810354,-0.011849823504174826,0.0,-0.0016441088143178254,0.0,-0.0028160396260351736,0.0,-0.011968702766604037,0.0,0.002865937111698545,0.0,0.006446681980594298,0.0,-0.003142844372558337,0.0,0.006066882544885782,0.0,-0.0030084363040662324,0.0
1460,-0.2204148454303841,0.01364796391330148,4.95280773723096e-05,0.0643457862090523,0.04837990288095237,-0.013786259669949702,0.029760826134133084,0.00264275289740921,-0.02139451077561285,-0.0085822881949424,-0.009684393309633398,-0.011441998157024428,0.0,-0.001763277307545651,0.0,-0.002801041132008297,0.0,-0.011933562251609034,0.0,0.0031286877865288444,0.0,0.006339895467037308,0.0,-0.0032308229446248787,0.0,0.0059324674233325065,0.0,-0.002959333238231972,0.0
1461,-0.21201025740624657,0.011823896240499664,3.918580546434613e-05,0.053173251456543905,0.035338032344617354,-0.013832416152057101,0.028154658168571167,0.001815248544862341,0.047766939460811134,-0.00917985054566386,-0.0076373772752059,-0.011132924945225843,0.0,-0.0017403197773087052,0.0,-0.0027767302936969563,0.0,-0.014971865639970933,0.0,0.003370834567700206,0.0,0.028859110103352296,0.0,-0.002648650790684533,0.0,0.010155248264050754,0.0,-0.0022678939318311066,0.0
1462,-0.1922964609261369,0.012313650353197848,1.3667851645204856e-05,0.05312723008326509,0.03547558240359163,-0.013812305010545986,0.028558681680413558,0.003869309030129024,0.03972074208763581,-0.00944932458047405,-0.007105759019479028,-0.010511331121506174,0.0,-0.0017435315440600782,0.0,-0.0028225701519645602,0.0,-0.01454382244446219,0.0,0.0031004080774017623,0.0,0.025229961625252366,0.0,-0.0022732358136678395,0.0,0.010035399371168003,0.0,-0.0022839231935379875,0.0
1463,-0.19246331178022338,0.012232034496869233,1.3667851645204856e-05,0.05312723008326509,0.03512732880212161,-0.013812305010545986,0.028558681680413558,0.0038674377982507264,0.039360377301349836,-0.009355482426007169,-0.007358379785158373,-0.010511331121506174,0.0,-0.0017435315440600782,0.0,-0.0028225701519645602,0.0,-0.01454382244446219,0.0,0.0031004080774017623,0.0,0.02522908685209757,0.0,-0.0022732358136678395,0.0,0.010035399371168003,0.0,-0.002283881711783534,0.0
1464,-0.19445141381466624,0.011874118876735635,-0.0005317020390578492,0.04858698054939769,0.03399251349837935,-0.013797833898585452,0.028843210911522008,0.00243930749458835,0.03123899011276184,-0.00690243319948341,-0.007568844089448962,-0.010501763824335712,0.0,-0.0017435315440600782,0.0,-0.0028232478533631858,0.0,-0.014624639110761912,0.0,0.002987196685570349,0.0,0.02509383644328559,0.0,-0.002013995611428385,0.0,0.010011018967006029,0.0,-0.002283923286122755,0.0
1465,-0.22662791071243904,-0.05982901154185493,5.349795200216039e-05,-0.0018746233134096144,-0.0006691462404468719,-0.003066775513867582,-0.005961326209849721,-0.014872079962797208,-0.023359027471454588,-0.015424834746146806,0.012085794258782468,-0.009514177932248668,0.0,0.00032919612206324376,0.0,-6.117610341588345e-05,0.0,0.0022588672278188336,0.0,0.0026938673721916494,0.0,0.006507425846118689,0.0,-0.000688751000174416,0.0,-0.01577870677011579,0.0,-0.005916405880966124,0.0
1466,-0.2214863843181605,-0.0578388742239453,5.753885850794753e-05,-0.002457225975478331,-0.0007306019290950648,-0.0068817283925549895,-0.006557518323020489,-0.015609423920876277,-0.023163062755535445,-0.01581606196312398,0.011004475594440807,-0.009462962160673924,0.0,0.0002787594223317757,0.0,-7.723861392550674e-05,0.0,-0.002614277543152164,0.0,0.0026387493026306134,0.0,0.006624853997515351,0.0,-0.0011589106047273198,0.0,-0.014721572702585001,0.0,-0.005099543066769752,0.0
1467,-0.2206121205901625,-0.05840689249817001,5.724534236208427e-05,-0.0025129499039331367,-0.000727564711632294,-0.006730703886592226,-0.006073023787113954,-0.015971442834523866,-0.023904859414999615,-0.015846149700835387,0.011708065129035905,-0.009480414898184856,0.0,0.00028066115513982284,0.0,-7.936110573484323e-05,0.0,-0.0024502263477773904,0.0,0.0025071639601154353,0.0,0.006353413219715966,0.0,-0.001300649310086625,0.0,-0.014832580461285187,0.0,-0.005048618673534484,0.0
1468,-0.2171415180048939,-0.06528822482194693,5.5481420949636286e-05,-0.0019484268012016765,-0.0009068729134016579,-0.0029486911539762075,0.0005144528205286082,-0.015550912874720052,-0.026894000886033373,-0.009713606793389597,0.0116752471416663,-0.009090971097520651,0.0,0.00028408610124570964,0.0,-6.564034288570738e-05,0.0,-0.0024568809233902283,0.0,0.0014205358367753176,0.0,0.0063820876240275074,0.0,-0.0028049243882690904,0.0,-0.017137303770246713,0.0,-0.009217789026189891,0.0
1469,-0.21079020130292625,-0.06977381731637804,5.418551275797906e-05,-0.002086509871185851,-0.0012207845925783904,-0.003050237721665661,0.003046033217205995,-0.016889004888562213,-0.0268504713283538,-0.01201720133459231,0.011778878877740253,-0.008784010397673334,0.0,0.0002900402383993248,0.0,-5.7123592841573015e-05,0.0,-0.002610608277427766,0.0,0.0008041668034876101,0.0,0.006588424479403211,0.0,-0.00308858946675221,0.0,-0.01747017784698185,0.0,-0.010944000509271629,0.0
1470,-0.2119956878892468,-0.06991842055451192,5.400856637446935e-05,-0.0020244288772351777,-0.001234518772123075,-0.0032182530919305443,0.003231543926629118,-0.016872818874957608,-0.025694675430919144,-0.011978029580573441,0.011746267940158877,-0.008886757771474735,0.0,0.00027654637962082736,0.0,-4.7953801490897366e-05,0.0,-0.0024357247382933555,0.0,0.0008643521690147755,0.0,0.006479221671766233,0.0,-0.003087630692301321,0.0,-0.01735299122009669,0.0,-0.010975058676606723,0.0
1471,-0.21272453900989352,-0.07072297656293765,5.40392822781783e-05,-0.0021858745174184557,-0.0014382831231490062,-0.003124805101186082,0.004616290927087979,-0.016693198808098882,-0.0238834499261561,-0.012461518131669933,0.011975657663396961,-0.009259941924681126,0.0,0.0002774933746968461,0.0,-3.761335847552946e-05,0.0,-0.002707181478377818,0.0,0.00040074578837447387,0.0,0.006253126898675847,0.0,-0.0030802149487018982,0.0,-0.017347779787569784,0.0,-0.0109809865743914,0.0
1472,-0.2077541290748315,-0.06985893847228658,5.40392822781783e-05,-0.0020664831770628765,-0.0011314077267426186,-0.0036868417546968234,0.0020216143300939406,-0.016752929797293266,-0.02318262662238117,-0.012869453058167193,0.011290574315316635,-0.009275266694400144,0.0,0.0002771559854820566,0.0,-5.2680211676491294e-05,0.0,-0.0023255425207835104,0.0,0.00010370970236661254,0.0,0.006147870183684269,0.0,-0.002950133761653331,0.0,-0.017924222526090616,0.0,-0.01201674948669059,0.0
1473,-0.20739429909225443,-0.0710075025108313,4.912985749983769e-05,-0.0019956796127153335,-0.0010337179666935444,-0.003733064774010487,0.0018347364030283978,-0.015671716089424814,-0.022244283417477313,-0.013571243273174015,0.011288496453613912,-0.008916705350967887,0.0,0.0002741542403110553,0.0,-5.0929832489802245e-05,0.0,-0.003638340002939826,0.0,-8.746552204666186e-05,0.0,0.006018957077635993,0.0,-0.0028033933762846085,0.0,-0.0178504656492015,0.0,-0.012537676879774307,0.0
1474,-0.208110695238372,-0.07269832377071121,4.8993223868319997e-05,-0.0019114503786546936,-0.001033704993558116,-0.0036145952109745342,0.001816831311914078,-0.011373432336356888,-0.022586814045438733,-0.013694404913808925,0.011270820199482098,-0.008491795194746478,0.0,0.0002451913724534549,0.0,-6.14538166804377e-05,0.0,-0.003125295879060522,0.0,-0.00017353391301452582,0.0,0.005779775321094325,0.0,-0.002818867599810548,0.0,-0.01763639175554012,0.0,-0.012664725234957104,0.0
1475,-0.21410985608266578,-0.07444498069792767,5.1451400773757055e-05,-0.002011926504847109,-0.0010968627341437576,-0.003346787067366343,0.0017607527922428687,-0.008480438940399548,-0.022231754794700857,-0.013917042277696218,0.014457698934794518,-0.008086934524134623,0.0,0.00024228446300431,0.0,-5.160162645969382e-05,0.0,-0.00410117209682411,0.0,-0.00011612206714678922,0.0,0.005902376116651288,0.0,-0.002502377080470707,0.0,-0.01713629516421045,0.0,-0.0127328531340083,0.0
1476,-0.21489418629869536,-0.07609342610151407,5.383664348333983e-05,-0.0024440320055116285,-0.0008373253182758284,-0.004039456427680718,0.00151929393478578,-0.005309730890134351,-0.02088052534430387,-0.01348244319333965,0.018080265925605597,-0.00842836353693753,0.0,0.00022850986290955935,0.0,-7.636371393906798e-06,0.0,-0.004348008222333946,0.0,7.074793968493617e-06,0.0,0.005953657525540256,0.0,-0.0028362662312066368,0.0,-0.01713098521003414,0.0,-0.012588421689817587,0.0
1477,-0.2173146304287101,-0.07835730962980494,5.383664348333983e-05,-0.0029589485245645137,-0.0010543017830108117,-0.0028424206462109906,0.0012457793966930207,-0.0046421261846715895,-0.012581367543739336,-0.013481430614421154,0.018451910716358842,-0.00782396880366844,0.0,0.0002249565687210152,0.0,2.1386402759728937e-05,0.0,-0.004677066358769513,0.0,-0.00011931741536616645,0.0,0.005286181737644196,0.0,-0.002304400853248368,0.0,-0.017644853254697133,0.0,-0.012485804649014078,0.0
1478,-0.22105510071298953,-0.07420040897533692,5.414010595020292e-05,-0.0029445025526368494,-0.0019676304265219694,-0.00054901941168887,0.0010755638492102929,-0.007426222641040843,-0.016404081951986952,-0.01349886241884201,0.019272230434057586,-0.007991534146644197,0.0,0.0002640719829645393,0.0,2.170834175817605e-06,0.0,-0.004909566056135921,0.0,-0.0006751958496812927,0.0,0.004381050420531154,0.0,-0.0017047436009116363,0.0,-0.018011384252126637,0.0,-0.012307711017893817,0.0
1479,-0.23839035862119126,-0.05229289834609698,5.736554857921016e-05,-0.003159582882784871,-0.0020861650796973304,-0.0011154580233761987,0.0012473311155444366,-0.0066828290576319725,-0.007673891017147955,-0.01418747406108708,0.020221562394675693,-0.007089786481020828,0.0,0.00027957978614747477,0.0,4.931419515923377e-05,0.0,-0.005853587442440228,0.0,-0.0004953073866152406,0.0,0.0025516250042925672,0.0,-0.002937301560773143,0.0,-0.020408046355863404,0.0,-0.0128008504875851,0.0
1480,-0.2591761208243371,-0.043882053618864575,6.223146054680532e-05,-0.003840846078659382,-0.002430937457849426,-0.0025864041203107063,0.0006239556762215207,0.0075194107329777885,0.0006330336027672699,-0.014049207301756175,0.020120032672739274,-0.007045333285461213,0.0,0.00026253467655644333,0.0,-7.20042359897936e-05,0.0,-0.007912906672727081,0.0,-1.0603516656389236e-05,0.0,0.0020443469704723234,0.0,-0.003708684228152912,0.0,-0.02020757200356209,0.0,-0.012635358276218934,0.0
1481,-0.25587970029523516,-0.037555443342887816,5.782901480841618e-05,-0.004751713947050802,-0.0040608686125262385,-0.003444018090942698,-0.0007718729389366181,0.00993182812561627,0.012332707299373923,-0.01518719021412088,0.014305610881932765,-0.005261106670320627,0.0,0.0002726451772568906,0.0,-4.163700692342152e-05,0.0,-0.006762176372092439,0.0,0.0011199995350195285,0.0,0.00041700457031242815,0.0,-0.004128021438200574,0.0,-0.02087061428772886,0.0,-0.012592928423672687,0.0
1482,-0.21399141970825575,-0.03622799961834905,4.630727585259258e-05,-0.0037201428000701846,-0.0008924155848648258,0.0015656083507993234,0.010187479547497125,0.060223830556217266,0.04470315134454749,-0.012543797628682888,0.018014256006673304,-0.0034330034157280045,0.0,0.00022285830378355174,0.0,-0.0003220978702346217,0.0,-3.080773195044799e-05,0.0,0.0022421478340711094,0.0,0.0004158464765436652,0.0,-0.00187298155242431,0.0,-0.020772141280005183,0.0,-0.010017678875070476,0.0
1483,-0.1189215004152662,-0.016163161747167636,5.5871131610345785e-05,0.02220641181982487,0.01953848841852554,0.020349595833917447,0.028366372743175442,0.1506164532953249,0.0967089885011468,0.004320354485913495,0.030938979177634354,0.00123339036244335,0.0,0.0003024042408499626,0.0,0.0004017685715671723,0.0,0.02672036491843106,0.0,0.0038691772336377473,0.0,0.007211449670008403,0.0,0.009770657413530937,0.0,-0.017769468958630404,0.0,-0.006429395723846934,0.0
1484,-0.20022293920799697,-0.03929270979874562,8.777103433234949e-05,0.001538344487613923,-0.0023236826118400223,0.001664323720098225,6.191642729347879e-05,0.08025891118706215,0.04687215385190995,-0.013958331626626042,0.014090755047071784,-0.0017621295942063788,0.0,0.0002135050774584788,0.0,-0.0003317555829863427,0.0,0.0018979302193145766,0.0,0.002844717422362331,0.0,0.0014348442801739795,0.0,0.0006891555573998539,0.0,-0.020113603861337717,0.0,-0.008532265883460526,0.0
1485,-0.19688616601985276,-0.03157778920215351,8.806530484182289e-05,0.0032427015720633925,0.0007919922409950957,0.0023156125157484464,0.0022044802845965755,0.08991082875946635,0.04854408297258364,-0.013139197900399132,0.01587356504956143,-0.001463135500153295,0.0,0.00023596121953903902,0.0,-0.00038123467264471823,0.0,0.0042574297408989725,0.0,0.0028513695303006422,0.0,0.0013994407704137873,0.0,0.0009575845127348064,0.0,-0.02077806802612565,0.0,-0.008654997794995551,0.0
1486,-0.21416590415450545,-0.02634646869413387,8.309893398810795e-05,0.002982668306600791,0.0013224636492581313,0.0011232573729546818,0.004571964000712277,0.05723245682421196,0.04897479921146105,-0.01213475766724295,0.014807627576386404,-0.0025646208502437488,0.0,0.00023815953472763746,0.0,-0.0003559068038493469,0.0,0.0007787906624265013,0.0,0.0024689355703092376,0.0,-0.000773863382731006,0.0,-0.0003548163031448893,0.0,-0.02135687312682122,0.0,-0.010429760470729386,0.0
1487,-0.21721942675949862,-0.023511925811704266,7.686991397077622e-05,0.004862444816531152,0.0037996419897422455,0.0014543893026417094,0.01837889649620182,0.019864162110794097,0.05249672740562286,-0.010035355078891205,0.018897893987407575,-0.0037251913482137535,0.0,0.0002729784641371648,0.0,-1.3041629083427626e-05,0.0,0.002002360210192232,0.0,0.001718883511008952,0.0,-0.0020352647246638807,0.0,0.0013361294819620952,0.0,-0.02227047126977865,0.0,-0.011435133205367223,0.0
1488,-0.2044364218807865,-0.021059810545773248,7.790611383145164e-05,0.005332812956468705,0.0033857074747803625,0.0011857716644565965,0.02129157142037681,-0.007032105333510036,0.05278599420992032,-0.0063919844190371625,0.013056379250778722,-0.003372479735976931,0.0,0.00026050424239216336,0.0,0.0001420644890963178,0.0,0.003405266601748661,0.0,0.0007829908722186648,0.0,-0.0022139168797235677,0.0,0.0010884190178236221,0.0,-0.024024121123030776,0.0,-0.011653231092326069,0.0
1489,-0.19743476257264625,-0.023807716595026042,7.238312599703006e-05,0.0040575680626030435,0.003107064242910476,0.0005336527303749582,0.020443360122058947,-0.008700459424942613,0.04633195235429907,0.008228012111421615,0.007230415635329762,-0.002926984655796575,0.0,0.00025313560755328815,0.0,0.00015302157829268762,0.0,0.0063911810752104205,0.0,0.0006635037770407393,0.0,-0.0001678042572622963,0.0,-0.00041289831534585634,0.0,-0.02422840257154582,0.0,-0.012700631796150365,0.0
1490,-0.18438080356204928,-0.020409143780458678,7.519697950453718e-05,0.0055134366485793534,0.003929950452676774,0.004327977273940198,0.016928680838372633,0.006849495965069952,0.047970199136602866,0.005729902476784254,-0.0023055026208676326,-0.003289513245123198,0.0,0.00022328344944616332,0.0,0.0002580602862437066,0.0,0.009274567204273032,0.0,0.0009169792589382154,0.0,0.001536465462833275,0.0,-0.0007973714143520731,0.0,-0.023262047727237483,0.0,-0.012921448799583067,0.0
1491,-0.19226415495006108,-0.020043779361073606,-0.000964713388539991,0.006528412074314376,0.0034244209065166457,0.004612854003085272,0.017185375061167636,-0.011123682241336372,0.059320102334138425,0.004859414526635228,-0.0015105957701926722,-0.002736253104384279,0.0,0.00022643010734177952,0.0,7.766369102154461e-05,0.0,0.014422839543211812,0.0,0.0006873033445158763,0.0,0.0014824576867767596,0.0,-0.00023803179331610157,0.0,-0.02313074377817073,0.0,-0.013595500469355546,0.0
1492,0.15834851209374604,0.02218946598491312,2.6162492713764135e-05,0.0015738980628795197,0.0020520052173705373,0.0063097620183887055,0.016661025174082172,0.06253530421035135,0.04445753358700093,0.05065631391182486,0.05020896458949221,0.0002902157932184037,0.0,0.0007711880407011794,0.0,0.0010107489466816223,0.0,0.007884747554489849,0.0,0.008451098133632345,0.0,0.009567506687548284,0.0,-0.0010385088308201944,0.0,0.08119238466292673,0.0,0.007516680247753999,0.0
1493,0.1631017841519398,0.02348956401220618,2.9740270166459435e-05,0.0032779407005567016,0.0036030890577370025,0.006422105884436276,0.01579085247478002,0.06012082361320968,0.043282488961696515,0.0526811458627324,0.06544016776928062,0.0012548668943926848,0.0,0.0007648414164418114,0.0,0.0012221678677602184,0.0,0.009033951859624394,0.0,0.008685972222982069,0.0,0.009607059006352895,0.0,-0.0018549505456999082,0.0,0.07093815634959999,0.0,0.007196059540645971,0.0
1494,0.16284483695770327,0.02502779552731301,2.9740270166459435e-05,0.0035315860910527584,0.003902411564199935,0.006471185977682707,0.01579274840069707,0.0599851670056059,0.04286949248719435,0.052371869746971084,0.0664664832585343,0.0012567166642716116,0.0,0.0007648414164418114,0.0,0.001220619380926478,0.0,0.008855982245523641,0.0,0.008676723916573634,0.0,0.00953803493042314,0.0,-0.002103580818003415,0.0,0.07146673174883401,0.0,0.007355577064054315,0.0
1495,0.15878513346320966,0.02407075998181922,2.6162492713764135e-05,0.0022544945097901395,0.0026027448673532592,0.005928794615670883,0.015595548007416929,0.05995461467765563,0.04288602754208865,0.05255316857993528,0.052393518373292695,0.00044373832783700505,0.0,0.0007670841901844198,0.0,0.0011951245125606492,0.0,0.013119335177763898,0.0,0.008451683181935647,0.0,0.009477473003772541,0.0,-0.001225345188412294,0.0,0.08092144796251206,0.0,0.0071749096957687665,0.0
1496,0.16151309213454731,0.02163259237936696,2.6162492713764135e-05,0.001956966919693126,0.002934852209701288,0.006382170183964538,0.01592049742984728,0.059510490314348,0.04276159176310135,0.05322309320148425,0.05108303587609836,0.0003923817770706289,0.0,0.0008209647191532686,0.0,0.0012021558934195613,0.0,0.013192883014621482,0.0,0.008454509749594392,0.0,0.009569069024028737,0.0,-0.0009594683956917324,0.0,0.08063831013795977,0.0,0.007121067149846536,0.0
1497,0.1503456825378418,0.019183194415085793,-0.0007636247107033435,0.0009595215082067129,0.0031226601137913316,0.006232075099249839,0.018948550190566155,0.060513285102633804,0.041250593686222754,0.056616249133220595,0.025750108015969532,0.00012570642413791642,0.0,0.000601696498944782,0.0,0.0010364412306004748,0.0,0.011896355087178258,0.0,0.008053323785681353,0.0,0.009997085374999671,0.0,-0.001495164805885692,0.0,0.09657266894027665,0.0,0.007177213926269286,0.0
1498,0.1723584255307108,-0.16097175769548377,7.403295727324556e-05,0.008885596753006023,0.010178369003108157,0.017127489880558237,0.021267564818238566,0.05311850015823712,-0.013963541026557724,0.00031512419432083293,0.03399334547351751,0.019138298836280147,0.0,0.00034904485766115543,0.0,-0.0013208897417712588,0.0,0.003448146544396246,0.0,-0.005048418998063452,0.0,0.015568259631197814,0.0,0.00041734514635108176,0.0,-0.020570878091705533,0.0,0.00046202417312253807,0.0
1499,0.17283171944861625,-0.16041329172510754,7.510062663943507e-05,0.008614321156727127,0.010166960971733509,0.016841468837875156,0.021430663616419546,0.05279645987781746,-0.01417667573239054,0.0007330039773248877,0.03484711137821683,0.01918952187967419,0.0,0.00034506039621710975,0.0,-0.0013970121540114293,0.0,0.0034523438056712004,0.0,-0.005211257699004004,0.0,0.015591470364815185,0.0,0.0005121893573623385,0.0,-0.020715899811359424,0.0,0.0004313920638229775,0.0
1500,0.16506518786478164,-0.15648210581690247,7.56878418600567e-05,0.006645489410963697,0.007089946686453703,0.017762431216069994,0.020371006102016018,0.051494692492062996,-0.013738896901289111,0.0034415761884509263,0.033231976129254576,0.01809665266742873,0.0,0.0003470326458471645,0.0,-0.0012470810745158858,0.0,0.0046286407594881476,0.0,-0.005175547929870674,0.0,0.015627836021171928,0.0,0.0005754729098946065,0.0,-0.018546376357242565,0.0,-3.0379614835697198e-05,0.0
1501,0.13975022890068506,-0.1476425889478756,6.489195683458265e-05,0.005958911629319393,0.006561925077619807,0.01483681890011774,0.019217301986934096,0.045638422507730925,-0.009681910509111559,0.04327289291333868,0.03128281898868285,0.01567013686084286,0.0,0.0003364344368377841,0.0,-0.00022960512689396853,0.0,0.0028329685934029005,0.0,-0.0057854361645097736,0.0,0.015759410584895463,0.0,0.00011991798981145098,0.0,-0.015281193810573634,0.0,-2.6286735055469402e-05,0.0
1502,0.13882181993257411,-0.14746569671201004,6.489195683458265e-05,0.006097425683062147,0.006629558147201296,0.014816379279431,0.019248827466363624,0.04569744879866499,-0.009936351400686546,0.044831467649505734,0.030334544992473626,0.01571464112342839,0.0,0.0003364344368377841,0.0,-0.00022476785049781186,0.0,0.002878429493100203,0.0,-0.005797611047095248,0.0,0.015800429319337304,0.0,0.00010397529330240643,0.0,-0.015267258775288017,0.0,-2.8527753505978373e-05,0.0
1503,0.14690405384243835,-0.15277618167754195,-0.0015010900029983638,0.006125199061741875,0.0061425770415338855,0.015458946544066461,0.01976453480878816,0.04558891084669281,-0.009105766585646139,0.04558884242649244,0.04435078149511179,0.015763085945463537,0.0,0.0004082812021785748,0.0,-0.00021631434789380928,0.0,0.00305931417413307,0.0,-0.004510261760311676,0.0,0.015462671852988148,0.0,0.0002163889299587231,0.0,-0.012873042252342634,0.0,5.7924908762742964e-05,0.0
1504,-0.23486487603726178,-0.016951285883688112,1.4962285394573368e-05,-0.026183879437336924,-0.03080056961602856,0.013871771108484978,0.027252823622005082,-0.001483233586060814,0.005844138701169223,0.012952027286882406,-0.006988921158283204,-0.014102639266120681,0.0,0.00012010534617181873,0.0,0.00018912275267605506,0.0,-0.0015366511237642601,0.0,-0.008368729276135052,0.0,-0.022588807401141803,0.0,-0.0017480293578395283,0.0,-0.006502608614502992,0.0,-0.010927273286981055,0.0
1505,-0.22999040616220512,-0.01827565897817751,1.659524264600981e-05,-0.02880376961415317,-0.033286412471689744,0.01264935020713826,0.03439507296982809,0.0005909311098300945,0.00034426880296364317,0.009635486224180567,-0.0061740185131431025,-0.01438012927895556,0.0,0.00012710677581977101,0.0,0.00033210305059496576,0.0,-0.0001269136183550597,0.0,-0.008337993047165176,0.0,-0.021206477873750365,0.0,-0.0026130542456726845,0.0,-0.0061907116283222725,0.0,-0.011507921893772711,0.0
1506,-0.24491308275536067,-0.017296446735133402,1.5442816243188168e-05,-0.028471197086331994,-0.03245379880584814,0.01306221173864013,0.04105064652135209,0.004746957691934915,0.00438000483810141,0.0028794257858195493,-0.0016920742527581716,-0.014672797008153304,0.0,0.0001251754120275938,0.0,0.0004901779424240703,0.0,0.0003388260970504681,0.0,-0.008917538204767067,0.0,-0.021365435031964156,0.0,-0.002692585814355882,0.0,-0.006053372825625687,0.0,-0.01248166149831836,0.0
1507,-0.2496811557359606,-0.011450682389742927,1.6051771757984314e-05,-0.02416287013840525,-0.027317689360357892,0.01511245558269112,-0.012530733818050878,0.007206345664359568,-0.018474717011520193,0.05410087441704704,-0.004890685296393762,-0.01360248619449045,0.0,0.00015125407149129715,0.0,0.0012344562846296548,0.0,-0.0010982139296236118,0.0,-0.007058048975616537,0.0,-0.019751562871264658,0.0,-0.0042750510192882925,0.0,-0.00797541402678879,0.0,-0.014014635224103327,0.0
1508,-0.24545188313886912,-0.006826779567526161,1.9861922561036037e-05,-0.021538057703002694,-0.02402703679309572,0.015160175998884803,-0.012770082153646486,0.006821723535750619,-0.029191481977846614,0.043031544859496375,-0.00438673983440282,-0.01355197698411846,0.0,0.0001398301720716172,0.0,0.0002670015359188742,0.0,-0.00367604702302641,0.0,-0.006568608623200635,0.0,-0.02101881633220549,0.0,-0.004750101594819292,0.0,-0.009412316390728325,0.0,-0.016392673365095988,0.0
1509,-0.24992341996888798,0.012055331067080401,2.1246646427009983e-05,-0.01936085473390245,-0.018406033614356256,0.016240097543660834,-0.010178827565261195,0.005456753364415086,-0.0273782335913151,0.006406584583330354,-0.004765603727700704,-0.013451993397315216,0.0,0.00016000910068212298,0.0,6.672013812041459e-05,0.0,-0.003814188439555828,0.0,-0.00267380551582407,0.0,-0.018836602996611815,0.0,-0.005922415825669371,0.0,-0.0025971537062413684,0.0,-0.019457209283300612,0.0
1510,-0.24021443974097786,0.019463326928423105,3.3604886678983246e-05,-0.020764863438157657,-0.019674306552288894,0.016227996458031566,-0.004582019064569794,0.006018723205170378,-0.025471220164754334,0.0005446613456784947,-0.004175691903868017,-0.013204187930422204,0.0,0.00016602680357948236,0.0,9.103928692151661e-05,0.0,-0.0136155695205009,0.0,-0.002909824773145062,0.0,-0.019253223474084133,0.0,-0.0069197711523437564,0.0,-0.0018211966893568047,0.0,-0.019587255036265922,0.0
1511,-0.24111010691694207,0.020522273171779102,2.8520463198508586e-05,-0.021777272179270727,-0.019299003393598076,0.015355875618619372,-0.004878649857571452,0.005560473026977043,-0.024371240835384774,0.003448639682619041,-0.0037840022767073804,-0.013598278724364385,0.0,0.00016682848830500252,0.0,-1.89337484598302e-05,0.0,-0.014433295984691744,0.0,-0.0025258804448230654,0.0,-0.019344859489187235,0.0,-0.006703567100795306,0.0,-0.0028678763621910013,0.0,-0.01889926543110064,0.0
1512,-0.23915804411530808,0.02317093212788197,2.8783407019146396e-05,-0.021851723122531704,-0.01893561720136346,0.014092420728908676,-0.005945612082492664,0.006698568185814183,-0.0252991661222568,-0.006001950489263315,-0.002639592473876634,-0.013853814549999897,0.0,0.00016673134253140495,0.0,-4.9644333132784455e-05,0.0,-0.01579148128986209,0.0,-0.002389445553927602,0.0,-0.01948307190843492,0.0,-0.006599935649317287,0.0,-0.0035178680863287904,0.0,-0.016762932270959183,0.0
1513,-0.23855440638467784,0.020506981725089135,2.9036097474482575e-05,-0.02112932374795106,-0.01796013559040869,0.01405490550217583,-0.006323996816623037,0.006843306449852885,-0.029518634887519886,-0.006199373739344069,-0.0017204232036187432,-0.013880588355599644,0.0,0.00016507443208264508,0.0,-2.161670559611757e-05,0.0,-0.01533741770313985,0.0,-0.0023877521244813566,0.0,-0.019379702335311142,0.0,-0.006746427697926678,0.0,-0.003777058201927659,0.0,-0.017259183100098063,0.0
1514,-0.2286632450528656,0.021902347904204363,2.8941149812617803e-05,-0.023869114436337442,-0.0195982040502601,0.01285765708668153,-0.0063441958962195,-0.006615588871119468,-0.02873072480321855,-0.0010562163348843462,0.0015949128636816923,-0.01264994713040419,0.0,0.00016266225234947256,0.0,-2.254027531355382e-05,0.0,-0.014062585980329794,0.0,-0.003776480977616505,0.0,-0.018536247190468487,0.0,-0.006376189272784719,0.0,-0.006501246559052011,0.0,-0.017222162580741118,0.0
1515,-0.20536083950697528,0.023977651327265533,2.7612689271376692e-05,-0.026849205328534412,-0.022612793335562365,0.014260771271503615,-0.006604759655876552,-0.01844459910667172,-0.025759584607422673,-0.0006953766189840132,-0.011591747388630606,-0.012603847929637271,0.0,0.00016298946916693907,0.0,-7.996670547131017e-06,0.0,-0.013795934538912107,0.0,-0.0038619041520119575,0.0,-0.01877344551788485,0.0,-0.0070469519247104515,0.0,-0.002233281644346316,0.0,-0.017427788520060796,0.0
1516,-0.19587940507483068,0.02573834573703152,2.6039602387473276e-05,-0.027639843911544962,-0.02281081780412151,0.0017119392403240773,-0.007064649051080127,-0.020027892237581342,-0.02245142280489794,0.007829521444661659,-0.011111987341707222,-0.012726660791813863,0.0,0.00015918072966057488,0.0,-7.287838125840103e-05,0.0,-0.0142197290232636,0.0,-0.003962084193997199,0.0,-0.018372106801393964,0.0,-0.007275122630437881,0.0,0.0017276896772035122,0.0,-0.014277761048292493,0.0
1517,-0.17649841969694072,0.021551767360412734,2.5295590655697896e-05,-0.028868174581863908,-0.023657603949563778,0.0024569092664913834,-0.007780407688856903,-0.022328322671179953,-0.024033741862125563,0.0023387878094255046,-0.008530776328570036,-0.013431062992789398,0.0,0.00016554720935656685,0.0,-4.39253671534649e-05,0.0,-0.012874675744313746,0.0,-0.003787284170360566,0.0,-0.017937206649577674,0.0,-0.007400234626558484,0.0,0.00045194984838311885,0.0,-0.012688087791188884,0.0
1518,-0.1522954049633241,0.023400073754744073,2.4689631152942234e-05,-0.03173612654424579,-0.02899453016327902,-0.004137454424864493,-0.0067618781774413635,-0.024145099643157364,-0.031096037664322233,-0.0007322201899017238,0.005314102239452399,-0.012818296740018784,0.0,0.00021669614818193425,0.0,-1.1724443435580601e-05,0.0,-0.01723947022505222,0.0,-0.003828753676129598,0.0,-0.014603966217249537,0.0,-0.007855386735863173,0.0,-0.008945473565140255,0.0,-0.012149132505776955,0.0
1519,-0.03913254398763207,0.028361828554563498,1.9835347412573467e-05,-0.048491529243067905,-0.051055518455827245,-0.007604459084131663,-0.0014210187260900314,-0.03285657933939218,-0.05682046989758363,-0.005242416596580721,0.013560238013158057,-0.012216313448248011,0.0,0.0003226936174609733,0.0,-0.0005057238796721378,0.0,-0.04245029763865315,0.0,-0.0066913273549582325,0.0,-0.010334897007931226,0.0,-0.005886676416536249,0.0,-0.03916316409863161,0.0,-0.007431349765340412,0.0
1520,0.017497960952350813,0.025238561467596145,1.653626133796399e-05,-0.06190939118190397,-0.06457322432578741,-0.006552769396126404,0.00097989897465488,-0.03654580704636466,-0.07405973895612865,-0.004419130945250681,0.015304632347605564,-0.013311486628445364,0.0,0.00032507867509842727,0.0,-0.0007417199853025141,0.0,-0.05622670516582153,0.0,-0.007632826591038001,0.0,-0.009642480735621772,0.0,-0.0072289962114110455,0.0,-0.04909086222775163,0.0,-0.005890037481318891,0.0
1521,0.025794359403338643,0.02421636680745446,2.1153421570789588e-05,-0.06534161730351287,-0.06893693472112278,-0.00695555930685443,0.0013557555898009773,-0.031034990464272206,-0.06984017634355641,-0.0011512440028697243,0.018923978606821924,-0.012964277094118407,0.0,0.00030323551767015875,0.0,-0.0009807872221320169,0.0,-0.0643718199585588,0.0,-0.007676122315604478,0.0,-0.009820910317975644,0.0,-0.007365284323497779,0.0,-0.05891308260226492,0.0,-0.004843119802606534,0.0
1522,0.03639644620004593,0.024382895144850585,2.234445616214816e-05,-0.0695781538227677,-0.07129885569079804,-0.007970160818750934,0.0011907654256277235,-0.027927796136434386,-0.0611735624737386,-0.007243662318501081,0.017025197692775475,-0.013275608646056687,0.0,0.00029415963397254135,0.0,-0.0008908827151805702,0.0,-0.06914999235042478,0.0,-0.007424957791863356,0.0,-0.009351233492569076,0.0,-0.007412985790678309,0.0,-0.059650089053229396,0.0,-0.004307807419407385,0.0
1523,0.053133785792953164,0.024753460600165353,2.1669284878756515e-05,-0.06255653489433026,-0.0655008731069296,-0.005028456301438487,0.005282287237003656,-0.028105929468763155,-0.016167365704393026,-0.008740654339106008,0.01690297823180096,-0.01112801283354441,0.0,0.0002787721637605302,0.0,-0.001058234751693539,0.0,-0.07437132342162328,0.0,-0.007619285976922934,0.0,-0.009176607170499939,0.0,-0.007531983520369241,0.0,-0.03367621859542875,0.0,-0.004147135787563003,0.0
1524,0.09215267620232591,0.030324660748338336,2.1924295315058153e-05,-0.0472320334862412,-0.04755356925616898,-0.001660357551075892,0.004371364028468207,-0.029447968704115975,0.044124509246010545,-0.0057712805633969985,0.024029664966571104,-0.009267739401582669,0.0,0.0002945821416313596,0.0,-0.0007824589308923201,0.0,-0.07462306802604138,0.0,-0.007243302878487238,0.0,-0.0075886698455010304,0.0,-0.008006854771672652,0.0,-0.0008733492199115367,0.0,-0.0040220649336916575,0.0
1525,0.09919839379458502,0.031393140710766564,1.632748424600101e-05,-0.04552563040627861,-0.046420353699834827,-0.0017916141609096426,0.0055203345511377466,-0.03289794698921043,0.05950218048919467,-0.0033370832880787915,0.029277337050231157,-0.00856591800041285,0.0,0.0003337510025337902,0.0,-0.0004379455315412887,0.0,-0.07206644053436821,0.0,-0.006738277899103509,0.0,-0.006924355135419743,0.0,-0.007827082322831934,0.0,0.004970323360165444,0.0,-0.003926883573826834,0.0
1526,0.10241733250103684,0.034191267821832315,1.676595832606609e-05,-0.0443862971628674,-0.04478259108678711,0.002183812073703203,0.004689099239192432,-0.026041444905219095,0.06042578890247319,-0.002554463437754313,0.03439020451245631,-0.007593027894988186,0.0,0.0003403658004129921,0.0,-0.0003388091425563521,0.0,-0.0690440322030867,0.0,-0.006370909610510424,0.0,-0.007459133546385746,0.0,-0.00673717170858672,0.0,-0.0010702081697345996,0.0,-0.003915789921344724,0.0
1527,0.0981979157555795,0.04008313419395506,1.6587550899381122e-05,-0.04311419695825555,-0.043232135270380896,0.0008001875364208668,0.005592764775307425,-0.030365096405198272,0.062030949195912455,-0.007958616700582767,0.036530263286048616,-0.007784774725450712,0.0,0.0003467801109792255,0.0,-0.00031623566536617887,0.0,-0.06715750424178209,0.0,-0.00667972245696394,0.0,-0.006975115211056806,0.0,-0.007279001098996136,0.0,-0.0012768968085175207,0.0,-0.00421709707560198,0.0
1528,0.12411640628203464,0.04315319661738048,1.72390496755054e-05,-0.03926811680220457,-0.03957057395281936,0.0023009363356499787,0.0061798288678713495,-0.02401406042528909,0.06035433091962183,-0.006567564059363008,0.040584194175356234,-0.008499541869378293,0.0,0.000437801698612405,0.0,-8.183953602360922e-05,0.0,-0.06723267165189183,0.0,-0.006891376362740948,0.0,-0.0058906361538849615,0.0,-0.005553611192410875,0.0,-0.00743771876312752,0.0,-0.004151304083631098,0.0
1529,0.14216398113083795,0.04281704624631087,1.9558156174028423e-05,-0.0325588586880302,-0.030052041679872212,0.0033317138244545338,0.008357405287094421,0.007532131180409788,0.06241235563913788,-0.008392964319939524,0.034024422166564455,-0.009220176054939258,0.0,0.0004515677618016006,0.0,1.910608987619149e-05,0.0,-0.06272203100667394,0.0,-0.006438669812355564,0.0,-0.005856961592433265,0.0,-0.004974477552895038,0.0,-0.007715126937401807,0.0,-0.0040989667849551225,0.0
1530,0.10170445994437577,0.04079235210462268,-0.0003711970393008965,-0.04089976190728723,-0.04061028033335523,0.00249696048944485,0.006681137150202208,0.002451598738636211,-0.005749440508565046,-0.009320063452638526,0.03393136562487846,-0.013803418756553571,0.0,0.00046417039801407224,0.0,-0.0003126056954886998,0.0,-0.06120037947801968,0.0,-0.006137231168287327,0.0,-0.007244980991072102,0.0,-0.0037576152729519936,0.0,-0.033411148995143074,0.0,-0.004390142697670699,0.0
1531,0.04378085473065733,-0.11183622288130356,5.3756455394362355e-05,-0.003938894854915532,-0.00452039776537909,-0.031030088874934948,0.008738307517370723,0.022469037521160546,-0.028819747364740623,-0.04038940946272119,0.002355555714645995,-0.006096683841569832,0.0,-0.00031235785527921266,0.0,-0.01321598738305644,0.0,-0.01512351509912653,0.0,0.005291656283040042,0.0,-0.03415251017997156,0.0,-0.006686237645601162,0.0,-0.0334041253382675,0.0,-0.007732880425365471,0.0
1532,0.043293502037676186,-0.09998728257279671,3.833620879303796e-05,-0.006819056962095821,-0.009931215445888798,-0.03349159484445365,0.00683177189481997,0.022012938526960853,0.019739952650607608,-0.04329570029829007,0.0004487269152693938,-0.005912925355948194,0.0,-0.00031569396301345883,0.0,-0.014848410413708523,0.0,-0.01607873957938498,0.0,0.005512124239942122,0.0,-0.037966138880512625,0.0,-0.006820510092117587,0.0,-0.02689822215260385,0.0,-0.007576159822054828,0.0
1533,0.033654014813542514,-0.09772595559335834,-4.071542198343982e-05,-0.006522219901526338,-0.009685483968856937,-0.029915281970868565,0.008443789756771939,0.02294994584761687,-0.0029317753484439215,-0.043694390494804065,0.0030891712080876477,-0.0042649039967178805,0.0,-0.0003322474215757009,0.0,-0.013955769572889434,0.0,-0.014945783765250848,0.0,0.004473121128363557,0.0,-0.02125698119133627,0.0,-0.004750816606137933,0.0,-0.023851019943174536,0.0,-0.007445290768272036,0.0
1534,0.031809658864988016,-0.10660685511133351,-4.8500137897081496e-05,-0.0073180896420402064,-0.009077861297714044,-0.029989064205076136,0.00893701636824762,0.02451453148162248,0.000828726165441592,-0.03203264940440045,0.006306256937340039,-0.003888246998304357,0.0,-0.00026007762048644217,0.0,-0.013698134818426121,0.0,-0.014077922588670608,0.0,0.004510797399682268,0.0,-0.020536757372770224,0.0,-0.004166445570213708,0.0,-0.02230141294093266,0.0,-0.007072175695261889,0.0
1535,0.031333000869287406,-0.1082698365245128,-4.8500137897081496e-05,-0.006942462404417208,-0.00890951819198294,-0.029709174757739706,0.008928410455809619,0.02474954122047919,0.0009110794500183831,-0.03203055014173749,0.006690426107223704,-0.0040346014774300335,0.0,-0.00026007762048644217,0.0,-0.013484551817145295,0.0,-0.014269853442274218,0.0,0.004511688698147866,0.0,-0.020552224573450285,0.0,-0.0041550849345883736,0.0,-0.0226713493721919,0.0,-0.0070721358239799114,0.0
1536,0.0786062550530313,-0.07213965620932869,-3.073662287497057e-05,-0.0009968690080878818,-0.005275940969392866,-0.028922021854596018,0.00848076074502538,0.024751343738751316,-0.008244364235812478,-0.024626886654337567,0.0076162108452083365,-0.0033841199910741113,0.0,-0.00019246334266958222,0.0,-0.014913014724976189,0.0,-0.012021771151503359,0.0,0.004424176611161505,0.0,-0.017434301172786527,0.0,-0.003106955990820389,0.0,-0.020106909049933782,0.0,-0.007097369494254303,0.0
1537,0.035351248476222466,-0.09765227944328148,-4.8817101856585595e-05,-0.006190723734541409,-0.00909571994647856,-0.030333501077837777,0.008417084086482153,0.02370706263082803,0.00034748804803602906,-0.036518063711244275,0.004846946211970452,-0.0043745579783961135,0.0,-0.00024679436017619155,0.0,-0.013997448626690062,0.0,-0.014014661895350828,0.0,0.004678058345950795,0.0,-0.02104853559570556,0.0,-0.004488295305116596,0.0,-0.022924490506221255,0.0,-0.007225500004811886,0.0
1538,0.11587605786791476,-0.057586954288003575,-3.09893203394926e-06,0.00404634894444719,-0.0019871140952766072,-0.02859669349211797,0.009414801220302771,0.025183539412391417,-0.014910059869555762,-0.022994956757776044,0.008690797067830637,-0.002572715545826272,0.0,-0.00015938735096237297,0.0,-0.014335982465542888,0.0,-0.012114320969971568,0.0,0.00335920876494756,0.0,-0.015205276709963115,0.0,-0.0014076343407224369,0.0,-0.014838080043808065,0.0,-0.007359017935813079,0.0
1539,0.17393642829796896,-0.0525948511054825,-0.0014409236219524717,0.008126358090573972,0.004430199868393178,-0.028381979102485702,0.010934301564130507,0.032440621593220614,-0.020597073330112597,-0.01666927426584802,0.009730980818287905,-0.000494658450687387,0.0,-0.0001750995069164979,0.0,-0.013132998634619744,0.0,-0.013080032140637262,0.0,0.0034164216905839106,0.0,-0.009977157673665697,0.0,-0.00022726370152710855,0.0,-0.005762123459598308,0.0,-0.0061927072769053185,0.0
1540,-0.26168734041911085,-0.00597055302683616,4.275491730058543e-05,-0.00010527795132052801,-0.00035319432914056054,-0.005786173564334416,-0.005933817660898888,0.002824301863793845,-0.014739061626835703,-0.01230641148990821,-0.016982481617120616,-0.008586285162497929,0.0,0.00031184259036500737,0.0,-2.299482285719977e-05,0.0,-0.004946891761475382,0.0,0.0022080267725241363,0.0,-0.00360871622985402,0.0,0.0004183733184156395,0.0,-0.012877851628345528,0.0,-0.012732121024736247,0.0
1541,-0.2608691049247075,-0.006388541145202559,4.2576639063423105e-05,-0.0009842177619167594,-0.0006815718128223019,-0.0063649982963002805,-0.005709635038503489,0.006147211973250337,-0.01726564748774423,-0.012609357551717678,-0.018361912111338214,-0.008612751972690045,0.0,0.0003104016732980175,0.0,-2.7873923645512493e-05,0.0,-0.004975332276276004,0.0,0.002227887298483382,0.0,-0.0036680834535601395,0.0,0.00037240266662982597,0.0,-0.012680456029065002,0.0,-0.012972005783431726,0.0
1542,-0.2588497734782662,-0.006497848013374499,4.253537676033731e-05,-0.0012290841951830072,-0.0002555893219811401,-0.005888313494654459,-0.005879483417983559,0.0069426408234358195,-0.018145327173951533,-0.013801305127425712,-0.017453282263849183,-0.008685090725801694,0.0,0.00030926659601431867,0.0,-3.295555048685306e-05,0.0,-0.0054037890808800665,0.0,0.0019886043875619688,0.0,-0.003726766205034712,0.0,0.00035694367059884,0.0,-0.01312837103978997,0.0,-0.012615452851243842,0.0
1543,-0.26100760263827916,-0.005690730956868152,4.2866559398411354e-05,-0.00019182536527369534,-0.00011252837496530488,-0.0058878713580221,-0.006000989189990111,0.009606079157788711,-0.020266736283328594,-0.012415587186746565,-0.018315846178006325,-0.008550561294878866,0.0,0.00030789175732346275,0.0,-7.818103940434824e-06,0.0,-0.0054763830818964476,0.0,0.002034729440251121,0.0,-0.0038426594107427207,0.0,0.00017582801681467267,0.0,-0.013265130952408975,0.0,-0.011968997409102474,0.0
1544,-0.2559243645586207,-0.0059303931789418726,4.2685743900593485e-05,-0.00012456237966128363,7.438949335042611e-05,-0.005902289049742306,-0.006176689576302883,0.006817922644426097,-0.020996905795926973,-0.013468556009515348,-0.01957699101192046,-0.008969171423266769,0.0,0.0003208278491330098,0.0,-3.792279492083774e-05,0.0,-0.006002042057211717,0.0,0.0019179523805426778,0.0,-0.003722103791620482,0.0,-0.0003741136272941717,0.0,-0.013497177167091454,0.0,-0.010422936774850825,0.0
1545,-0.22901247971621227,-0.007393247854924185,4.244704740129771e-05,-0.00020707377616968988,-0.00016429229442742894,-0.010214795066793216,-0.007135821658467988,0.005668007019080759,-0.022340667339193064,-0.015027236399812599,-0.021702434970704534,-0.00859344481576066,0.0,0.0003355940879791591,0.0,-2.881797320958171e-06,0.0,-0.005030465849062894,0.0,0.0020653525448989787,0.0,-0.004385327770276442,0.0,-0.00042934689289783005,0.0,-0.01992868990115267,0.0,-0.009547089820420926,0.0
1546,-0.2047668730438849,-0.007370703796140173,4.547228052035865e-05,0.0008417101315377837,0.0012837096605559097,-0.011839082078226747,-0.007182559586762442,-0.0035631754305310613,-0.02325849420357636,-0.014549913953100695,-0.02693547488525101,-0.008360409824825457,0.0,0.0003444382889913993,0.0,1.3051388533128638e-05,0.0,-0.004238078076791341,0.0,0.0022911602219790653,0.0,-0.006043344977654293,0.0,-0.000564491092122678,0.0,-0.02628009078835578,0.0,-0.009515040761145198,0.0
1547,-0.060215418404208465,-0.007850658780961983,2.793129812866361e-06,0.0005326607711317363,0.0006905419948739326,-0.017926643749958948,-0.009126878020422764,-0.02722663540001187,-0.02714931036225728,-0.019224121883721395,-0.05389923706371138,-0.013504353635068323,0.0,0.00045742351397673556,0.0,-0.0003004160868883651,0.0,-0.001756210893146755,0.0,0.0037101742662415975,0.0,-0.0070896358550466675,0.0,-0.0013100305537861315,0.0,-0.0731099493141623,0.0,-0.007388078382380397,0.0
1548,-0.05036099989647694,-0.00890395180561413,-3.322186168921822e-05,-0.0029250563078625333,-0.0017356778690147808,-0.020077238285099504,-0.009923643111152078,-0.03933927131189494,-0.030948386676311043,-0.0200292901676728,-0.055333067070198805,-0.014207978449311803,0.0,0.00047301026691938964,0.0,-0.0004929254031340212,0.0,-0.001732818602642568,0.0,0.004310922463821501,0.0,-0.008099358539260044,0.0,-0.002025166341972173,0.0,-0.07889142325879409,0.0,-0.007135511833566457,0.0
1549,-0.03539732894106239,-0.008610258213692814,-3.162545458132377e-05,-0.004918962730480964,-0.0025462257269640454,-0.021437068413645392,-0.009789619007219596,-0.036612153386589553,-0.030847590350250434,-0.021220514270083146,-0.05282547760729062,-0.013866954534482556,0.0,0.00046638759012960276,0.0,-0.0006919577088785058,0.0,-0.0009101659097714567,0.0,0.00462989878458803,0.0,-0.008060272805726234,0.0,-0.0023062436246880764,0.0,-0.0832047558682881,0.0,-0.006925915322664638,0.0
1550,-0.02755277889653307,-0.013039922427705923,-3.341453102309172e-05,-0.005186944484849306,-0.0033168871975739265,-0.024716056509813667,-0.012602811130132004,-0.03546686933475311,-0.03768854697070299,-0.018699196008091022,-0.025528418191122858,-0.014535659374730848,0.0,0.0004837470373047847,0.0,-0.0006445013091263215,0.0,-0.00035214193205731554,0.0,0.004930150822290281,0.0,-0.009654242174490924,0.0,-0.005122738544249848,0.0,-0.0818892068347338,0.0,-0.006593273786951715,0.0
1551,-0.034014845641591296,-0.01619447713769939,-3.56872301894511e-05,-0.007927875529334922,-0.005761496479840546,-0.024164577967403972,-0.010720185496778792,-0.04426637217386565,-0.03449837482049704,-0.016242982823522347,-0.03682162169112579,-0.014433031711807645,0.0,0.0004409417413030092,0.0,-0.0007706474763470678,0.0,-0.0007831193288533508,0.0,0.004967547395815892,0.0,-0.009222818724630927,0.0,-0.004633448987468191,0.0,-0.08237627704950674,0.0,-0.006595998229595347,0.0
1552,-0.03400005552424355,-0.015559775940587234,-3.533740221516873e-05,-0.011359911362208014,-0.011427726456268017,-0.023868558576349726,-0.012418698816093997,-0.04521285868261663,-0.03243810454622803,-0.013991575098991032,-0.0072058673722466,-0.01504000579185518,0.0,0.0006051325203720968,0.0,-0.0005448889743338563,0.0,0.00048367921413449186,0.0,0.0049856993862918714,0.0,-0.008713362630647394,0.0,-0.0037790194828917047,0.0,-0.08244645407595454,0.0,-0.0063605903987771625,0.0
1553,-0.02858466898921724,-0.017816555397265475,-1.0497683985867327e-05,-0.011581168455782075,-0.010876471322456357,-0.024238426512332774,-0.01386898713721995,-0.04033744746498243,-0.02908469195000075,-0.015037643418541849,0.0015294520392502634,-0.014166721752713881,0.0,0.000636320751293742,0.0,-0.0005352323033903501,0.0,0.0010700986838640808,0.0,0.005001388504763448,0.0,-0.007979975207457959,0.0,-0.0028024732109674625,0.0,-0.08210999253548261,0.0,-0.006281790228502073,0.0
1554,-0.005275974555363167,-0.011853562518888305,5.881936514201803e-06,-0.009877419978985003,-0.009207493400198552,-0.021991708042551142,-0.009364556502692878,-0.019608266211833283,-0.009669522044574162,-0.017799476554143462,0.021023700473010117,-0.01267483794925258,0.0,0.0006067086650777057,0.0,-0.0005102349059642296,0.0,0.0018534350527364043,0.0,0.005748205733779139,0.0,-0.004126732984812824,0.0,-0.0005301479549996537,0.0,-0.07506257213312678,0.0,-0.0057855182159775075,0.0
1555,0.16399360931326093,0.019547257927967316,4.1701978748112694e-05,0.007100184495080156,0.0047757146283424635,-0.0041853903330987706,0.008385139530274694,0.02713797202714526,0.04211122237535101,-0.003624875740495606,0.15815111048936722,-0.005838737348796291,0.0,0.001379212798057295,0.0,0.0004095666595530975,0.0,0.006074328517808709,0.0,0.009519350018887193,0.0,0.01234664993525219,0.0,0.012963214286183543,0.0,-0.0307409862824717,0.0,-0.0040266505677666875,0.0
1556,0.2034679605786396,0.030878111146297887,4.2403599182736014e-05,0.010058004737990706,0.008977762911829045,0.004098515282369578,0.021420025754419147,0.03167443862155249,0.05787510449136453,-0.0004267580984735616,0.17845904006447358,-0.0042995924218748845,0.0,0.0014788617670093778,0.0,0.0005928908833109782,0.0,0.007462398351422228,0.0,0.009501165108013885,0.0,0.015210685964535042,0.0,0.016734039311532216,0.0,-0.017708602398914797,0.0,-0.003444422467281669,0.0
1557,0.20688490603040813,0.03320507719987198,4.1417807987842926e-05,0.009830682364741878,0.008565665205804433,0.0053212877233941155,0.0339916697202138,0.022580684240142274,0.06652271086865763,-0.0010670972363204512,0.1707532299153169,-0.004193615675483469,0.0,0.0014370295305581378,0.0,0.0005187271355333564,0.0,0.0070260350918966855,0.0,0.009502012141512356,0.0,0.01587405329448012,0.0,0.019114991175764384,0.0,-0.0145134049847005,0.0,-0.0036840731051121056,0.0
1558,0.1886588711656311,0.034342537884792114,2.359915990153631e-05,0.009454481654277985,0.007385050017289459,0.004739921638495387,0.04444003064390387,0.008483332714849443,0.06935587529876712,-0.0019083399343696314,0.1405532477410024,-0.004150562422160908,0.0,0.0014027744510296198,0.0,0.0004104138749547762,0.0,0.006440037323555501,0.0,0.009139371385586745,0.0,0.0147891938196978,0.0,0.020248717815492596,0.0,-0.018731222102466413,0.0,-0.004412323551335187,0.0
1559,0.16835496941551278,0.030324920041992234,2.381357863282446e-05,0.008821753119147136,0.006187864552267147,0.009808458901099812,0.05753291892486966,-0.008630471401623792,0.0582112100711976,0.006745430041651027,0.11116627292600416,-0.004234185950978615,0.0,0.0012255636128306758,0.0,0.0004464211013207992,0.0,0.00557202481369035,0.0,0.008846384050812443,0.0,0.013823261123723115,0.0,0.017960120353213004,0.0,-0.026008402661751327,0.0,-0.004864548459772589,0.0
1560,0.13461966352985202,0.019050255009965995,-1.8463568338143094e-05,0.0016306964788896628,-0.0007446773857718114,0.015630252385675576,0.048475441454075646,-0.024529842272380985,0.03941146339371847,0.006099481313526581,0.07925430129380917,-0.006248715865641143,0.0,0.00107383947058697,0.0,0.00047241922226527445,0.0,0.003971158404305238,0.0,0.007986019217265059,0.0,0.009344679154276876,0.0,0.009909309477601293,0.0,-0.03582478787934041,0.0,-0.004848267253209717,0.0
1561,0.11103326695979185,0.01635567448911307,-1.8500307323862447e-05,0.001108182057262728,0.0008200997629222249,0.019581433712813668,0.04726733969071322,-0.031147622271956436,0.016006902094640924,0.003526574951814944,0.06328699424233954,-0.0076632435150065705,0.0,0.0010663262298594282,0.0,0.00034814371255303175,0.0,0.0030477696538767,0.0,0.007475142728111551,0.0,0.007475848658209628,0.0,0.008170463613773712,0.0,-0.043898880574271625,0.0,-0.0052574442230938715,0.0
1562,0.08194216402929938,0.017951072838073366,-2.9595493563621597e-05,0.0010969889069381267,-0.0018492789530953912,0.016853582847039632,0.0436721719856611,-0.03375727777497028,-0.00858066544290803,-0.009407552308256694,0.04303526216834797,-0.00999745840802744,0.0,0.00105441411212382,0.0,0.0003106986551435774,0.0,0.0015720514650444622,0.0,0.006836846488738848,0.0,0.007410475667791211,0.0,0.007208472844375521,0.0,-0.049380500005713354,0.0,-0.005858520524130924,0.0
1563,0.08871062870460146,0.016605912428597904,-2.8929810996709255e-05,-0.0031081399485841654,-0.005615703653079031,0.027265830678760188,0.03587604818116823,-0.02616058448643931,-0.021979044072538416,-0.013006762287997558,0.036890771138158356,-0.010961823978731971,0.0,0.000981878411888182,0.0,0.00030607350231427917,0.0,0.0020948626594381424,0.0,0.006838674865823277,0.0,0.008081059026043851,0.0,0.006663899061306176,0.0,-0.046814682956306766,0.0,-0.005979433157462107,0.0
1564,0.12062558366288599,0.01635637767651792,-2.7494739910134824e-05,-0.0030934800772605387,-0.005819265703572663,0.07693788017335323,0.028794170900029975,-0.02212774539477146,-0.019885106024257984,-0.009149624253390417,0.030358661883574212,-0.008834743464169553,0.0,0.0006139466799684823,0.0,0.00047848229215068295,0.0,0.001669421883538844,0.0,0.007465939659452993,0.0,0.007792809687868358,0.0,0.006480358763836796,0.0,-0.036532764785838334,0.0,-0.005957415901067062,0.0
1565,0.13009506339882318,0.01696031750160401,-1.0696887913856752e-05,-0.004766452682201953,-0.0052674995676419934,0.0982197309066274,0.020810688379847793,-0.022771509283310006,-0.027347881393478442,0.003001051917730916,0.030122982976446944,-0.007720114379804303,0.0,0.0006961699324998002,0.0,0.0003036025336793692,0.0,0.0017837863257127969,0.0,0.007313201923077892,0.0,0.00726162339449138,0.0,0.004912984495073293,0.0,-0.032474359340821705,0.0,-0.005893923182286947,0.0
1566,0.13679444494647397,0.018450258861452528,0.00033869003769730204,-0.004404009220344972,-0.006043297778512978,0.09206178134912614,0.021934262507818665,-0.0218120408750185,-0.029136856943779557,0.023137776421958717,0.030144366363066964,-0.0072142809405436,0.0,0.0007733654864443439,0.0,0.0002013977665983935,0.0,0.0023319740310471016,0.0,0.0071238322370080565,0.0,0.007835599616256688,0.0,0.005318836421768102,0.0,-0.026613509283337628,0.0,-0.005792481755144775,0.0
1567,-0.11293590349899095,-0.011576379743312278,7.125769931888004e-05,-0.0007131029431395186,0.0012763627240233771,0.02601316974574062,0.0407735386414122,0.08642079981325228,0.02173557306267382,0.07049098458726948,0.016470975717154543,0.015914097033708424,0.0,-0.00010174499159043622,0.0,-0.0008061374496624734,0.0,0.014656086686318156,0.0,0.0007881329011128053,0.0,-0.007524266180616867,0.0,-0.003501538382107882,0.0,0.01800929798342583,0.0,0.006210516582300765,0.0
1568,-0.11138698713180727,-0.011504918789008743,7.126296577476224e-05,-0.0007405053814073901,0.001600085505499097,0.026238049195461504,0.04143450809778816,0.08583516383261168,0.022118093951303288,0.07110873773441015,0.016459279832160303,0.016107344672630194,0.0,-0.00010459205650373542,0.0,-0.0008071707003894344,0.0,0.014600681171515731,0.0,0.00043099789459383886,0.0,-0.007416860374715715,0.0,-0.0034484232582141323,0.0,0.01825736592556383,0.0,0.006175311599011173,0.0
1569,-0.10761226725378073,-0.01041410338624176,7.123929424529115e-05,-0.0011654842024125844,0.0016671380232472497,0.026566898326989167,0.04170041474627601,0.08631676971563203,0.02138250023374262,0.07128345345027028,0.010982282285805887,0.016143496468669066,0.0,-0.000139663551805455,0.0,-0.0008139791880682034,0.0,0.014457674474973637,0.0,0.00041203810368134925,0.0,-0.0073322577356353434,0.0,-0.003489051855611497,0.0,0.019537057444976472,0.0,0.0065918375239859515,0.0
1570,-0.13095299102519292,-0.01022578945882845,7.266405360738178e-05,-0.0016290069271597792,0.0006883632567126929,0.02629136940639792,0.043195138206875726,0.09057181022785007,0.021051397883555534,0.0784001996010826,0.007106310426466929,0.017364497633820548,0.0,0.001798052319832537,0.0,-0.0005286711655138488,0.0,0.014319209414226961,0.0,0.007436289134481687,0.0,-0.007261134309446735,0.0,-0.0033256497909686794,0.0,0.019885296658087866,0.0,0.00853293267506506,0.0
1571,-0.1289945134065374,-0.0106449369950573,7.269836198048431e-05,-0.0016984639732132644,0.0006793811601931362,0.02737787544352628,0.04390911337082146,0.09288485459249733,0.021425921141802175,0.08033303182144788,-0.0005250928827097209,0.018373386611255045,0.0,0.0022222600525981413,0.0,-0.0005224459430829874,0.0,0.014048888870166242,0.0,0.007338306226695373,0.0,-0.007355633999278013,0.0,-0.0033565913383503446,0.0,0.019817366405597215,0.0,0.006286314467938708,0.0
1572,-0.12897117190639942,-0.01061664418042083,-0.0011960285352175279,-0.0017178204442390142,0.00017187833221784312,0.027079274297779007,0.04384400196502329,0.0927826921366299,0.021006382233534713,0.0804910107914539,-0.0007313251703948299,0.01800650481727776,0.0,0.002303709995950496,0.0,-0.0005253466776652099,0.0,0.014021702351223025,0.0,0.007330680769566396,0.0,-0.007391203235029145,0.0,-0.003418533025634554,0.0,0.019601409276236315,0.0,0.006244841498412034,0.0
1573,-0.29917250668202094,-0.01369137799116753,4.343763957182436e-05,-0.001910432136088338,-0.0019183331879046657,-0.014804779469126136,-0.005971655193589295,-0.0093588089125234,0.019575697679713615,-0.013753962241628141,-0.02343512251332339,-0.008306149934854337,0.0,0.00022072120735256104,0.0,0.00011605852070722501,0.0,0.015014598060078928,0.0,0.0028359864234626794,0.0,-0.01066615116443182,0.0,-0.0044246040556197,0.0,0.02680711438031013,0.0,0.012167739000087704,0.0
1574,-0.3103196433306886,-0.014753540910921598,4.1367738962213474e-05,-0.00031404832997926325,-0.0009407733351633434,-0.01168035241576658,-0.006060978465169191,-0.009327175233116181,0.019082320366624158,-0.01322817369654679,-0.02283995124213112,-0.008309331584823509,0.0,0.00021286519172844724,0.0,0.00014256430449143686,0.0,-0.010333351283380464,0.0,0.002931700020194711,0.0,-0.010460872340836026,0.0,-0.003545654850817931,0.0,0.027106912454935822,0.0,0.01176224408953262,0.0
1575,-0.30991331459855354,-0.014922289332806251,4.1348021533215455e-05,-0.00029200223615522713,-0.0007230453045223646,-0.010250813324071942,-0.0056603910597724655,-0.010281788137748075,0.019862997036525186,-0.012575496355492821,-0.02275356270212047,-0.008397738889691968,0.0,0.00021371169528777023,0.0,0.00013576155283995787,0.0,-0.011378829383492297,0.0,0.002975204369599382,0.0,-0.010756361741100055,0.0,-0.0034536505342307048,0.0,0.027267707643912557,0.0,0.011147248659850695,0.0
1576,-0.3081779895715373,-0.015560338905269876,4.155850826615583e-05,-0.0001413978804162868,-0.0007000836464618506,-0.009538426030058757,-0.005490425110421779,-0.012524423445925515,0.02095158537625859,-0.012437844831739962,-0.02231472464962659,-0.008717917995255264,0.0,0.00021384319619326616,0.0,0.0001280955733713286,0.0,-0.01125919278406972,0.0,0.002932090293040753,0.0,-0.011377991717514257,0.0,-0.0036349859706437076,0.0,0.02719201673273242,0.0,0.012938384704193914,0.0
1577,-0.2964405274813788,-0.015368262058146091,5.251391964724044e-05,-0.000547428742963764,-0.000805949894132759,-0.012802614807297304,-0.0059002081549289105,-0.014227882160757419,0.03677681085564664,-0.014283609335476292,-0.022744533375099366,-0.009296980509424521,0.0,0.00024139099685806408,0.0,0.00011777310257302696,0.0,-0.008942394361019996,0.0,0.0031782772556745746,0.0,-0.011244547747264058,0.0,-0.0040138069534533345,0.0,0.02697493922697335,0.0,0.013051668489666081,0.0
1578,-0.2732197650129312,-0.016529400603405225,6.360283457199282e-05,-0.0018278009385080446,7.621063976044708e-05,-0.01693105785180129,-0.009103602816080926,-0.016764398173582124,0.010933481193897839,-0.016895914874988427,-0.02084197068668916,-0.010462696032127908,0.0,0.00018975881570681098,0.0,-7.941849249705349e-05,0.0,-0.0018661881333746203,0.0,-0.004390296473154482,0.0,-0.009478333573661044,0.0,-0.004974723951744202,0.0,0.026464736463065006,0.0,0.011515314210645266,0.0
1579,-0.27161028624064526,-0.01523547143779808,6.491037330821628e-05,-0.0013645291752180661,-0.00010466768271899392,-0.016988494651477653,-0.009845115117710008,-0.01750748395440223,0.011546585215066204,-0.017052276776264464,-0.02098695575301588,-0.010517050246612907,0.0,0.00019014822154088246,0.0,-7.776597995348144e-05,0.0,-0.001614403778186026,0.0,-0.004270211382414504,0.0,-0.008400576325650007,0.0,-0.005001436839055752,0.0,0.026766652744625922,0.0,0.01124167002766986,0.0
1580,-0.2738278107864584,-0.013666698997539388,6.446010550175851e-05,-0.0016196789095840164,-0.0005454908243211954,-0.01654775468879555,-0.010441748625310046,-0.01889150029074976,0.005773648871143993,-0.016595264585330612,-0.021197628532768013,-0.010731200757019874,0.0,0.0001667547511445857,0.0,-9.323215908056463e-05,0.0,-0.0019316286187254686,0.0,-0.004445009681083888,0.0,-0.007587845438594556,0.0,-0.004532514135022966,0.0,0.026882938132485174,0.0,0.01117046878256171,0.0
1581,-0.277250089272312,-0.01159370704444652,6.446010550175851e-05,-0.0015706476678177604,-0.00033822819445985364,-0.01694895621281304,-0.011068640723198964,-0.018179944791478535,-1.868099933379566e-05,-0.0157666270082637,-0.02098940929077335,-0.01078387038368586,0.0,0.00016647217864922465,0.0,-9.559470585782444e-05,0.0,-0.0018033720284184648,0.0,-0.0040968690958076365,0.0,-0.007099407549984866,0.0,-0.004093874806960023,0.0,0.02698056196385956,0.0,0.011415416209405928,0.0
1582,-0.30494867980852425,-0.007105525099134155,5.1409003811821e-05,0.0004617838166406145,-0.0004471021321866771,-0.012786538006728018,-0.00802755310082767,-0.016849731026011325,0.005525450564986649,-0.01401035531164825,-0.02365532810797586,-0.010025026956244933,0.0,0.00021550674314934102,0.0,0.00011840866272391156,0.0,-0.003289014672728266,0.0,0.003378099732512943,0.0,-0.00759069056296816,0.0,-0.0035726848778688974,0.0,0.02780675664414159,0.0,0.017272646339996076,0.0
1583,-0.30178904016321517,-0.007835171941811766,5.062925307780117e-05,0.0004085167409430583,-0.0002181560523340811,-0.013425403829421527,-0.008301497386594785,-0.01697299077605327,0.006438618104455067,-0.014331598887282592,-0.022829294851055535,-0.009973048029984619,0.0,0.00021613881244366808,0.0,0.00012178255144001042,0.0,-0.0033296679881345053,0.0,0.003346792165258074,0.0,-0.007785144163773964,0.0,-0.0036238252322148175,0.0,0.02755480532757205,0.0,0.018155092889789615,0.0
1584,-0.27930538515636055,-0.0031632299009839836,6.0443243037940464e-05,0.0027183809508304845,0.0022541543609546897,-0.00951087987689477,-0.007844752019541466,-0.01248840528238739,0.014798893492723177,-0.011989077255861128,-0.01869515017423788,-0.0027509145646796647,0.0,0.00021457697197836437,0.0,0.00010547082329575525,0.0,-0.0031144510948490334,0.0,0.003253637238658596,0.0,0.012602683513428007,0.0,0.010147763755319238,0.0,0.04435037301223048,0.0,0.029513046564607723,0.0
1585,-0.1583256680544057,0.084889863406069,5.9581102533561405e-05,0.01858278877195873,0.021171789571603088,0.005355357176981495,0.005775709075654669,0.016096206944910717,0.06695539720574392,0.007061358799592743,0.0031311161380956107,0.003501276692834472,0.0,0.00022840291067636467,0.0,0.00015537777292052316,0.0,0.005462848090866543,0.0,0.0038026601050624993,0.0,0.027786207241459002,0.0,0.018895492048929416,0.0,0.05787541847683286,0.0,0.07934029042495941,0.0
1586,-0.2726887120024999,0.01408236450593911,5.921765461567063e-05,0.002034384342138611,0.0017986718388681418,-0.008604149319240138,-0.011067526100986798,-0.014595580242796604,0.01337316164769466,-0.01176604593162929,-0.018275683594231398,-0.0032850544445829502,0.0,0.0002260940798399934,0.0,7.99800460306965e-05,0.0,-0.0038035971266435417,0.0,0.003159977207857543,0.0,0.012131773995794973,0.0,0.006455395664666423,0.0,0.042548706594505194,0.0,0.03942802797384604,0.0
1587,-0.29994250242699294,0.0017953570343200338,5.628085275899381e-05,-0.0030834515434896097,-0.0035752005912013957,-0.015649289285286,-0.013751771838837752,-0.024929965110948353,0.001981304999697133,-0.017247974360375364,-0.01989117020747652,-0.005638705765997551,0.0,0.00022675851285290652,0.0,8.280824258956328e-05,0.0,-0.0062390114544604155,0.0,0.0030925824116551062,0.0,0.006856116843163092,0.0,0.003174824533546203,0.0,0.03628491446285715,0.0,0.025765564120633928,0.0
1588,-0.305073382079995,-0.0003735905220455654,5.497325819211762e-05,-0.0030881073888814987,-0.0038789100236859666,-0.015227301159781595,-0.01198698553833981,-0.025209328423097133,0.0012428117263396932,-0.01792196171025421,-0.014541565129402528,-0.006168272130597317,0.0,0.00022848699539704815,0.0,9.642712372620625e-05,0.0,-0.006292437117349238,0.0,0.0030926109863169335,0.0,0.006580136792002037,0.0,0.0037085343945861306,0.0,0.033989959619806345,0.0,0.02454252859276101,0.0
1589,-0.26970354511381023,0.01031878031524211,5.90721443604623e-05,-0.00263465791011316,-0.0025101270533646925,-0.016591060798223783,0.006145006835841937,-0.021125710525218833,0.005097729669120236,-0.015322955807853653,-0.00973508232576546,-0.003696509840144981,0.0,0.0002454861548382839,0.0,0.00017821315547690908,0.0,0.011568858388498285,0.0,0.0030836423428942613,0.0,0.008956906967240762,0.0,0.005923362359126117,0.0,0.037233955516082606,0.0,0.042681474082296125,0.0
1590,-0.1294919137449407,0.10680371049339737,5.739299878040232e-05,0.01682895977050063,0.015133114850570728,0.028169345818074697,0.04522493752425577,-0.0034892510007623495,0.03863032614238149,0.004750968245424128,0.016756179611413555,0.006062714964778906,0.0,0.00028446863668618854,0.0,0.00014525089698787477,0.0,0.03695422593768086,0.0,0.0037960536435260196,0.0,0.024616312899316744,0.0,0.01628922319101029,0.0,0.051100829292339674,0.0,0.11893253872067161,0.0
1591,-0.10329368316612171,0.13095678900397142,5.7262383265860985e-05,0.019558923330556838,0.020089916981568832,0.030246593786014037,0.05191604926263424,0.0005365736828480819,0.03583198181082627,0.007807958424913627,0.024260536407740473,0.0076512422013818105,0.0,0.00030692249305465613,0.0,0.00014138523687197825,0.0,0.0401011250975254,0.0,0.0037207061653083888,0.0,0.029410288985590935,0.0,0.019721036472412003,0.0,0.05085893211872557,0.0,0.12610885268727737,0.0
1592,-0.1011922299761104,0.12576882957438074,5.5049003088364106e-05,0.016576765651537356,0.015904981049756503,0.028589534455066484,0.04733467555894432,0.003534803441559581,0.0359888646173624,0.006794933946856364,0.023499947172777407,0.006754308371498049,0.0,0.00029599253928592025,0.0,0.00024314731743958922,0.0,0.039053476449807834,0.0,0.0036930186784338904,0.0,0.030967071654183286,0.0,0.01813450966403808,0.0,0.04697672844229839,0.0,0.1246436211009185,0.0
1593,-0.134537350769709,0.11630509515632705,5.5049003088364106e-05,0.01412930803149172,0.014255725961034164,0.025804813533654377,0.03000399747485386,0.0027082981827049745,0.0042571366575179185,0.0005784541518685428,0.0269251538813198,0.0055755013089702505,0.0,0.000373980188301022,0.0,7.942644621702002e-05,0.0,0.03890847834228965,0.0,0.003493698865687782,0.0,0.030244666691232054,0.0,0.017241720853823604,0.0,0.04305620391216175,0.0,0.12453898403939265,0.0
1594,-0.13567292761113092,0.11372695438534411,5.5070912244416684e-05,0.01368241402189141,0.013764332067694047,0.025133231569442804,0.02869219693499372,0.002126819335848669,-0.00384019121727768,0.00024004087419997826,0.025602146681986276,0.005231498805751417,0.0,0.00037594164960027166,0.0,7.949103048175394e-05,0.0,0.03893967864607575,0.0,0.0034722958364836057,0.0,0.030440404473134428,0.0,0.016989584223014973,0.0,0.03912089479953358,0.0,0.12346709983967162,0.0
1595,-0.15822843951222984,0.10688674084280611,5.377287729125589e-05,0.010160911291130014,0.010896327427129444,0.020671226396851382,0.023189964619176665,0.0003864870552507223,-0.011548886937681642,-0.002266245222234047,0.023772783573307425,0.0037628017379615253,0.0,0.0003698852256588393,0.0,9.580991615450003e-05,0.0,-0.015532991192610906,0.0,0.0030701052230841545,0.0,0.029557615407692157,0.0,0.015310719874251909,0.0,0.03773006659228843,0.0,0.1191272482382012,0.0
1596,-0.16808685012074426,0.09484168773776018,5.377476975130818e-05,0.009119411629312681,0.00974042542347213,0.020638944449928715,0.02205533139434659,0.0006660285535289615,-0.012525283610541867,-0.0008071781449035212,0.022832982159664977,0.0034941480526794804,0.0,0.00032574951853263324,0.0,8.256248161819736e-05,0.0,-0.015289395357726233,0.0,0.0030387412639978077,0.0,0.03052269552393378,0.0,0.01516299703747659,0.0,0.03776184465123285,0.0,0.12034735313425365,0.0
1597,-0.16507794176511412,0.09309245977402146,5.384784196152939e-05,0.0081754740028704,0.00835474685830328,0.02082549928426929,0.022295860308597683,0.0017525849057284074,-0.014707406310125588,0.004303633075231174,0.02223084413713607,0.0030420578625581164,0.0,0.00037162378767112674,0.0,8.731690271059368e-05,0.0,-0.015365689069242587,0.0,0.002287753481949361,0.0,0.02999472298344103,0.0,0.015439763453259788,0.0,0.03649385826002981,0.0,0.11920639253965574,0.0
1598,-0.16892891901596785,0.09338696580004031,5.413004745224425e-05,0.008837276443326448,0.00859471585369658,0.02047052155312249,0.022616639876691387,-0.0030403091476814722,-0.013154661887351994,0.004815706095267055,0.023809641491376682,0.0022952724419893324,0.0,0.0003885262980354825,0.0,9.910770370697745e-05,0.0,-0.01486527534892245,0.0,0.002130571179100378,0.0,0.030567330603544923,0.0,0.015438384519133274,0.0,0.035136661756846634,0.0,0.11749370665553306,0.0
1599,-0.1676254783396569,0.09305694780865839,-0.0009819119943278239,0.009346537694839696,0.009753075102657813,0.01952240423829294,0.022848994413609026,-0.003216619473928562,-0.012855347017541206,0.0038150394651030924,0.02443377664849506,0.001360249098932335,0.0,0.0004066207352747917,0.0,0.00010666584114324029,0.0,-0.01496028728952155,0.0,0.001955127090219439,0.0,0.029945423033552136,0.0,0.01565362395986163,0.0,0.03506288220678874,0.0,0.11739970146382557,0.0
1600,-0.10346977751804882,0.04486663004246526,4.043709125532477e-05,0.07092402023117872,0.060863808716765055,0.018213121362380912,0.037141214187244066,0.0695227931812945,-0.010210418864446897,-0.002015049313491306,0.016248050059368184,-0.001407946397316933,0.0,-0.0005435475787002806,0.0,-0.0020345424633028547,0.0,-0.00975017528582779,0.0,0.0038069681582064314,0.0,0.004798207694916532,0.0,0.001275067387103937,0.0,-0.0014947732658463398,0.0,0.01845467954295894,0.0
1601,-0.10877092332527273,0.045295446551862274,4.043709125532477e-05,0.07230517016207491,0.06310678175560774,0.018661905577992032,0.03973856352600028,0.06287325518985495,-0.00917393384740311,-0.0003830010676790155,0.007499905114721676,-0.0013912695120820834,0.0,-0.0005632207026946103,0.0,-0.001960619812762262,0.0,-0.00966730613825673,0.0,0.003733337105784547,0.0,0.0043811727944764196,0.0,0.0012717218566730298,0.0,-0.0014188407404120372,0.0,0.018464503061793928,0.0
1602,-0.10962331153807393,0.04519255279309942,4.043709125532477e-05,0.07102149138965357,0.06281870528212537,0.018650917897117016,0.039625045035816375,0.06342243165176739,-0.009647533771446578,-0.0009825669092124068,0.005491786168259114,-0.0015761153704716279,0.0,-0.0005632207026946103,0.0,-0.0021085805437777694,0.0,-0.009783577250603881,0.0,0.003735204048322275,0.0,0.004377005387160832,0.0,0.0012717218566730298,0.0,-0.0013908582274231001,0.0,0.018478709190678008,0.0
1603,-0.10252031322018079,0.045002436096245366,-0.0007862999263539316,0.06955755635941549,0.060214175588485436,0.018190513160586598,0.038502244823451916,0.06360004260446965,-0.010608481824080784,-0.002458408816623406,0.005198340333884869,-0.0012593111770906194,0.0,-0.0005437927865436326,0.0,-0.002012397140344122,0.0,-0.01020205266721014,0.0,0.003696188788339348,0.0,0.0044264253310258295,0.0,0.0013150193494642708,0.0,-0.001251324247441585,0.0,0.018152546383399297,0.0
1604,-0.20487625436064005,-0.003719373316804406,3.6283338363491785e-05,-0.000445258096688776,0.0013196309902868907,0.008410552704911431,0.05516211458913854,0.12928907416048707,0.02505331528151452,0.002178927265437744,0.02908344900431981,-0.004252116604595546,0.0,-0.00018287620318951984,0.0,-0.0005248674982302463,0.0,-0.019822295001696626,0.0,0.003618665614946315,0.0,-0.0020760542394505374,0.0,-0.005270022719835978,0.0,0.02344299424997777,0.0,-0.004642312346695684,0.0
1605,-0.17094127469221915,-0.0026970916999196136,3.538443395025465e-05,0.0008177279747816195,0.0022211676034571345,0.006630287287653941,0.047925444892485514,0.10549819171578285,0.02752169698845178,0.07477684646247455,0.02862343324001807,-0.005218497521651573,0.0,0.0037737063416902667,0.0,-0.0003807378331607793,0.0,0.016245317690528723,0.0,0.006740032025784924,0.0,-0.0014042015078389325,0.0,-0.006175870921712226,0.0,0.017278159889510807,0.0,-0.0031550493616436413,0.0
1606,-0.17034471034542414,-0.0030746380354090028,3.538443395025465e-05,0.00041903573414034704,0.0020148875815593085,0.006485682889383707,0.0476058331963864,0.10529673146723907,0.02594280643026788,0.07872589255198698,0.028810582638787215,-0.005554330238494771,0.0,0.003697351855741694,0.0,-0.00037604346056295974,0.0,0.01637898449451986,0.0,0.006854746271886041,0.0,-0.0014189202603184128,0.0,-0.0058930867019087235,0.0,0.017827816477026907,0.0,-0.003082197507008916,0.0
1607,-0.16949064659267454,-0.0030428998955068435,-0.0008980838171366142,0.00030836505885176066,0.001813572363825981,0.006416034562686856,0.047636075205927136,0.10444883270708112,0.025993603510921618,0.0793652104216281,0.02766573702231089,-0.00554968579250697,0.0,0.0037046994667658136,0.0,-0.0003924920925476091,0.0,0.016321687273638297,0.0,0.006941667769633087,0.0,-0.001490801887393542,0.0,-0.005657558730164436,0.0,0.01820376924972497,0.0,-0.0030638445639784486,0.0
1608,-0.25760746213413005,0.004579991649988663,1.4955348528334924e-05,-0.003623340334220538,-0.0036927794275906593,0.008763831254793927,0.04170467377492584,0.05322599174544036,0.014940162832424896,0.11142662159060078,0.022685241993888976,-0.0028357058034028477,0.0,-0.0004233619750710054,0.0,-0.0008831334864445286,0.0,-0.01405166796292559,0.0,-0.0004743474166163611,0.0,-0.0009140128387311291,0.0,-0.004573039168044892,0.0,0.019783993449217066,0.0,0.00906134850639528,0.0
1609,-0.25682383724102764,0.004579154029168076,1.5004442409639726e-05,-0.0036500510034072134,-0.003701898214152848,0.008948690434789757,0.0418775054322214,0.05306330534714277,0.014967910284343548,0.111547795884603,0.021167415463439955,-0.0028391249297478253,0.0,-0.00042369201839700965,0.0,-0.0008626968414816077,0.0,-0.014119540973782757,0.0,-0.00045120462301470615,0.0,-0.0008726146953642802,0.0,-0.004506930908605351,0.0,0.02014704493950844,0.0,0.009045726790381127,0.0
1610,-0.2535281178253259,0.004447642756270286,1.4941166783108793e-05,-0.004077071448861257,-0.003630287353458729,0.010165550011376014,0.04212855017006568,0.05338449368402501,0.01463384081179524,0.11193697155172716,0.015451700094379673,-0.002888594576602397,0.0,-0.0004492207086392666,0.0,-0.0008935971364659299,0.0,-0.014291778518167925,0.0,-0.0003572880636160031,0.0,-0.0008604339482572501,0.0,-0.0045690221046928055,0.0,0.02140583097960871,0.0,0.009083852057082306,0.0
1611,-0.2429252545680949,0.003877047239333937,-0.0003889524295508282,-0.004252765064896687,-0.003682228950522355,0.012559092753302853,0.04266958969102587,0.05412849255372304,0.013635241791015433,0.11412563049244247,0.0033055614321452946,-0.0029378745182704687,0.0,-0.0005096589047196339,0.0,-0.0009185787609356774,0.0,-0.015615173825119786,0.0,-0.00041121928416872994,0.0,-0.0010949742790943987,0.0,-0.004860835857237171,0.0,0.02226869351400892,0.0,0.008136128574639596,0.0
1612,-0.3243107093593573,-0.01134494736231568,2.9318583184914896e-05,-0.007555983732073375,-0.007110579267705314,0.03133865078658159,0.0014686678466831696,-0.002943004209329196,0.00880562448286409,-0.011363287173326925,0.01586290439645075,-0.004795873268019564,0.0,0.00019146788896966108,0.0,0.000139831070801479,0.0,-0.010717578277306194,0.0,0.0033734914458267303,0.0,-0.01164966646727247,0.0,0.001358358803622431,0.0,-0.0016997706304613075,0.0,-0.0030651508267959962,0.0
1613,-0.32220491561389913,-0.009639156686134296,2.9425796615957753e-05,-0.00723615906950941,-0.007460176822882513,0.031065908836861226,0.002015925621191596,-0.0009538641009126574,0.0064666925611646916,-0.011792150535838528,0.014077148550737157,-0.004743698744536894,0.0,0.0001985972367071533,0.0,0.00014646864120145784,0.0,-0.009922879595988946,0.0,0.0035171908507027083,0.0,-0.011164025794108766,0.0,0.0009625768739345901,0.0,-0.0021127918290917147,0.0,-0.0030012149798677645,0.0
1614,-0.31551787986697727,-0.010025343003271042,-0.0003383623069631827,-0.006965533010069016,-0.007428554023975373,0.032172640861032595,0.0038822563705139396,7.972419532884503e-05,0.002317946466836677,-0.01147099617859048,0.00562952491460774,-0.004928519878189593,0.0,0.00015466051391638562,0.0,0.00027722489016808807,0.0,-0.01006708636665884,0.0,0.0034947009034101855,0.0,-0.01073416729244082,0.0,0.002068106795502031,0.0,-0.0024996672454028223,0.0,-0.0029703437750952287,0.0
1615,-0.19743600587922835,-0.08107418087866865,6.570178647908179e-06,-0.0073786276818433635,-0.007332923854316926,-0.004266794041688383,-0.014413484315226259,-0.02111510255361068,0.023742865776980922,-0.005093816547634076,-0.016025077570973167,-0.006979613710745404,0.0,0.00016136093450056595,0.0,5.860688373541178e-05,0.0,-0.01507063397094573,0.0,0.0005088623288866938,0.0,-0.021125881697592767,0.0,0.0014594760893717807,0.0,0.028311030525231394,0.0,-0.01553336640243098,0.0
1616,-0.19968573900944836,-0.08129338367672483,6.0811605193997495e-06,-0.006344045796192172,-0.006920989272251379,-0.003763179412295103,-0.014219222265238281,-0.023732100989848466,0.0241363387173829,-0.0060821035039306855,-0.01633467197811816,-0.006868560796657193,0.0,0.00017031002571680668,0.0,7.192262500204414e-05,0.0,-0.015061243136984589,0.0,0.0004906241382302911,0.0,-0.02055287969075605,0.0,0.0018565294344979276,0.0,0.02774746544464109,0.0,-0.015573593103081741,0.0
1617,-0.233976682882114,-0.05042983460350333,1.073780967858073e-05,-0.004779522946716063,-0.0051989103333495434,-0.003309738950549497,-0.014432669214607988,-0.024960669688958388,0.02316383557832497,-0.007849036348993548,-0.015049932665637323,-0.006753681391448449,0.0,0.0001929784699774492,0.0,6.024601833642947e-05,0.0,-0.014115028786842957,0.0,0.000712743703368466,0.0,-0.020293576917341828,0.0,0.00228231139484562,0.0,0.02809377363252363,0.0,-0.015319782962528995,0.0
1618,-0.2521870196829954,-0.04007084038715314,1.0801655846835233e-05,-0.004358913729829369,-0.0047569025804650835,-0.00334540952542743,-0.013355900653562618,-0.02479172145883774,0.020960484992833203,-0.00271088407533929,-0.014349420120826229,-0.006536159714637903,0.0,0.0001990230123423394,0.0,2.0491729198048465e-05,0.0,-0.013337144927001632,0.0,0.0008564351099372914,0.0,-0.020342709601796287,0.0,0.002451789928480819,0.0,0.02885451589590861,0.0,-0.015162956952212103,0.0
1619,-0.25988143578887996,-0.03465941069559234,6.706189434095562e-06,-0.003641047027044228,-0.00407773844630325,-0.0022158520076133925,-0.013479572065343622,-0.024345000406638607,0.02231847190020325,-0.0022530571118614382,-0.013952609425375725,-0.006866966417330838,0.0,0.00020287708719123553,0.0,-3.2937738497485967e-06,0.0,-0.01267849176369195,0.0,0.0010224003859609213,0.0,-0.021454538301572398,0.0,0.0023640538626695288,0.0,0.029181623211844157,0.0,-0.015302424026418387,0.0
1620,-0.2577990209943289,-0.03572850472863081,1.7274598021113943e-05,-0.0035533822851321925,-0.0035519563979775313,-0.0006553303893555497,-0.01291979978779587,-0.023305743451225706,0.01900531842774619,-0.0016517383654944173,-0.014229011374999915,-0.006744639151382342,0.0,0.0002004309522485077,0.0,-2.0139943553533677e-05,0.0,-0.013357523150412456,0.0,0.0006555416113703391,0.0,-0.02136692334783312,0.0,0.0019136544489275172,0.0,0.02870366649159883,0.0,-0.015327477782003223,0.0
1621,-0.27175506612917594,-0.018357953987059854,1.4492732385380515e-05,-0.0024173582366695022,-0.0016550760480073857,-0.0007723158365915139,-0.011026074914596878,-0.020577100076212704,0.0197192064146595,-0.005029756722592249,-0.012374319394969807,-0.007149065110072005,0.0,0.00020037905066575738,0.0,0.0001679281917437299,0.0,-0.013829242016549198,0.0,0.00038923055050859646,0.0,-0.019770388220519675,0.0,0.00253431258177083,0.0,0.031539984142693926,0.0,-0.015025734567015454,0.0
1622,-0.26579880469234735,-0.014531651682570068,1.4823579986960599e-05,-0.0015693829937691356,-0.0007875796636383625,0.003788247419037046,-0.003544276570279872,-0.015528601316601184,0.02782684461097187,-0.004698549814509186,0.0012120710042339926,-0.007159443919684332,0.0,0.00018955291079142308,0.0,0.00035643094974247474,0.0,-0.013143673598298922,0.0,0.0005750275090586538,0.0,-0.018630354407306673,0.0,0.0026070075564724147,0.0,0.0317753206552016,0.0,-0.014435649964310371,0.0
1623,-0.027146036577795178,0.006845569369626008,2.0866739631485215e-05,0.014588614669888459,0.018649840948306302,0.028845359033025902,0.05446318430600468,0.039250518336327304,0.07151296378427527,0.022264091950544677,0.03859972278999877,0.0029465680390292617,0.0,0.0002004744196951489,0.0,0.0011488300572261353,0.0,0.00031719771933208,0.0,0.0028315537347289362,0.0,0.012807402665734706,0.0,0.00472272010435781,0.0,0.06326336805985112,0.0,-0.006675855262168783,0.0
1624,0.19285376208275704,-0.0001402246973903624,1.9461303063202252e-05,0.0257045278408283,0.02726302680878909,0.009507335294967596,0.015380955438014566,0.03635690373989215,0.04970923194353311,0.016702328286944308,0.01853101811125367,0.004959314485313466,0.0,0.0003089053974197863,0.0,0.0012989964895945669,0.0,0.0016526736803837252,0.0,0.0062146862863047365,0.0,0.027795582247732067,0.0,0.007604935526968428,0.0,0.1331874020785118,0.0,-0.002858789157486467,0.0
1625,0.2258491896224254,0.012188672773573076,2.981418664726815e-05,0.020038655367583837,0.022222694788950205,0.007454032043829022,0.013321025547470474,0.061107511668085854,0.04885161298261287,0.0119993228865361,0.0047367379193558904,0.0043019944009821676,0.0,0.00030319415942014577,0.0,0.0012241422950392252,0.0,0.0015622788774712966,0.0,0.007403375169801889,0.0,0.029575328774098665,0.0,0.006742243961386678,0.0,0.14627982460170436,0.0,-0.002804048369780198,0.0
1626,0.2310687413632168,0.014787444883606372,2.9005390997615633e-05,0.02321712293529534,0.025094440877881426,0.006933546295039303,0.029467514630394858,0.051011447401676166,0.04255492706956766,0.011545655886435816,-0.008054726503180572,0.003801895026381492,0.0,0.0003070318489936601,0.0,0.0013349675890755332,0.0,0.0022942015571445705,0.0,0.007483883953516812,0.0,0.027994121678617395,0.0,0.008282686212035347,0.0,0.15504130200235938,0.0,-0.002859060580564882,0.0
1627,0.2534075904895996,0.01540971445207935,3.079355160546528e-05,0.025422346340016937,0.025239363822759972,0.00578746779876316,0.009308027374946093,0.03397110481080692,0.046663844803409696,0.011225489525366585,-0.012937909307865786,0.005216213007895258,0.0,0.0003377352618738949,0.0,0.00138797888583491,0.0,0.0008043728886197498,0.0,0.006617791780511373,0.0,0.03509514590854719,0.0,0.00862540306317308,0.0,0.1664324383238364,0.0,-0.0033530585653034502,0.0
1628,0.246280496613563,0.0160844845379094,7.453751395522899e-07,0.026309066920405983,0.02679189863805801,0.007340531870560631,0.008891613739507451,0.005779464855860804,0.054761733799932946,0.011709868435929463,-0.01284646087289186,0.004085963640079773,0.0,0.00040733049725239753,0.0,0.0015543485908187347,0.0,0.001509483295686861,0.0,0.006671788221754315,0.0,0.04201468798745634,0.0,0.009639394390412096,0.0,0.17884619962829051,0.0,-0.003377922414574013,0.0
1629,0.24711050621954553,0.01697806151557636,-3.898518441372865e-06,0.027702823649372536,0.028708825437031585,0.0073228844417367,0.01348450305222088,-0.013622456799049101,0.05434138413685709,0.010696825418400176,-0.015411439148623349,0.003225844166269471,0.0,0.0004395593522039721,0.0,0.0014340459859650747,0.0,0.0014594332143140416,0.0,0.0064749676495310425,0.0,0.04501546022825055,0.0,0.01045827447800417,0.0,0.19118995666788421,0.0,-0.0034322751632346344,0.0
1630,0.26449238445442663,0.016845657145835476,-3.164070257213108e-05,0.026864530595912463,0.02771899766506754,0.007471150231791064,-0.0012427308889952926,-0.008706884721813048,0.04794764814303222,0.005216773811469132,-0.01693276689159803,0.004867072982202328,0.0,0.00042402675984046765,0.0,0.0017286558088259597,0.0,0.0009667140679413762,0.0,0.006277753274897251,0.0,0.04757527007959669,0.0,0.01058095158857089,0.0,0.190309396999449,0.0,-0.0032739473507145877,0.0
1631,0.2605188666520161,0.016605730574319987,-3.159476743043168e-05,0.02521409518142909,0.026373840790851238,0.00701130118172512,-0.001740356689172942,-0.009087905165702565,0.04804083423210412,0.009562479455111168,-0.015852212911635098,0.005272511761835756,0.0,0.00040572279112558135,0.0,0.0016251687105223807,0.0,0.0007553579852539528,0.0,0.006161320968278052,0.0,0.04836129371090418,0.0,0.011128181471258573,0.0,0.1902117695588103,0.0,-0.0036745289037638995,0.0
1632,0.26602838041128135,0.016490185282990528,-2.9355160526483263e-05,0.021963377886205074,0.02554009789432577,0.0060252180332689784,-0.0019138136208526708,-0.010237503070327551,0.05747524813340714,0.009773082711874815,-0.02049292208855084,0.003106464655760445,0.0,0.00046603325715771513,0.0,0.0014158401312825185,0.0,0.000957243104974607,0.0,0.006499066178893377,0.0,0.04562769228709981,0.0,0.011536409186937524,0.0,0.1903606859811813,0.0,-0.0037295546085423744,0.0
1633,0.26752358999181725,0.016601197916732723,-2.3460852911821996e-05,0.021435703747572525,0.023738439234228408,0.00625737314880129,-0.0030133887045897902,-0.010411788016436298,0.05952169290543378,0.009024347911176003,-0.02188819420483705,0.003260856389413836,0.0,0.0004666451826998711,0.0,0.0015579569416445285,0.0,0.0003920414079954975,0.0,0.006313482717297169,0.0,0.04475041935743098,0.0,0.011433329959700464,0.0,0.1925132557589052,0.0,-0.003710192436896605,0.0
1634,0.21339639904692703,0.02064794772229995,-1.3356357049562383e-06,0.0216018223565805,0.026267922403088527,0.007251438044531879,-0.0011444704274668608,-0.010811980856654541,0.046017041555507975,0.08025943890987018,-0.019486640381544865,0.0009216535190362578,0.0,0.00046301611412319534,0.0,0.0016759812235044665,0.0,0.0028770610576315677,0.0,0.0074701505290779326,0.0,0.04183030532230948,0.0,0.010569220261729649,0.0,0.15880870309541784,0.0,-0.0030045936930030433,0.0
1635,0.20508200717180156,0.020975842666245564,7.634778502461572e-06,0.01990485555508787,0.021320862196348468,0.006195105068736019,-0.00016045645319312006,-0.011701184329691408,0.03587746376724513,0.08647529667847642,-0.021398847353726526,0.0009670678487744185,0.0,0.0004576993647447335,0.0,0.0015888032458975577,0.0,0.002987446171253383,0.0,0.007388356539807836,0.0,0.03829365841534026,0.0,0.010832184872127046,0.0,0.15777246841494594,0.0,-0.002984253802692794,0.0
1636,0.2057081134912496,0.019866504821025734,8.704878611278704e-06,0.020211403716280992,0.02066020629881891,0.004595016150910863,0.0006827109741135815,-0.01221644062925984,0.029052959233025574,0.08482490005055991,-0.022197226537379544,0.00011066742059427838,0.0,0.00045010217096746167,0.0,0.001551987491570231,0.0,0.0028072267870931215,0.0,0.0071777804128748636,0.0,0.03755767107194134,0.0,0.010411086929340778,0.0,0.15824430744008358,0.0,-0.0030484901483375194,0.0
1637,0.21549055291454086,0.017860150561992152,1.320654476095436e-06,0.01741939148878405,0.018846876372242458,0.0047421310557209705,-0.0010372773645132207,-0.012890019069497462,0.029045336424581222,0.07889794040469345,-0.020743705834212048,-0.0006675942576941017,0.0,0.0004545348558019239,0.0,0.0015047613151956609,0.0,0.0024362193536016474,0.0,0.007321633361342004,0.0,0.03987714680515163,0.0,0.011499177556124637,0.0,0.15763856471719362,0.0,-0.0034750857567646394,0.0
1638,0.26236877243714907,0.012993787869987613,-4.781257858429423e-07,0.01622781498923635,0.016182977442459407,0.003952682871467958,0.00028381986236166384,-0.013332146175920021,0.030488210422286447,0.008521140957093823,-0.024627503756961242,0.0010060109935041222,0.0,0.00045639015548134296,0.0,0.0013437234489851577,0.0,0.0014933721053664503,0.0,0.006470505120988946,0.0,0.04278780596319008,0.0,0.012798879123653803,0.0,0.19021406227979884,0.0,-0.004289204192924408,0.0
1639,0.2680529141756406,0.01349387589456119,6.750901098890345e-07,0.01492863771736775,0.014293111016724489,0.004188091717676487,-6.779775359089612e-05,-0.013089395726330975,0.030040344260032367,0.008479087063875295,-0.013640995740181383,0.0006163397073378385,0.0,0.00044961574013678275,0.0,0.0012193753229618393,0.0,0.001361275203980645,0.0,0.006967999714667601,0.0,0.03733051401640332,0.0,0.00984702591972129,0.0,0.17142824180278213,0.0,-0.003981130144402135,0.0
1640,0.25687900504977473,0.015664271018868123,-4.165582922375627e-06,0.017990880517401428,0.014304519158841464,0.004079302687117505,-0.000922200230865471,-0.015348987002924279,0.022876556463621977,-0.0028350099362870963,-0.029859773243429557,9.137552032751134e-05,0.0,0.0004284494456257918,0.0,0.0011867395577432444,0.0,0.0016658604382966914,0.0,0.00687460364344015,0.0,0.034499870758301285,0.0,0.007836409447845177,0.0,0.1639285804203882,0.0,-0.003346894764798592,0.0
1641,0.25453762225108595,0.015406634131349534,1.1015208529088098e-05,0.0162805159398998,0.014253227233706318,0.004000700038466079,-0.0025456488790414206,-0.014738467819214857,0.02287807547813354,-0.0019694161271703744,-0.028424155075807683,0.00012667987903562783,0.0,0.0004320473717918973,0.0,0.001351050064340897,0.0,0.001842554266274364,0.0,0.006854271191647867,0.0,0.03520733974649449,0.0,0.007708654589354555,0.0,0.16272418010345438,0.0,-0.003303190923951307,0.0
1642,0.32877031070721113,0.017092664504558496,0.0005329532945262406,0.017618026101326265,0.015326541010077216,0.02502534884661765,0.01029606736444365,-0.007996899758596658,0.01510142900096376,0.003782383496735107,0.025082510208263558,0.04795548612502814,0.0,0.002207618626120319,0.0,0.0011464159839880824,0.0,0.011624860699438466,0.0,0.015878428386311635,0.0,0.060284059639039905,0.0,0.002599009243244478,0.0,0.029069745086709297,0.0,0.007702054487162304,0.0
1643,0.332004341314246,0.01694339278911789,0.000532949908940225,0.018001688469570773,0.01627487087009196,0.025825805145067045,0.011537509394447152,-0.007775318380445666,0.011855465957949358,0.003588315011279019,0.017893282414791628,0.049037869535483974,0.0,0.002035456887270516,0.0,0.0010221741641226248,0.0,0.011075320153426866,0.0,0.01601267899787801,0.0,0.060769305281983314,0.0,0.002259993916330794,0.0,0.030365206946429624,0.0,0.007601567809863269,0.0
1644,0.3335819157023123,0.01682653270521629,0.000514828338595841,0.01617449186982843,0.014739026236604533,0.02336214716481601,0.010002790312786612,0.022475301707714432,0.006242986573924126,0.0024077428590699368,0.016722032274877875,0.047294880119155204,0.0,0.002104710813019445,0.0,0.0009383324140481605,0.0,0.01080493642368568,0.0,0.015061685343583202,0.0,0.05852038444738775,0.0,0.0028030620415823693,0.0,0.025321152449350775,0.0,0.00655577795359587,0.0
1645,0.31925971403570325,0.017717955826104685,0.000514828338595841,0.016702092394931492,0.015145033284387148,0.023446646876318204,0.019546246463476986,0.025455859826427688,0.0022550637537048957,0.0031521595661724885,0.0175753048637683,0.05250233602219185,0.0,0.002239234625249375,0.0,0.0009426465324632944,0.0,0.010203619882916291,0.0,0.014734276576835474,0.0,0.058069232301059315,0.0,0.0035633640805828874,0.0,0.0240511058189809,0.0,0.006496564913947497,0.0
1646,0.3176470417468235,0.018063570404968293,0.0005147151169882401,0.01678356652994107,0.014824442163855714,0.02338451269352971,0.019504053702835814,0.02621691547748767,-0.0047170850921478946,0.0043856572708916965,0.018483605241403234,0.05463325171475045,0.0,0.002362674586849618,0.0,0.0009036206975581271,0.0,0.011508624356893624,0.0,0.01486422021433521,0.0,0.06010686736066233,0.0,0.004399554885515615,0.0,0.02403416371879022,0.0,0.006787881424547672,0.0
1647,0.31653883711664177,0.01706650239012861,0.0005145911167778311,0.016146887987991812,0.014485365403502136,0.02306336595221469,0.01823461134493328,0.02356771286426164,0.0061807483745704795,0.0071129872399131565,0.019460448511770836,0.05452425289512607,0.0,0.00246872183397537,0.0,0.000838851501949286,0.0,0.010254657147635168,0.0,0.013130944209829406,0.0,0.05868233997451042,0.0,0.005154531764890831,0.0,0.023196823487557187,0.0,0.0063058095636248,0.0
1648,0.3185246292316304,0.016308038813176048,0.0005145911167778311,0.016475260780456902,0.01460371890440827,0.022986518236255964,0.019535845895199834,0.023044175829031066,0.007978020457373952,0.006430498886274869,0.019458507787945965,0.05441962228521486,0.0,0.002394916250140873,0.0,0.0008615376914547026,0.0,0.01014159986833953,0.0,0.012978238480067595,0.0,0.056175711340384,0.0,0.0048650124512768025,0.0,0.022948771781064758,0.0,0.006283774595330701,0.0
1649,0.32208981270198767,0.01549634023173747,0.0005149508687252723,0.01677907246187488,0.015261051278416028,0.022628418967227653,0.02043299598710719,0.02255984920411314,0.007638903741091965,0.004545214530540225,0.01967185905580769,0.05422875990975218,0.0,0.0023469792197876697,0.0,0.0008618771320890379,0.0,0.009909129989249105,0.0,0.012794945053700199,0.0,0.05609532976294533,0.0,0.004888944515323882,0.0,0.021874615458346038,0.0,0.0063099406119821976,0.0
1650,0.3266644600421622,0.014633767017975863,0.0005148599649312682,0.016706731109330863,0.015087412656489387,0.02192671559900806,0.020422721673587347,0.02194623988988258,0.0014673129455281043,0.009160522005283403,0.02088159708291474,0.055712452610430736,0.0,0.002238244199873075,0.0,0.0008439974392777179,0.0,0.009525941213251048,0.0,0.012883498459168061,0.0,0.05412898946124102,0.0,0.004935705825484758,0.0,0.02058401755790807,0.0,0.006663803928077688,0.0
1651,0.32225495476672356,0.016643725379865665,0.0004960449763145356,0.017579421260633176,0.015718228740999162,0.02180655531940058,0.020723790502029674,0.022129547303328,0.0026016490476798316,0.009173710372201525,0.01978264916139292,0.05550369796478193,0.0,0.0022169887144382035,0.0,0.0009356903206374144,0.0,0.00871739417271919,0.0,0.013228799859464777,0.0,0.0537158112792783,0.0,0.00499452285545295,0.0,0.020848696654245557,0.0,0.006738543797556637,0.0
1652,0.3332187475265258,0.016142157424638107,0.00048483129680065824,0.01723709069939481,0.015592923838126126,0.0217534654934846,0.020668933000243164,0.01956067869760973,-0.0015730520055470504,0.011631600292881244,0.020527876064179097,0.0553677649710842,0.0,0.002206903183402587,0.0,0.001704177961588216,0.0,0.007369575949290475,0.0,0.011972557043865621,0.0,0.050595214706921146,0.0,0.005222209119228433,0.0,0.01994891921668295,0.0,0.006177847968743633,0.0
1653,0.3405499918678264,0.016498640168054506,0.0005046295191981399,0.018041244864882042,0.016870022773753452,0.02197608829404026,0.021540930474417127,0.0019494633193699962,0.00220083833077973,0.0071626930770058205,0.030667784769057894,0.054811476355082225,0.0,0.0022753766044028207,0.0,0.0021797259944612694,0.0,0.007893147974410899,0.0,0.01280616477916494,0.0,0.05104464675106437,0.0,0.00466251275285456,0.0,0.015255048861513907,0.0,0.0069199949178051865,0.0
1654,0.33718871663935857,0.016778439421571287,0.0005039060512199423,0.018543632499714177,0.018518138062721474,0.021998740749124338,0.02194115169048682,-0.00898329244516658,0.005399919794348091,0.005128119545689672,0.03567387832712195,0.056527269710730355,0.0,0.0021541493663240724,0.0,0.0023300794303663273,0.0,0.00805213091223985,0.0,0.012964913230745456,0.0,0.05046733423752073,0.0,0.00481682092498305,0.0,0.018404067135671547,0.0,0.00740230716437431,0.0
1655,0.34096091607764917,0.017270869301035576,0.0004975677261120246,0.01908989102231498,0.01889825106952935,0.011403058411917083,0.022087439585094217,-0.010073664017237622,0.005286972417489125,0.004264467983681434,0.04021690606565547,0.057179176983004516,0.0,0.002047375822024859,0.0,0.00234581136164707,0.0,0.0069442619066374285,0.0,0.012409411230591338,0.0,0.050726020869288575,0.0,0.004749862877692724,0.0,0.023010141563357955,0.0,0.007614252424323202,0.0
1656,0.33986951377505203,0.01748125145667102,0.000495639000125296,0.019244852698226164,0.019171123932147597,0.011779042169391952,0.022469610344921308,-0.01137653270495176,0.004892218664535419,0.004764666737076606,0.041716069454871385,0.057039698586806756,0.0,0.0020397508322186095,0.0,0.002422750352521694,0.0,0.0072168461785497625,0.0,0.01258196935829028,0.0,0.04973853676719603,0.0,0.00461848082438707,0.0,0.02226256468354537,0.0,0.0073823693375630935,0.0
1657,0.3330355891022566,0.019202299338619097,0.00049136083638122,0.019879570581350082,0.01976272829183776,0.009468001164112769,0.022254405648218244,-0.003068424799542823,0.011369832425972554,0.0039907619473829375,0.039900049701799674,0.052427214052517594,0.0,0.0016400929162478906,0.0,0.002488642893477706,0.0,0.007818158111133167,0.0,0.013400347459885076,0.0,0.04855736397261231,0.0,0.003661873052777863,0.0,0.02086661728296354,0.0,0.007545370236479773,0.0
1658,0.33152036621715764,0.019230507183756844,0.0004906875473196596,0.019372558777609874,0.020178866445132934,0.006653341989809588,0.021999338306155,-0.00359619794906922,0.012929934813635977,0.004634605443698277,0.040121821968470375,0.04962118435966508,0.0,0.0016028981389989239,0.0,0.002442869163331056,0.0,0.007730510244129394,0.0,0.013272539823775655,0.0,0.04923650240096585,0.0,0.0034907631373206354,0.0,0.021494833740936928,0.0,0.007789649533034298,0.0
1659,0.32999152738155113,0.019867406409916025,0.0004922115878018833,0.018728179988016853,0.019223814051917552,0.006364267929400459,0.021759154600478153,0.017443447006867698,0.011853987764790496,0.0028796727593172903,0.0387067227422911,0.044818626456588774,0.0,0.0016288648168624072,0.0,0.0025262861001749564,0.0,0.006019106414617205,0.0,0.012970264968784775,0.0,0.04504097578838918,0.0,0.0032041532187404155,0.0,0.02088619295301092,0.0,0.00804985481164112,0.0
1660,0.3208647796765848,0.018379297838787577,0.0004917853078074663,0.01699286512766292,0.01757047166396424,0.011079808223362837,0.020910386070728468,0.03374813141456106,0.009912004157498221,0.0018330192440923344,0.039489074184697964,0.04486532736301299,0.0,0.0015924921874129628,0.0,0.0023123338996944246,0.0,0.005222038256121591,0.0,0.013092998391750946,0.0,0.04476890219698075,0.0,0.0029952094461264235,0.0,0.020536242809536698,0.0,0.008034686756095621,0.0
1661,0.3150981911313792,0.01751702910082389,0.0004916522498158553,0.01742708150923242,0.017235606880989532,0.01109468767147987,0.020408975776075557,0.0427914466776791,0.007607391855946473,0.0012754187693333298,0.04004647946192648,0.042191467949522825,0.0,0.0015251756546750008,0.0,0.002229981910217751,0.0,0.00546739225778602,0.0,0.013158234443554902,0.0,0.04609592844886986,0.0,0.003167005764540786,0.0,0.020527035577476087,0.0,0.008217102892492383,0.0
1662,0.31596468888616747,0.0185224914658925,0.0004912824446801933,0.01844909916402795,0.017561879506738414,0.00928961870617132,0.020713635136480172,0.04277249080183865,-0.007000878062111593,0.00202028439817211,0.03977541757128555,0.039109428398794374,0.0,0.0013625683239381716,0.0,0.002179632436113863,0.0,0.006155762642372935,0.0,0.015340106992128103,0.0,0.04824891894849766,0.0,0.002022227771472838,0.0,0.019716911998089632,0.0,0.008573467893782433,0.0
1663,0.308755717334646,0.018087090191922284,0.0004782004493278439,0.01857517426695421,0.01734777707510592,0.009521128973661142,0.015989500395289086,0.04690265391505508,-8.223313283372691e-05,0.0011714990577731252,0.04069728238193843,0.03732871231023902,0.0,0.0012729312014414166,0.0,0.0022670391161705114,0.0,0.003293979677755035,0.0,0.014995869581154987,0.0,0.04702828065386758,0.0,-0.00013071317603665785,0.0,0.018474838932156942,0.0,0.008108623892322737,0.0
1664,0.29221077041702803,0.018143312773709182,0.0004527481446592617,0.017903657351341928,0.01728296383191069,0.008833601427064615,0.013502664557617944,0.049604264575120356,0.005938200505551323,0.0018765693572651895,0.04127884024162294,0.036503719903418164,0.0,0.0011463554844446911,0.0,0.0022556193983982375,0.0,0.002310475306338388,0.0,0.015286150623274205,0.0,0.04706087180773427,0.0,-0.0004457821001367214,0.0,0.020575693938004614,0.0,0.008295541459583375,0.0
1665,0.28083919700140064,0.018295560282198937,0.0004528390557687495,0.017930920512975814,0.017507048347537326,0.008888831447509361,0.014394885684557348,0.0501983340533785,0.012525011792345102,0.00991548082872963,0.04071784621579904,0.036550574507800526,0.0,0.0011538826917598592,0.0,0.002085452024986632,0.0,0.0023724188208679815,0.0,0.015237016255888462,0.0,0.045492308863023516,0.0,-0.0011313560677209532,0.0,0.023057495212960306,0.0,0.008006764402832597,0.0
1666,0.28093980575140054,0.017888821592579845,0.0004540300969865212,0.017910228040559216,0.017421984683044303,0.008902503590755808,0.01447207183709588,0.049708105489303406,0.01540887460290284,0.010027689375160147,0.04091230046737798,0.035914407455559176,0.0,0.0010850814822972528,0.0,0.002105480460401395,0.0,0.0024913612226783936,0.0,0.014924177980052042,0.0,0.045407549510911,0.0,-0.0009968206793576253,0.0,0.023002502287868883,0.0,0.0076289249196845425,0.0
1667,0.2787094350118025,0.018709852171730015,0.0003034463113407195,0.018826871179234272,0.017514786950449376,0.007366596307097046,0.012738704550110403,0.050489980125103445,0.018125919234438834,-0.0003652023868855602,0.040452641274803,0.03201087866538048,0.0,0.0010788602085660343,0.0,0.0019390198987147642,0.0,0.0035015876895843207,0.0,0.01610328777974199,0.0,0.047784241370973014,0.0,-0.0019955257014681736,0.0,0.02183969406005962,0.0,0.008169754907201933,0.0
1668,0.25541089350487906,0.0172071211472212,-0.006426091637198111,0.017074200691381665,0.015291942671953471,0.007423506520217165,0.01067833676082401,0.05270396869804401,0.0049964516923146395,-0.0016731509040379376,0.0418504969852269,0.031120435537678546,0.0,0.0010925387389193063,0.0,0.001815792930792996,0.0,0.002969327339052241,0.0,0.01572912917019705,0.0,0.039976730902565344,0.0,-0.0023258289602208827,0.0,0.02196327277232341,0.0,0.008260206947408427,0.0
1669,0.14386769171516733,0.0679211939486311,4.641651921051965e-05,0.013392365156644406,0.013089866936315328,0.0011004032804838573,0.020899229671199362,0.05504696373423669,-0.0013618505142634898,0.0019031386241471929,0.026258487059888584,-0.0004096182379491717,0.0,0.0007727726804903613,0.0,-0.00011413046130304881,0.0,0.004069112106038788,0.0,0.006226817828677219,0.0,-0.06983549766115067,0.0,0.010022705322739323,0.0,0.01188873247703442,0.0,-0.0045448475357555375,0.0
1670,0.14396029422189122,0.06870179974738608,4.644301285833719e-05,0.013584548628942044,0.012908160504797204,0.001564827869208701,0.021134779478956443,0.05542755228830086,-0.0005907689333785368,-0.0005244627564081266,0.024504285576826122,-0.0005548620998446008,0.0,0.0007109506279742708,0.0,-7.472587545974861e-05,0.0,0.003711219136196768,0.0,0.006205232582654907,0.0,-0.07164115065015901,0.0,0.01028915240423608,0.0,0.011874399127772916,0.0,-0.0043534269402557965,0.0
1671,0.1443697908933858,0.06890328584145711,4.644301285833719e-05,0.013691546305018948,0.012962483603559694,-0.00036162013010644845,0.021175643062207462,0.055611649878406916,-0.0005705088131957043,-0.0010194471429150838,0.023991065609246486,-0.0005225648513051132,0.0,0.0006965891599063368,0.0,-8.28981232898952e-05,0.0,0.0036350122934342387,0.0,0.006214121195969725,0.0,-0.07161133510175241,0.0,0.010861486288838727,0.0,0.01215463583750287,0.0,-0.004379699099394107,0.0
1672,0.14373695589780042,0.06955431510055773,4.605895970018561e-05,0.013543847529497463,0.012807630390591277,7.37680401611437e-05,0.02132120354574319,0.05589366306762624,-0.0005877701154415353,-0.000833794626991668,0.025188943181859564,-0.0005867913242239056,0.0,0.0007721329804951198,0.0,-0.00012352312019064558,0.0,0.003958202666079506,0.0,0.006232801455987709,0.0,-0.07155711732385583,0.0,0.010968285812346547,0.0,0.012043406358078674,0.0,-0.004449402290662911,0.0
1673,0.14389630845003165,0.06891445692251028,4.62811139387419e-05,0.01355586105795732,0.012943037965344519,-0.0002645646406976941,0.021043504490152576,0.05603168602109388,-0.0007346058875986398,-0.0008016791674316875,0.027049180569074228,-0.000619278703525891,0.0,0.000788533860452108,0.0,-0.00011896452839596408,0.0,0.004205874640343348,0.0,0.006251449100876567,0.0,-0.07158101770354368,0.0,0.011000108572870008,0.0,0.011949588673816942,0.0,-0.004434376389448341,0.0
1674,0.14469025196896348,0.06899201707302526,-0.0014694682284255261,0.013257059152930926,0.012099589617755596,-0.0002521773399032565,0.020755283426809573,0.05599029270137292,0.00010383196714673214,-0.0003533637893383334,0.029807095644178258,-0.0006782983915446695,0.0,0.0007341671084086358,0.0,-0.00014677507746796973,0.0,0.004037771122461472,0.0,0.006424114676371576,0.0,-0.06899668943819551,0.0,0.011050307104672735,0.0,0.012022163399391122,0.0,-0.004471515350143693,0.0
1675,-0.25250993791976256,-0.01918895040531534,-0.001616855079825084,-0.018070878075503106,-0.011511555365722891,-0.00883680639000609,0.002208905806054267,-0.0017740264591409908,0.01746309468351308,-0.014573929454488533,0.020359023001342565,0.016311275113854225,0.0,0.00024134210437004157,0.0,5.1105913845547336e-05,0.0,-0.009242834031470935,0.0,-0.00039767216645113137,0.0,-0.010267756316439197,0.0,-0.002632873321291491,0.0,0.013555289355356319,0.0,-0.008811466955411006,0.0
1676,-0.19420677429017472,-0.022565555075042296,0.0002563563956263893,-0.02248526319049506,-0.019476397942981522,-0.013599817710534635,-0.0021021785549110274,0.0033059912611615888,0.01616354644821803,-0.016552368608359,0.024601196738807445,0.01019679540285381,0.0,0.0001675545064708307,0.0,-0.00016518051176893128,0.0,-0.009755841543383626,0.0,0.0014528954041075463,0.0,-0.01586564380931476,0.0,-0.0029652371308381193,0.0,0.013409206080929794,0.0,-0.007738879318323067,0.0
1677,0.06690592746491303,-0.03574884987747234,7.120656390781306e-05,-0.0380917866114892,-0.03522303512133959,-0.013207216341248348,-0.006911126501474241,0.03445641397415363,0.027683876860405316,-0.015030994965869232,0.043459498453073266,-0.00501018216017286,0.0,0.00029300667445880495,0.0,-0.001982532129313027,0.0,-0.009027630634270206,0.0,0.0052998942253936025,0.0,-0.02350821511565648,0.0,-0.007710812486372102,0.0,0.025997433640054687,0.0,-0.003302663753368808,0.0
1678,0.15979190986218872,-0.003347139294393311,6.1034749530878965e-05,-0.00813535207582613,-0.00848593978256094,-0.0008682532216137549,0.00339102674777241,0.08380472538784829,0.07910080991761273,0.00569253780708699,0.07369890650384016,0.007607862876050726,0.0,0.0007631331327836948,0.0,0.0006022355988888777,0.0,-0.00027892351605793427,0.0,0.007282180216888728,0.0,-0.012211899794808813,0.0,-0.0013668985147430497,0.0,0.07176389269723135,0.0,-0.0020263440745315973,0.0
1679,0.18110063631244988,-0.003557372419661145,3.893514026861211e-05,-0.0033354172036692137,-0.006745005202822016,0.0035406201731448036,0.007468475575356678,0.04455336315996919,0.08932721922334051,0.02001243488012051,0.07259433794248656,0.015479299610614667,0.0,0.0008722321456951543,0.0,0.002248236593485804,0.0,0.0036968302640332682,0.0,0.006264299544373625,0.0,-0.007385324957506814,0.0,0.00045283440135128185,0.0,0.08683526325243242,0.0,-0.0029311180444889784,0.0
1680,0.11297169445161141,0.012978488726063702,6.511078576269275e-05,-0.006100532020890011,-0.009877203370665059,0.0029577729311194953,0.009054622099478191,0.00715169195699477,0.07961851598125896,0.12027237295546353,0.058490907578730794,0.023387391500254966,0.0,0.0008409225687376738,0.0,0.002864471700788945,0.0,0.0038236302936626313,0.0,0.006917830112516566,0.0,-0.002551824006364618,0.0,0.003072674719847736,0.0,0.07149945127623152,0.0,-0.0025671651068990683,0.0
1681,-0.14813374559827422,0.009856032783908893,0.00022068570395953246,-0.019140347723966583,-0.021583537388233282,-0.0010780659931480766,-0.00309796213016552,-0.016175988578250537,0.014818988816882856,0.17272221798257895,-0.013619911877571299,0.03394361962728425,0.0,0.0001751638136530693,0.0,0.0015812730256409416,0.0,0.000583177749380584,0.0,0.007893744109054033,0.0,3.0928602999704085e-06,0.0,0.0016747462645176055,0.0,0.018583548495077516,0.0,-0.0074431551310712935,0.0
1682,-0.14525661065326714,0.012932218302323368,0.00022204326857062768,-0.01922541297096132,-0.02278207145337965,-0.0038782695089091173,-0.004439499632235641,-0.012444806250808146,0.02409236135489373,0.16187947168323993,0.000945403504235658,0.03125521924158327,0.0,0.0001937019269531388,0.0,0.0013958326022279535,0.0,0.002706086358659361,0.0,0.008143969322164768,0.0,0.0006539361014481896,0.0,0.002482934441906142,0.0,0.015080691868909741,0.0,-0.009869372136712875,0.0
1683,-0.1256545767904642,0.018311176263117224,0.00025125221404431606,-0.018661469993231723,-0.020293219819804396,-0.003715247458985182,0.003455947810997795,0.01825551117581376,0.023670560629423888,0.14206662092435782,0.02559402646757351,0.03322903568909188,0.0,0.00021745888553720172,0.0,0.0008792155181477611,0.0,0.0011861290482391776,0.0,0.007982463901254469,0.0,0.001613976292714455,0.0,0.0018497891726543209,0.0,0.014801883989547342,0.0,-0.008245771426144528,0.0
1684,-0.10599720351215325,0.018533827311322817,0.0002658498464650274,-0.017406711472777923,-0.01823412564219168,-0.003553956063008952,0.0036218081876785465,0.03633946178168622,0.028943427922389523,0.1376784194220501,0.023187376386501445,0.043956414181450465,0.0,0.00022476462329940454,0.0,0.0010650748237461729,0.0,-7.86402698620286e-05,0.0,0.008681648969777724,0.0,0.0004905467868030767,0.0,0.002206403625432106,0.0,0.021443273408509503,0.0,-0.006407349724800217,0.0
1685,0.044503607257579285,0.010776726350654874,0.00014448438254114227,-0.022206859838742442,-0.019550073354931283,0.0012456829094077036,0.008926274030463524,0.056405138700929155,0.030589611188172716,0.10329592647266471,-0.020111683422495807,0.02573840498564522,0.0,0.0003165117071321638,0.0,0.0012865991389743,0.0,0.001463213831102687,0.0,0.005716511564912521,0.0,-0.0028484764970588706,0.0,0.0018467364280044954,0.0,0.0490643517150121,0.0,-0.0032083724833780396,0.0
1686,0.04717328084188525,0.009463460735575038,9.425236202852773e-05,-0.030059229350195164,-0.03150540515677017,0.00368338870375133,0.010298764481123142,0.06123932044311416,-0.0135596374704063,0.09893908516204378,-0.00594955242391792,0.023420431798546342,0.0,0.00032726425208612196,0.0,0.0012944275424415124,0.0,0.0007843935767303772,0.0,0.0058699591857447435,0.0,-0.002273972828055643,0.0,0.001951118104412848,0.0,0.03597042835639145,0.0,-0.003051579581034942,0.0
1687,0.07471225178567216,0.013589167675898654,-0.0009287359557400398,-0.04279601503916351,-0.045987118324736065,0.00525135840908654,0.007925640045008368,0.07053396870153862,-0.02824330645652626,0.09428573553746156,0.011099837414408332,0.023063653276601884,0.0,0.00034744210469589697,0.0,0.0016045713630274557,0.0,0.002605660334068705,0.0,0.005710270528902048,0.0,-0.0045898325575209065,0.0,0.0023628077158389708,0.0,0.027482522516712952,0.0,-0.0028011121070789023,0.0
1688,0.16626359809768318,0.02845654530077184,7.66569349120166e-05,0.00955692650947267,0.010738701576032498,0.0008637166190477745,0.02516732435701231,0.05569085502068254,-0.008231722220396552,0.0383936073786722,-0.02186293605853734,0.0025655323605526673,0.0,0.00043634374778966293,0.0,-0.0010928829273885447,0.0,0.003947889613659525,0.0,-0.007618127981094648,0.0,0.024124744211846395,0.0,-0.001640769467714788,0.0,0.013048157951635461,0.0,0.012809930328305455,0.0
1689,0.16594955269391487,0.029507250467173382,7.66569349120166e-05,0.009551860784556693,0.010445931939899504,0.0010879221556077874,0.02514657177088498,0.055448053422312925,-0.008351866957761805,0.03804633328482188,-0.021184746787710717,0.0025714634152740256,0.0,0.00043634374778966293,0.0,-0.001092493130397594,0.0,0.004177745621167521,0.0,-0.007586472767179436,0.0,0.02415768973806215,0.0,-0.0016333589888966305,0.0,0.013095561208020665,0.0,0.012962661033154637,0.0
1690,0.16516180116251541,0.03061775611795711,7.66569349120166e-05,0.00954766480051086,0.010331108069433164,0.0010793634074608412,0.02504479749764912,0.055253404833257094,-0.008660104877794084,0.037969632539729944,-0.02126758043265214,0.0026540686236004294,0.0,0.0004365062987669819,0.0,-0.0010798430477406606,0.0,0.004243981700079949,0.0,-0.007334725408003938,0.0,0.024010171537508104,0.0,-0.0016405768746191284,0.0,0.013112335613927162,0.0,0.013256241089108696,0.0
1691,0.16541245105228763,0.030148135520978864,-0.001930367172004742,0.00905752145449545,0.009873862363704789,0.0010248215180978413,0.024179364625059856,0.05538233141505272,-0.007829962770642997,0.038055417587005216,-0.021836726082219638,0.0024780299189207326,0.0,0.0004397369394182996,0.0,-0.0010580876729923729,0.0,0.004362694480925735,0.0,-0.007331389289772697,0.0,0.023298367321817687,0.0,-0.0016401589179590142,0.0,0.012987810434705363,0.0,0.013264533928079272,0.0
1692,0.19321193440011464,0.06856962344597169,1.9693995603855176e-05,-0.009329275831323538,-0.009684879358317404,0.009696856361139403,0.01926872629389214,0.11170806653648013,0.08497700956381919,0.0057722392756496795,0.07315567962275558,0.00524234871902058,0.0,0.000576705611683721,0.0,0.0020227864109947425,0.0,0.011636583374851137,0.0,0.0026085711665523184,0.0,0.012760250238295743,0.0,0.010390521027487375,0.0,0.04069033362456173,0.0,-0.0019576249607428102,0.0
1693,0.19093417094473306,0.06820396211797626,1.947132055304644e-05,-0.009015580884414806,-0.009399179720798007,0.01057999111372757,0.02037450044671563,0.11110507270376548,0.08659110837586671,0.00018961568527120157,0.07460984824750755,0.005337261864961245,0.0,0.0006125186461728579,0.0,0.0020364998317133447,0.0,0.011608256092956081,0.0,0.0020542743719325516,0.0,0.013362871900923067,0.0,0.010462425082014089,0.0,0.043684911505693355,0.0,-0.002015850128780282,0.0
1694,0.19248983698610347,0.06883189015964278,1.9457752341524627e-05,-0.00829139282994067,-0.009035650541463928,0.010805565226158085,0.020904465860767083,0.1098530664374821,0.08566208095286597,0.0016359013454565526,0.07465684668006191,0.005381656085725463,0.0,0.000616396443267228,0.0,0.0017425362493514122,0.0,0.01152203630201881,0.0,0.0017084790776909827,0.0,0.013367683587720284,0.0,0.010104822850509976,0.0,0.04361028724200442,0.0,-0.0020126798839488415,0.0
1695,0.19062847960477056,0.0672507282780472,1.9598259564184438e-05,-0.008570075868763523,-0.008825915625941748,0.01060929677936694,0.020518585033557947,0.11160835733432733,0.08722388038701843,0.0021711986009617878,0.0746412506698466,0.004997562738154299,0.0,0.0006178522470259698,0.0,0.0015158251287287954,0.0,0.011753496058435417,0.0,0.0017008117944357123,0.0,0.012089977929633705,0.0,0.010026815883217794,0.0,0.04433382932430523,0.0,-0.0018568368055400582,0.0
1696,0.18836754027761943,0.06697632232876703,1.9598259564184438e-05,-0.008940093037535634,-0.008743192156541651,0.00973391338768037,0.022544610928816523,0.111150375644619,0.08693155378248586,0.0028946422310870386,0.07493254787124079,0.004805632397940254,0.0,0.0006093978763973527,0.0,0.0015579964913715455,0.0,0.011743191602814477,0.0,0.0016803745331610172,0.0,0.012039552566023357,0.0,0.00992683320600495,0.0,0.044944567058000144,0.0,-0.0018392157310249085,0.0
1697,0.19064374440530663,0.0697471231811375,1.9598259564184438e-05,-0.007421350364804533,-0.007840760924441432,0.010073405143946779,0.022986234866358757,0.10816240093352684,0.08508498575039784,0.004603376042677572,0.07103010406298851,0.004871816216576388,0.0,0.0005779312546617914,0.0,0.001575359080186833,0.0,0.011523006699930774,0.0,0.0016641541718372301,0.0,0.012214366900162052,0.0,0.00990248884224963,0.0,0.04487996559431944,0.0,-0.0018432323654301098,0.0
1698,0.18485667081356455,0.07195823668370059,2.023094818238978e-05,-0.0057101713484834764,-0.004050492874780385,0.009351431900494193,0.02504002576160638,0.1054084036746786,0.08342304708536102,0.006418034554977881,0.07027161679422926,0.004667230186205689,0.0,0.0006552095871686659,0.0,0.0014410435271546757,0.0,0.010756441447898495,0.0,0.001325440967033246,0.0,0.011712363998055473,0.0,0.009943022737497986,0.0,0.04563319573731484,0.0,-0.00178483266336921,0.0
1699,0.18028575147135442,0.07313185641609297,1.265154452433368e-05,-0.006293195507073519,-0.0045776518608587535,0.006903722388140406,0.02941765895549027,0.10306565909199175,0.08207095049144669,0.005345401817609229,0.05807941202316449,0.004005886920238929,0.0,0.0006865274201143942,0.0,0.0015851668006240916,0.0,0.009349761299751753,0.0,0.0001152146061259384,0.0,0.01186867172378797,0.0,0.010556468726884764,0.0,0.045044838476537175,0.0,-0.001689967940701506,0.0
1700,0.18053122625402565,0.07464285103323601,1.265154452433368e-05,-0.005933526316717065,-0.004522099222470641,0.007478715621697755,0.02467941458531746,0.10163519247701885,0.08257766152705952,0.004039006400387044,0.057179203401295536,0.0038995124481483643,0.0,0.000740660796142792,0.0,0.0016092661344863277,0.0,0.00931102363618758,0.0,9.432359957087869e-05,0.0,0.012259919308206512,0.0,0.01047306172999717,0.0,0.044383620412949326,0.0,-0.001719741669128669,0.0
1701,0.17720237947977804,0.07443031852379996,1.265154452433368e-05,-0.005734531525847301,-0.004521480006504778,0.0074873019037369455,0.022325716606896105,0.099707022573067,0.083169574645702,0.002622879678778113,0.054442092865674856,0.003047278184906243,0.0,0.0007448849210302334,0.0,0.0015971923342732322,0.0,0.009148761901342105,0.0,0.00014343857486855146,0.0,0.011916857622232071,0.0,0.010066026006481774,0.0,0.04611804102376653,0.0,-0.0017401454831924247,0.0
1702,0.17711076672724482,0.07286118787359754,1.2794515969830644e-05,-0.005104035722531072,-0.0034994553300798383,0.007392546601905826,0.02241110951311728,0.10004514542258292,0.08469534135334397,0.0024902497119093548,0.052854905818993325,0.0028824672367858376,0.0,0.0007351811568414871,0.0,0.001614908149463541,0.0,0.008970456461247054,0.0,0.0002774923368037314,0.0,0.011756198619956736,0.0,0.009966992959429776,0.0,0.04743628143639156,0.0,-0.0016057052349972615,0.0
1703,0.18461331914627158,0.07365409435514622,1.2905877666107479e-05,-0.01030766562575232,-0.011116412684065926,0.007115623454793577,0.021793491238037435,0.1028090019605609,0.08618560563486906,0.0014198827794317792,0.05215473356051617,0.0027321010072448642,0.0,0.000739264377157371,0.0,0.0016118004469214118,0.0,0.009619205423691816,0.0,0.0003702677553977843,0.0,0.011475177596269452,0.0,0.010061094118716718,0.0,0.04776345780277844,0.0,-0.0016392550830009432,0.0
1704,0.18486444049771325,0.07357174553170576,1.2905877666107479e-05,-0.010565665372764614,-0.011481947984856595,0.007055969922352484,0.02166266944087965,0.10273049104409382,0.08649518826763541,0.0009811787114075844,0.05266546512635635,0.002788441409929813,0.0,0.0007392064660195003,0.0,0.0016128152172901655,0.0,0.00962037684946914,0.0,0.0004779294432825358,0.0,0.011489092034854867,0.0,0.010014590894015355,0.0,0.0479722150439765,0.0,-0.0016394152783756016,0.0
1705,0.18708733406522846,0.07377347999041245,-0.0006627410850680357,-0.012169058279451314,-0.012791549562052258,0.006510884075881845,0.021443124458925402,0.10288884380708714,0.08649455509117478,0.0015349100706670642,0.05442152629648891,0.0027362435606189607,0.0,0.0007352888214505878,0.0,0.001612716887867788,0.0,0.009938793611127886,0.0,0.0003442056030219752,0.0,0.011249459818002327,0.0,0.009867194928872513,0.0,0.04659502447132812,0.0,-0.0016611117215952884,0.0
1706,0.13476623514117192,-0.018828040480675032,0.0006280984459876255,-0.003680017695021544,-0.003944114292028931,-0.01953181842794763,-0.023851544722205728,-0.051586125159150495,-0.03641052810483767,-0.01704872799250273,-0.03055041201679474,0.0374210668408789,0.0,0.0004146781712710425,0.0,3.2579588394692054e-05,0.0,-0.0016492766305276649,0.0,0.005173542742543087,0.0,0.014442842879933188,0.0,0.003426191399902537,0.0,-0.057499399532691245,0.0,0.0060986151122334195,0.0
1707,0.2803906437588812,0.006933458154320867,0.0027257020824649667,0.021728929262951998,0.021040042073033186,0.012909919321757148,-0.0027680080667008716,0.012237793653605335,-0.012835904455259685,0.0060747833785886034,0.0015643650187129271,0.04981474944361786,0.0,0.0005643522049610326,0.0,0.0013035489512381417,0.0,0.012754050630160807,0.0,0.01409906151172559,0.0,0.036319263942933076,0.0,0.01000159120935767,0.0,-0.02409453745446285,0.0,0.01390567822993908,0.0
1708,0.3083663839701545,0.010784086026353222,0.002433160056693936,0.022036589722695305,0.023268392722950428,0.0145043796647862,-0.002658866425742901,0.012063641703790356,0.02162584502812288,0.022291772695890083,0.004664501466742347,0.052925224289122684,0.0,0.0006212304085037489,0.0,0.0017069955318086243,0.0,0.015866319808985486,0.0,0.016472128189733575,0.0,0.03756348558400653,0.0,0.00902029258120597,0.0,-0.01933195017544074,0.0,0.013354147406386596,0.0
1709,0.31321862151374075,0.012530328535424053,0.002260701581724896,0.022889268681712024,0.024786339915163876,0.01458845276793557,-0.0009405937671218275,0.009008732565899277,0.034619456455178645,0.029133805942343105,0.0010515968401698956,0.053186057973644736,0.0,0.0006619439564952889,0.0,0.002220309125973307,0.0,0.015846609952120908,0.0,0.01761889820960465,0.0,0.03964741732093255,0.0,0.008320630470128328,0.0,-0.016855653908837434,0.0,0.012867610173732584,0.0
1710,0.2574946921549021,0.017131155804202762,0.0015219973862784252,0.023598315991495984,0.02503389403593605,0.014820729993528639,0.0035350079148001234,0.007453417364706723,0.03584494650802679,0.09477364996602203,0.0037900215874081735,0.048330054247806405,0.0,0.0006642694270491181,0.0,0.0026269824708435143,0.0,0.009565261727554146,0.0,0.01692316639718537,0.0,0.04219766152832089,0.0,0.007578664229160765,0.0,-0.012574519930038653,0.0,0.012011120758046579,0.0
1711,0.26034604201313155,0.015773347816631488,0.0014776600076075483,0.023247589368876973,0.0241324220133452,0.013206172687602146,0.0007431833672186497,0.007101061951875013,0.03376966222804999,0.08486892601933442,0.005555806365050654,0.04831529786115789,0.0,0.0006103433209233274,0.0,0.00236238511964902,0.0,0.009151188773289368,0.0,0.01673137837513149,0.0,0.042660810969152925,0.0,0.007240596987928779,0.0,-0.012668128590702125,0.0,0.012034787650710992,0.0
1712,0.21803506538541706,0.006957622363908043,0.0010682019880776284,0.020726534456740036,0.02075167775497105,0.010180188388942964,-0.0029066613763200225,-0.003154519263481547,0.03893145003625593,0.05904038633747722,0.0006606641834271087,0.03630099472003529,0.0,0.0006676419191763637,0.0,0.00017429625192616903,0.0,-0.005166951304803513,0.0,0.014978748878348656,0.0,0.03556094478088788,0.0,0.0035975310209462436,0.0,-0.024806871132536976,0.0,0.002871195180550945,0.0
1713,0.10808578962100651,-0.013713261213574562,-0.00046452755818147305,0.004283552974069812,0.005339368689473062,-0.0070261637871298945,-0.014204879083068644,-0.04911227040709238,-0.007085463472790734,0.005818564177773335,-0.028627298097049343,0.018410317348487536,0.0,0.000660447545109938,0.0,-0.0008871725956301771,0.0,-0.01329261174289055,0.0,0.006526331277129221,0.0,0.0204600145000334,0.0,0.00046144566133577775,0.0,-0.04496610082332786,0.0,-0.0013880990432883994,0.0
1714,0.23023256561869357,0.0023993397255603803,-0.00043390387447434225,0.01701295870319117,0.021388734466196057,0.005061996622735523,0.002472728748834498,-0.024806968864779417,0.03432872124487186,0.08458024691240401,0.0025471006076358093,0.033130521258198195,0.0,0.0009792995119119862,0.0,0.0004852807347999049,0.0,-0.007061257510755373,0.0,0.013036675455656838,0.0,0.04039668603700699,0.0,0.0043028306323073485,0.0,-0.024660116585326287,0.0,0.0035489740559268676,0.0
1715,0.28500204475736196,-0.0021071633526926785,6.9862956828612704e-06,0.014536367304684333,0.01787372078981042,0.005766166074149559,0.0027922421686221,-0.019459660085335128,0.042877934186266044,0.02647329374331584,0.018533397476821672,0.0248958228283699,0.0,0.001028959952617859,0.0,0.001808653715588233,0.0,-0.005672330900762363,0.0,0.016448752895909885,0.0,0.03940323212159386,0.0,0.0036860478767209216,0.0,-0.028952973549119285,0.0,-0.0026433761010220148,0.0
1716,0.19352761058526707,-0.025883922118668707,-0.004202291228499234,0.0029320710357509023,0.0009965936712163226,-0.006531240782128066,-0.019740129834708384,-0.04212761445109147,-0.015392256261769875,-0.03698243863170323,-0.06017709029338188,0.0010660749519766372,0.0,0.0009583554168102141,0.0,-0.00032394405018303985,0.0,-0.01751861290201893,0.0,0.008453680119832673,0.0,0.023411674918624656,0.0,-0.0010269339757500331,0.0,-0.044590222819977716,0.0,-0.005602699289717688,0.0
1717,0.33913407845401444,-0.004261972920724137,-0.0018749892570579507,0.017756798782691294,0.018142479027856987,0.005641278431794345,0.004057669166379817,-0.00021270185822939508,0.03968298604844179,0.003168000197687306,-0.0014623248192022623,0.025821968068970736,0.0,0.001243271498044708,0.0,0.0017339626394841548,0.0,-0.005667142374180382,0.0,0.013960245138841225,0.0,0.05565231113530837,0.0,0.0051589471455332275,0.0,-0.024044255604917585,0.0,-0.0021154884650178623,0.0
1718,0.3473025019244053,-0.005138669268471275,-0.0020986471305423603,0.017991004501089432,0.016488519762741554,0.003272840941938484,0.004859198619227383,-0.0038758026911298944,0.03134215982972564,0.009743998730940829,0.001034450295337831,0.025093956928331166,0.0,0.0012121652400570318,0.0,0.0011674460036522599,0.0,-0.0080978480463425,0.0,0.013103068033762566,0.0,0.05434879638112119,0.0,0.006159399670828814,0.0,-0.023867423520262443,0.0,-0.0018817004686774463,0.0
1719,0.24340795559125947,-0.027243719226875136,-0.012048520039255916,-0.002528611300779638,0.0007070320550855707,-0.011325672675144892,-0.025754331799648564,-0.026909447096702427,-0.0012378477226188164,-0.02140450704773392,-0.07324817958780261,-0.005504101144682897,0.0,0.0009746911004346567,0.0,-0.0003196809248737713,0.0,-0.025227585441518503,0.0,0.007171069416266789,0.0,0.028693143078191898,0.0,-0.00039638959670164467,0.0,-0.036282509492126795,0.0,-0.004347712451783051,0.0
1720,0.3399293129230636,-0.007245110323222519,-0.005521966324270301,0.013321530487601945,0.015674012025424917,0.0008191976387251419,0.001178228198404521,-0.0073717339958559915,0.02439841200124175,0.002276287674650855,-0.0026185752293111987,0.016859448021562577,0.0,0.0011764453068979447,0.0,0.0011824517674262284,0.0,-0.009567565278668193,0.0,0.011832026631767406,0.0,0.05174162992642384,0.0,0.0048260472092781495,0.0,-0.026198210282784587,0.0,-0.002290841902367988,0.0
1721,0.40052198219927737,-0.00021232012892958906,0.001377856681225265,0.01859481789722473,0.020936135047461342,0.0019025424831534462,-0.002519209795508606,-0.002679691477588566,0.02452805073374578,0.0036129006857981245,0.019808431522422277,0.02501876650583186,0.0,0.001306750653253244,0.0,0.00343549284151524,0.0,-0.0008230988690104264,0.0,0.014087923438976297,0.0,0.06380891700365598,0.0,0.009623716072951592,0.0,-0.02208901810132102,0.0,0.015301020679169506,0.0
1722,0.4245143879300824,0.0019018301264749882,0.0013305566700202915,0.02004298287582524,0.02214923004270933,0.0022199735362296723,0.0013933759218189728,-0.0027043013014056323,0.02024823632949588,0.007244822940095129,0.006193479139932756,0.0254954165984998,0.0,0.001305179793440241,0.0,0.0036731668928268527,0.0,-0.001239686496205885,0.0,0.014484578501672294,0.0,0.06633888106964225,0.0,0.009782257581010477,0.0,-0.021979091279272837,0.0,0.015518053853655348,0.0
1723,0.4319067795151357,0.0007911028293242357,0.0012910951233970581,0.018998212431531193,0.02077365673083214,0.0018184594992137983,0.004588985604640654,-0.0020465359893385004,0.017458842776034766,0.00839983139354271,0.006199152263732066,0.02589012080037885,0.0,0.0013083314134567654,0.0,0.003174547956839015,0.0,-0.0022241746245724764,0.0,0.013260687311487256,0.0,0.06425164949258698,0.0,0.00922581465624901,0.0,-0.02191144166638831,0.0,0.014758213208463645,0.0
1724,0.4342387756157282,0.0014886021468396556,0.0007851015422332455,0.020384283085085456,0.021102842562793114,0.0009472977832587273,0.007417590053166275,-0.0014995327135179737,0.011869067245522955,0.00998534626042392,0.0014840453789893297,0.026510306729745015,0.0,0.0013079274432428987,0.0,0.0031508552502262687,0.0,-0.0034007780521190987,0.0,0.013621368921663308,0.0,0.06654954281184575,0.0,0.00944568665388546,0.0,-0.02168517445281149,0.0,0.015328744693007977,0.0
1725,0.4432206071138259,0.0008408788434509133,0.0007880217139963241,0.020272844084165104,0.020384907702441547,0.000540953654680233,0.00604027725814138,-0.001975948724240446,0.006050242974211214,0.0033447408501141303,-8.295482445502016e-05,0.026618914394470925,0.0,0.0012884418570705968,0.0,0.0032113946534378566,0.0,-0.0039152701050291765,0.0,0.013392865100441083,0.0,0.06611654415992918,0.0,0.008258568034862612,0.0,-0.02077812359142143,0.0,0.015346879715155994,0.0
1726,0.4389150278357121,-0.00028108429370706677,0.0007881703587643,0.01884804538157848,0.019082502363016864,-0.0005211386233291388,0.009853929960845224,-0.002618563006347283,-0.002411835548413709,0.0008997666696197495,-0.0026360505266263897,0.028224858532039793,0.0,0.001260812826528029,0.0,0.0029815766132618047,0.0,-0.004173026675573432,0.0,0.013550453635571126,0.0,0.0660689120263252,0.0,0.007222433074763349,0.0,-0.023565851454601758,0.0,0.015104481062577845,0.0
1727,0.4262199138566564,-0.001168413285050548,0.000779411694336928,0.018029262755324037,0.018783275795466736,-0.001304993549237728,0.01704723351867645,-0.004621598836973837,-0.008990106410249794,-0.00288695523375045,-0.007816263147138413,0.02966339079645936,0.0,0.0011770353279157851,0.0,0.0032360241673817266,0.0,-0.00901516891471525,0.0,0.012323306662655494,0.0,0.06560673173103057,0.0,0.0066974132244047545,0.0,-0.02474496686131566,0.0,0.016258976405587138,0.0
1728,0.4240158866292754,-0.003943252981079899,0.0007718427500984738,0.017674716939757782,0.018039399474225858,-0.0015028207255878424,0.017696819415089604,-0.005224870279745567,-0.009062247317740895,-0.0022732796906393205,-0.012737005319527275,0.029327336828407057,0.0,0.001177515315783739,0.0,0.0031380914639256513,0.0,-0.010881363569218688,0.0,0.012080564555770284,0.0,0.06488864618579372,0.0,0.006320376829441791,0.0,-0.025054501870387925,0.0,0.01628026803921457,0.0
1729,0.42044491445304594,-0.0035670021423191657,0.000633088403727109,0.017122647544471434,0.01893896374272535,-0.0018633252417985494,0.01768716093898523,-0.00590230877203035,-0.009730168581297553,-0.003299672883048357,-0.011169583446006931,0.029230258332417054,0.0,0.0011696291455048145,0.0,0.002863743778078626,0.0,-0.011220747546972673,0.0,0.011947209594150951,0.0,0.06552774260286373,0.0,0.00576266786127596,0.0,-0.025681863319141785,0.0,0.016245927044915655,0.0
1730,0.40635003231511274,-0.0029881457855895836,0.0006332956324934526,0.019052405563937114,0.020260067284948207,-0.0025104808011309483,0.017779198224226533,-0.005203418195646765,-0.009832507950920404,0.008718365118888814,-0.005150762370097888,0.029042390818095492,0.0,0.0012051348215555038,0.0,0.0025968650260280745,0.0,-0.011746893290503362,0.0,0.012234290597192365,0.0,0.06559619376907697,0.0,0.005647701764626865,0.0,-0.02492065231797843,0.0,0.016206178913866096,0.0
1731,0.39868215084085684,-0.005030162258418182,0.0005893925838948109,0.01715445503137281,0.018192682140019664,-0.0020589907451126844,0.01676003055609233,-0.00549035817358041,-0.010110206403226685,0.007302765904675426,-0.004105398230538947,0.03007820273301868,0.0,0.0011903085034091362,0.0,0.0023719379451224262,0.0,-0.01335703042155704,0.0,0.01211561457014576,0.0,0.06468075153027633,0.0,0.006534720461172426,0.0,-0.024726415356372843,0.0,0.016534852669658907,0.0
1732,0.3883661621206163,-0.0043386739243535,-0.010368559984267363,0.013551690937138955,0.01466208755255352,-0.003890373343788203,0.011718850118623258,-0.008009501800447717,-0.014389602675460286,0.006699944825726301,0.0038000010828980815,0.03047674739773104,0.0,0.001417524605073038,0.0,0.002379083750496071,0.0,-0.026669829715790044,0.0,0.010523095524718203,0.0,0.057468527809269664,0.0,0.005795804891887766,0.0,-0.02320282323046714,0.0,0.016509304538302634,0.0
1733,-0.2013537217935312,0.014990746470697662,3.1255109571955985e-05,-0.001038830902396516,-0.0026169314558638817,0.004520429074004925,0.03355867122817068,0.07986199987302145,0.08582928073248877,-0.012151495535196743,0.025815590741849533,-0.003166769971784999,0.0,0.00019195317751527242,0.0,0.00011579607032942588,0.0,0.021277478908455442,0.0,0.003820017656125592,0.0,0.0008033116339024229,0.0,0.004056120415365067,0.0,-0.0005642260227150974,0.0,0.013597084846737587,0.0
1734,-0.20711457197972555,0.00036439353750525083,2.9405089874622197e-05,-0.0018270509069130915,-0.0033477773974197383,0.003707843164427469,0.034789024680431706,0.08325918800284304,0.06620866023974227,-0.012437797210265363,0.023487957546583036,-0.0029905889035540395,0.0,0.00019625481132494414,0.0,8.739473911090343e-05,0.0,0.018356233847335417,0.0,0.004045211545864354,0.0,-0.0001986019543705688,0.0,0.004702130955692407,0.0,0.00043489292805622636,0.0,0.013319964679040614,0.0
1735,-0.22228380415439286,-0.043376394834301286,4.346642971062316e-05,-0.004091726312208994,-0.0053586159020065334,0.007745806690815635,0.03747850835450754,0.09091734030833609,0.024672737660812908,-0.01392555408287972,0.020822841322076627,-0.004374777877752959,0.0,0.00017281493893278477,0.0,-1.4426750339610176e-05,0.0,0.015636777062158703,0.0,0.004131589180081844,0.0,0.0012646266721682347,0.0,0.008409393379411156,0.0,0.0019254236732918345,0.0,0.013553546578862645,0.0
1736,-0.22246348532717353,-0.040744643074788506,4.2608985170566954e-05,-0.004988578740236151,-0.005315590416025841,0.006246819356935232,0.039407271869274535,0.12731183123182835,0.004393255223007553,-0.009347048110557183,0.017123230479053852,-0.005052761674282755,0.0,-0.00021142747806963193,0.0,-0.00011945692290329438,0.0,0.01688339019172101,0.0,0.004784146926592913,0.0,0.00224438422802445,0.0,0.009330059025393963,0.0,0.0008066746899859401,0.0,0.01203455182959037,0.0
1737,-0.22416210797690433,-0.04208619518468084,4.261903503784912e-05,-0.00512725257458608,-0.005992578734747091,0.005736329587045705,0.0391190086432809,0.12530188373163267,0.004880867564049102,-0.008547881069461494,0.017037383426121804,-0.005003738314113558,0.0,-0.00021135626421132263,0.0,-0.00011533854798040637,0.0,0.01691256481566335,0.0,0.004730180030508532,0.0,0.002296421193423804,0.0,0.009383936192753135,0.0,0.00042759403723639344,0.0,0.012150051539162784,0.0
1738,-0.2106644659260498,-0.04190156281613403,-0.0006756102558886622,-0.005394698671795734,-0.006395493107568598,0.008265986901433948,0.038821496398700986,0.15373314168975866,0.0031075861029865263,-0.00755569053030367,0.018215236466996812,-0.004646704715026223,0.0,-0.0002447810809754292,0.0,9.753487624507654e-05,0.0,0.018085642113030348,0.0,0.004850614274579747,0.0,0.002283544505704753,0.0,0.007772368267832828,0.0,8.409492688242976e-05,0.0,0.011439744549983663,0.0
1739,-0.07239790403069522,-0.014437932334078004,2.8342837576860303e-05,0.09723382948260631,0.09128816896277682,0.01429313090790892,0.034932077924686535,0.09948306336862123,0.0157674820873993,0.004084184141379153,0.025472486659628164,-0.009215963948543165,0.0,-0.0001830732059038213,0.0,-0.0015174015875141862,0.0,-0.014913065524559628,0.0,0.004018701005701567,0.0,-0.012718753848105196,0.0,-8.93403219126759e-05,0.0,0.02540991675236342,0.0,-0.0030765201687851626,0.0
1740,-0.05963788944549153,-0.0138810880530838,3.059962089982645e-05,0.10494530079636019,0.0966185731210553,0.014290542624254943,0.03285289738878801,0.09765681778310545,0.018380917241923322,0.0034779448643020767,0.027640738520081212,-0.008733124312389455,0.0,-0.00017362334730068374,0.0,-0.0012575542509457407,0.0,-0.013921273580927774,0.0,0.004066130874813261,0.0,-0.010170863314865752,0.0,0.0004463390392306045,0.0,0.026440748920511348,0.0,-0.0031722265825660464,0.0
1741,-0.06077628887181988,-0.007564435499375078,2.9558400235528144e-05,0.08911613085566718,0.0881867172231143,0.015095371575018553,0.02625983541411137,0.07204722001825942,0.013621540365733384,0.05374644385583272,0.030880921723835022,-0.009886093860499117,0.0,-0.00018973020091905758,0.0,-0.0011467728564001733,0.0,-0.010672720554663987,0.0,0.005436500632806909,0.0,-0.008654356814020417,0.0,-0.0004781107141801242,0.0,0.019924755247713814,0.0,-0.0024322827306815908,0.0
1742,-0.04606717938443334,-0.007381765019888115,-0.0007663835357312539,0.08262912604417881,0.08313033633384752,0.016643621224317097,0.023343660790221932,0.06526317832347144,0.014117061512471456,0.053638525722310516,0.03100298739590935,-0.008969413019832792,0.0,-9.800532950526058e-05,0.0,-0.001086508006006515,0.0,-0.009766701125217075,0.0,0.005350852066703211,0.0,-0.006687702581247398,0.0,4.297886494820775e-06,0.0,0.023626516859235835,0.0,-0.002026598249544896,0.0
1743,-0.18379995825847462,-0.00012750534766410026,2.8253837023612712e-05,0.0009130322039997845,-0.00019611382573294273,0.0060443688341330895,0.044819940105948995,0.11045710630428385,0.027118459406129676,0.06734496691013436,0.02468736371085946,-0.005739551378932426,0.0,-0.00014934039068098743,0.0,-0.0003648204576113005,0.0,-0.013558860593663619,0.0,0.006771151901662206,0.0,-0.0017934196694757746,0.0,0.001583741161045103,0.0,0.014091550203211584,0.0,-0.0037069668155574787,0.0
1744,-0.18839808827628016,-0.0025389430924543507,2.8253837023612712e-05,0.0010627016527097373,0.0010432817088597208,0.006060245439492996,0.04367845983616417,0.10813384761587105,0.025235002941680844,0.07062833987837545,0.025941418340154683,-0.0059468368568136275,0.0,-0.00013943952530031135,0.0,-0.00038380289430869853,0.0,-0.013207792514432094,0.0,0.007137353970029194,0.0,-0.0015232070959739655,0.0,0.0010191491395912594,0.0,0.013447083765001863,0.0,-0.003565039424726011,0.0
1745,-0.1871595744254388,-0.0031980245986497004,2.8801704156614227e-05,0.0012782157283364353,0.000914372424044538,0.006084411787465288,0.04350359729112798,0.10522833213553602,0.025622150503009932,0.07090651016393301,0.02473550145118294,-0.006027889288447765,0.0,-0.00014049260839188243,0.0,-0.00036895973739637473,0.0,-0.013506026044235304,0.0,0.007102957201884722,0.0,-0.001398976822454932,0.0,0.001182711108332335,0.0,0.014115912598323245,0.0,-0.0034286785929768075,0.0
1746,-0.1855931526312718,-0.003103088158943715,-0.0008548876833866642,0.001160986626939742,0.0008448537745561888,0.006160131035279566,0.043173681504458154,0.103470998692701,0.024176129926527543,0.0758465427940066,0.024412776478591795,-0.005922727969513217,0.0,-0.0001496741329720081,0.0,-0.00036669505771939816,0.0,-0.013533238687815382,0.0,0.007094760759644758,0.0,-0.0013314734380361773,0.0,0.0013618247812775936,0.0,0.014211959829170498,0.0,-0.00334771999882926,0.0
1747,0.04796521823583156,0.022634045069822,2.8590798842060176e-06,-0.00976112170454915,-0.006823776644955928,0.0008486052411599867,0.01992488846796526,0.05899448214843015,0.021543695728434207,0.112472251979345,-0.024832839077932767,-0.0036104999265390335,0.0,0.0002717756690838841,0.0,7.885170436569544e-05,0.0,-0.011071139527457502,0.0,0.000714087927421851,0.0,0.003530766079868204,0.0,0.006397630080068547,0.0,-0.06875530903453042,0.0,-0.004512706764695836,0.0
1748,0.042054714793831244,0.022664921621455135,2.5889160683206387e-05,-0.011016625232539112,-0.00649136076368599,0.0002649814000407037,0.020024181551730146,0.05932655786592534,0.03311646726240317,0.11170642872475169,-0.026414986359085197,-0.0056782997123936115,0.0,0.00029849961673445336,0.0,4.987184608333299e-05,0.0,-0.009698683750985898,0.0,0.0015313189125333781,0.0,0.002490217080800699,0.0,0.006102493001083722,0.0,-0.06734231261406466,0.0,-0.0047653732089581085,0.0
1749,0.0439124033695348,0.019222696212462188,2.8416729942530956e-05,-0.010595016367046451,-0.007248970251659533,-0.002621581554030908,0.02582322284075885,0.06885476894422994,-0.011467297619890775,0.11313674227858099,-0.0156013622699315,-0.005922985134354146,0.0,0.00029298210311872114,0.0,-2.8218779741917152e-05,0.0,-0.009534880751160756,0.0,0.0010322106655420431,0.0,0.00369049428079276,0.0,0.004598341177234897,0.0,-0.06261411024639156,0.0,-0.005724614386903369,0.0
1750,0.06576835231540083,0.02306420086861027,3.3553544687714465e-07,-0.00986501266769022,-0.009172036059256438,-0.0038926732293051458,0.0255632173696174,0.07072331495437009,0.010079051536331806,0.008374026016283497,-0.019573887888307544,-0.008526258915489745,0.0,0.0003137232596599771,0.0,8.070122011785577e-05,0.0,-0.004018122159841836,0.0,0.0012287403128860457,0.0,0.0026499584435173587,0.0,0.004357361938296332,0.0,-0.07391732922228288,0.0,-0.007829925742981697,0.0
1751,0.09174976495455957,0.05347768561753632,-3.4339689526572435e-06,-0.005866424336282546,-0.003862988507309941,-0.0030963637346470008,0.025595438884171623,0.06854436418183878,0.014650086603587615,-0.003567125685472597,-0.018614704230015412,-0.007742333879680292,0.0,0.00030545350369104484,0.0,-0.00013728368254286696,0.0,-0.004730784740716807,0.0,0.0006255367514984067,0.0,0.0005455440157673817,0.0,0.004903682643161102,0.0,-0.06999745289860415,0.0,-0.006968239042446227,0.0
1752,0.09666840722665629,0.0592340577863916,1.3996795310999564e-05,-0.004818430403556784,-0.0032391764691744487,-0.001646381386220468,0.02294692745147683,0.06614956655148456,0.005615428037445749,-0.005008894991871806,-0.014437344659371599,-0.009174765643964198,0.0,0.0002847171083678587,0.0,-0.0002058755034264975,0.0,-0.005123437150866394,0.0,0.0008623497150708024,0.0,0.0001717604154535612,0.0,0.004414146132582898,0.0,-0.05551066435161635,0.0,-0.006844577186423114,0.0
1753,0.12186750259701366,0.055553021877306256,-4.71915687024957e-06,-0.007718802285160124,-0.005237020014013455,-0.0004009081367588768,0.020733155634994012,0.058204445298815126,-0.008695510193377934,0.009328968639088239,0.008654781133541387,-0.008790848613910713,0.0,0.0003343083419699077,0.0,-0.00024563848099201755,0.0,-0.008850947095390143,0.0,0.001997931096357116,0.0,-0.0006947742720662547,0.0,0.006499069884538712,0.0,-0.05092155251296014,0.0,-0.006585039055846649,0.0
1754,-0.20075194218614992,-0.0022759177443557456,4.398221094282241e-05,-0.01318095473243008,-0.012142359865355662,-0.0011753383456268448,0.028943099894154205,0.06556618675111074,-0.0034879389791904044,0.0009453059712570182,0.02625921900750561,-0.003535468100237334,0.0,0.00023531200473010132,0.0,5.5780675733601606e-05,0.0,0.02122154002906411,0.0,0.025880499923932817,0.0,-0.006784934532656111,0.0,-0.004593279589529577,0.0,0.01797995778706094,0.0,0.01875532327589032,0.0
1755,-0.1984582274954976,-0.007174896240170311,4.47187671997373e-05,-0.012777267247536469,-0.011964957443128072,-0.001306200373823586,0.027867720007655118,0.10198918733965903,0.001888242818451327,0.0051010644184046276,0.028514019245585897,-0.0018259533490543232,0.0,3.196154935982914e-05,0.0,-0.00020647279951142256,0.0,0.023175632649124672,0.0,0.0244722929486843,0.0,-0.004812348024142748,0.0,-0.003133428796185643,0.0,0.019428348355434662,0.0,0.014084502897153421,0.0
1756,-0.1676569417416567,-0.009162204607659265,4.804604029331841e-05,-0.013105426971981578,-0.01222604906191852,0.0019557529037001805,0.024887103533995373,0.167689336296987,0.005612151102626506,0.006074164600923092,0.028679900793129934,-0.0016797089042345757,0.0,-0.00018860497095261934,0.0,0.00016495001146851125,0.0,0.025251775844803,0.0,0.02338053974951492,0.0,-0.002640601710411848,0.0,-0.0019034028500701076,0.0,0.020680403444832057,0.0,0.01086646489653388,0.0
1757,-0.17137663419666635,-0.008488513537630873,4.79581872385881e-05,-0.013338172873022042,-0.011952634966222118,0.001990700792110673,0.025097191522654185,0.1692738662063981,0.00479454925400758,0.005092667065462088,0.02803396069189319,-0.0011777634885563662,0.0,-0.00018750973399562696,0.0,0.0001652200941145515,0.0,0.02515219104934442,0.0,0.023310840972686948,0.0,-0.0022443073875702798,0.0,-0.0012250230518535258,0.0,0.02067131405708285,0.0,0.010850611277122372,0.0
1758,-0.17622321346907535,-0.008360948845686896,4.8389897275719484e-05,-0.014078737958582057,-0.012412281806487315,0.0013686970779173647,0.0247576929960065,0.16643509262929318,0.010671814422332119,0.005254679214217759,0.029200612410930953,-0.0011008461098493758,0.0,-0.00020696162018208722,0.0,0.0001182430905578548,0.0,0.024853710996178193,0.0,0.022674659276133293,0.0,-0.001600472086931835,0.0,-0.0011781276552155619,0.0,0.020369603004363038,0.0,0.010543201773417549,0.0
1759,-0.13728701581529976,-0.012418767923560177,-0.0010045255653283864,-0.01549979969006199,-0.014229198737659219,0.0004815483544285486,0.021214063466018153,0.14949072387439408,0.036740779183772325,0.004859968160849775,0.03158265331391869,0.0007787383144007391,0.0,5.2194254828991386e-05,0.0,0.00026225420413488625,0.0,0.020192930287674053,0.0,0.02018163431859243,0.0,-0.0024747245789143953,0.0,0.0007601205204907919,0.0,0.023997041595017535,0.0,0.009248373144104503,0.0
1760,0.11806729181717551,-0.02515687918528888,-3.494984088366479e-05,-0.016285294554561864,-0.016201302895823517,-0.016660474880042304,-0.010348994432039715,-0.03192376948435552,-0.02405145596133477,-0.012343727540071204,-0.03033877923320681,-0.013452875052613257,0.0,0.0005827232441821584,0.0,-0.001902340480702521,0.0,0.005355025036390147,0.0,-0.08464445109691517,0.0,-0.09418138118211757,0.0,-0.005771704031218396,0.0,-0.05526318626402016,0.0,-0.007127458692248096,0.0
1761,0.12925052039820942,-0.025983035299761592,4.054057315873414e-05,-0.01781714003604322,-0.016613281934373714,-0.018165686208378606,-0.012415382636054798,-0.03127852201376185,-0.02290297644125832,-0.009757042561419377,-0.04067263114186084,-0.012991180576487958,0.0,0.0006087216941446387,0.0,-0.0021463426340227174,0.0,0.005206009328331242,0.0,-0.0827936423807618,0.0,-0.11453434696485823,0.0,-0.005130916025872729,0.0,-0.05310794811914734,0.0,-0.007258225219409811,0.0
1762,0.14329848068791012,-0.027418409389173726,4.696607239123414e-05,-0.021443156279455186,-0.019668572453718128,-0.019868661641047704,-0.014170739865850289,-0.03231891137880686,-0.02104411345138383,-0.014378174898694206,-0.04699832585057175,-0.012444996760110624,0.0,0.0006895453535533979,0.0,-0.002149966346709312,0.0,0.0050041076015681675,0.0,-0.08203445432315365,0.0,-0.13474108970360035,0.0,-0.0064297523157145825,0.0,-0.0493490243745435,0.0,-0.006533191768425621,0.0
1763,0.1481991732162057,-0.029350995415852232,6.693808567817181e-05,-0.021265224514454017,-0.020594350497256286,-0.020535242161998212,-0.013786628204520838,-0.03095337955176486,-0.018521471529383084,-0.012468133855326932,-0.04775358870316903,-0.011962753218529817,0.0,0.0006995623731916628,0.0,-0.002332422209856963,0.0,0.00545392196128364,0.0,-0.08462635549826723,0.0,-0.141560119290962,0.0,-0.00659453674662606,0.0,-0.04673703946973848,0.0,-0.0062112276215277986,0.0
1764,0.15164280821275708,-0.03086469225451017,8.482121328478966e-05,-0.021012480786380745,-0.021183443438483565,-0.02116890034954762,-0.013876967052479363,-0.029467371207155358,-0.01448456127687985,-0.010931951853267365,-0.0473706087821202,-0.01159221890057459,0.0,0.0006863981666229644,0.0,-0.0022582229605023875,0.0,0.005591372539771808,0.0,-0.08327704672393321,0.0,-0.14624692473476836,0.0,-0.007687171112875844,0.0,-0.045761416739522415,0.0,-0.006062453648999404,0.0
1765,0.14937754263036512,-0.03217051144593488,8.576596333263164e-05,-0.021052523660659146,-0.022373461988711974,-0.021421981091324337,-0.015007531915849772,-0.028390771913109805,-0.013785689384566358,-0.012344084210132293,-0.04367327078900165,-0.011453628081139646,0.0,0.0006835983541906247,0.0,-0.002228825415482627,0.0,0.005307280686390279,0.0,-0.08414469703074406,0.0,-0.1467470590131055,0.0,-0.007852402550515164,0.0,-0.04546367145093642,0.0,-0.005940814080615008,0.0
1766,0.15092028386979212,-0.03303352577249991,7.903938354708087e-05,-0.01941950124096361,-0.021677506055231142,-0.01980316623697443,-0.016471487055027042,-0.02817321655179796,-0.010720019875141415,-0.014781004675165299,-0.03320281015106775,-0.011553681064534436,0.0,0.0007156108506146131,0.0,-0.0021430953401873854,0.0,0.0052755422700930185,0.0,-0.08420398697459133,0.0,-0.14847186602657328,0.0,-0.0075823181298895845,0.0,-0.0438967825816452,0.0,-0.0059118580056982785,0.0
1767,0.16151227924011763,-0.026720920600066225,7.914104621395406e-05,-0.013631773214635963,-0.015470213928803114,-0.01193435588008402,-0.014491031756172479,-0.02543873716316612,-0.0076919188356724885,-0.013602688528888105,-0.015193348677579089,-0.010509409726851344,0.0,0.0007707452658179884,0.0,-0.002282952558905518,0.0,0.005355193255634667,0.0,-0.0863041988531679,0.0,-0.14133949942991889,0.0,-0.006829716444591776,0.0,-0.03974640506388495,0.0,-0.005641465919969472,0.0
1768,0.2897423385491704,0.003178708366663527,5.145711326728206e-05,0.00956533751915538,0.011378664742057456,0.02206016691630054,0.025180969818483067,-0.0018065434661992525,0.01200052778324509,0.008056168898380844,0.06770027734218434,-0.005777961977396063,0.0,0.0010609258376438856,0.0,-0.0010781748785306953,0.0,0.010010366036278206,0.0,-0.043526587930726626,0.0,-0.0795344368050073,0.0,-0.0016008947821647807,0.0,-0.02466562172396765,0.0,-0.0039928711736781294,0.0
1769,0.17837488583363287,-0.027964756872919678,4.86037566657506e-05,-0.009047060245057617,-0.011591916336813318,-0.011056430782465338,-0.005173868082880541,-0.03280532427802078,-0.008320506544783116,-0.016587904105988757,0.022918449436484693,-0.009916888019268792,0.0,0.0009029394361110547,0.0,-0.001722800752154023,0.0,0.005974369383800558,0.0,-0.07746734129177528,0.0,-0.13092031143131813,0.0,-0.0071825481465928025,0.0,-0.041592536275668716,0.0,-0.005443419703883201,0.0
1770,0.14989601259040816,-0.0323382364522553,4.851878104302737e-05,-0.017426472339019648,-0.01703827311234316,-0.015348514359364539,-0.010978977612382687,-0.0348955016870377,-0.007283357390168186,-0.016098841764867047,-0.0014214428937869082,-0.010987215286246077,0.0,0.0007973984808662176,0.0,-0.0022226972919868223,0.0,0.005494738484765531,0.0,-0.08502333150048742,0.0,-0.14435050414143033,0.0,-0.008612107735066678,0.0,-0.04705246676875377,0.0,-0.005589916291002287,0.0
1771,0.13889849295168386,-0.03380828457615463,4.830687757156717e-05,-0.017861764665946935,-0.019269626596898227,-0.01668201963395757,-0.01434204592124899,-0.036620402971034256,-0.00507367100498473,-0.009691624193052249,-0.02713670145129924,-0.010310535192401658,0.0,0.0007368819794778794,0.0,-0.002292601296614096,0.0,0.004900547962852561,0.0,-0.08235554033017431,0.0,-0.14627615090782667,0.0,-0.009232698480759928,0.0,-0.048514245546784074,0.0,-0.005815961667403154,0.0
1772,0.1370644711201649,-0.0337209325160316,4.835527513487828e-05,-0.018235004047217392,-0.0198796216095191,-0.0161446435326027,-0.015108969386309342,-0.03672545770281663,0.0005792875349481476,-0.010264422222970108,-0.029800068588408512,-0.009981814939512928,0.0,0.0006851864833015935,0.0,-0.002124165183611782,0.0,0.004671919235230372,0.0,-0.0815644570782394,0.0,-0.14500498568405562,0.0,-0.008807958438975076,0.0,-0.04739509302186509,0.0,-0.005635565663612573,0.0
1773,0.29991848955001144,-0.022737394374496137,0.00013432655278415863,-0.032279215115935116,-0.03428244218974937,-0.014875686369683444,-0.07387365065812619,-0.041191909407517636,0.006825520443962184,-0.00889476940749166,-0.04818952807546057,-0.008217969950580778,0.0,0.001160505978186808,0.0,-0.0005409333957106432,0.0,0.006444271273712635,0.0,0.013219511137242942,0.0,-0.03835050196743239,0.0,-0.0036160033049000896,0.0,0.0004238442821140148,0.0,-0.003968503401898943,0.0
1774,0.3956999317709219,0.0011571107673433768,0.00019312087319120052,-0.008042378773422652,-0.010939366253584049,0.004610512678684186,-0.01606138772216384,-0.01957038922977572,0.01987443916390091,0.0035578419835441254,-0.020125052749287265,-0.0015831324042637482,0.0,0.0022653099678890103,0.0,0.0003341412750339672,0.0,0.012069183572105588,0.0,0.01766390352686764,0.0,-0.007037360986434574,0.0,0.00569901777301745,0.0,0.035932308096609,0.0,-0.0036009774134723184,0.0
1775,0.4409021614223549,0.010601194292480938,0.00022259086074359057,0.010877840952480794,0.011305878538137115,0.004835631404916198,-8.307704076355576e-05,-0.015722082150955392,0.02213198678208909,0.005095687196196832,-0.018059800787515054,-0.0005287627148493353,0.0,0.002679299977532356,0.0,0.0001453558606266538,0.0,0.014520672822831012,0.0,0.01655161471817723,0.0,0.009614784329964089,0.0,0.009655164360863765,0.0,0.04970812446253974,0.0,-0.003520800333117748,0.0
1776,0.44633393429717444,0.013449133421798556,0.00022351427251526409,0.014090528656173601,0.01650017246176727,0.0022191726689238557,0.0026110835826943786,-0.006047374768922368,0.02159344305224335,0.0061121451967689425,-0.017455313130638805,0.0014504653947045442,0.0,0.002721988863016315,0.0,0.0002645444815964526,0.0,0.015429354880473293,0.0,0.016385301623897383,0.0,0.010883450768581548,0.0,0.009421935500125649,0.0,0.05276590770883926,0.0,-0.003344308764472018,0.0
1777,0.44923164497400986,0.014403521065799774,0.00022493997921625638,0.018688830780014126,0.019553730577239536,0.0035712226441576497,0.005602082575407001,-0.004138562345803061,0.023055752305199528,0.00600217346236322,-0.016640360970788585,0.000885578192496105,0.0,0.0026644219361592596,0.0,0.0003984991244835474,0.0,0.015591020844164605,0.0,0.01676588718212248,0.0,0.01169946419045935,0.0,0.00890275000615023,0.0,0.052508792827736905,0.0,-0.003228080995407708,0.0
1778,0.44942524204688794,0.013709451833841238,0.00036746662751955145,0.018971943397766932,0.020223539221720564,0.0027616474431568596,0.005530390926805428,-0.003383059625469924,0.01725589432307273,0.005602607021558104,-0.012825802921858408,0.0005732892778280598,0.0,0.002666018380393813,0.0,0.00031466229524953457,0.0,0.01571013226222686,0.0,0.017049113941711158,0.0,0.012505478205861056,0.0,0.0086420082611319,0.0,0.0507697297501662,0.0,-0.0034821490123760476,0.0
1779,0.45036644314766816,0.013459031787244204,0.0003669224647256689,0.018819654699300532,0.01953025955558493,0.002311805846075664,0.007511268647119622,-0.0033413963659442623,0.012495651179481744,0.006042165777213386,-0.01737881919077186,2.2137857380093397e-05,0.0,0.0026203230234338876,0.0,0.0003690000208629554,0.0,0.015222936773139448,0.0,0.016685986370353952,0.0,0.012691954633447114,0.0,0.008244451092364954,0.0,0.046378662401127445,0.0,-0.003453654854560129,0.0
1780,0.43343620996328647,0.0051404021561936315,0.00032606292277575073,0.01795883370002475,0.017461674623694055,-0.0003684814666422432,0.007877654836158637,-0.00689181521384056,0.004042957521750884,2.1438066668305337e-05,-0.011155474918182418,-0.001850451439294933,0.0,0.0026499167518348205,0.0,0.0001682406635917697,0.0,0.01494305958231711,0.0,0.0155722324884416,0.0,0.011708404026333278,0.0,0.005913309942117912,0.0,0.044116535887119716,0.0,-0.0035600639315603953,0.0
1781,0.4305274838645647,0.003635742926887941,0.00032642161319608627,0.0200597254134078,0.020386192090407807,0.0014642106786977257,0.007445188176893051,-0.007371056646187057,0.0014516827813351573,-0.00020816320721804628,-0.0038892076334604503,-0.0015272452634677602,0.0,0.0026802046948172236,0.0,0.00015176729055823798,0.0,0.014248005637497172,0.0,0.015280448502724404,0.0,0.010693269979634164,0.0,0.004993502252961763,0.0,0.04398870417685102,0.0,-0.0034705264693258592,0.0
1782,0.4334348056206847,0.0039579196860398454,0.00032642161319608627,0.019496703337419975,0.01988964191132997,0.0012627843999788912,0.0063643308206866485,-0.007925530979172268,0.00010969723196652027,-0.0006929991442281848,-0.009356279109574215,-0.0016442018287177135,0.0,0.0026332322627403994,0.0,0.0001784172065049014,0.0,0.014582997261739457,0.0,0.015417192228119625,0.0,0.010597814026476072,0.0,0.0049387321297867945,0.0,0.044232021294632634,0.0,-0.003648758504808406,0.0
1783,0.42801054357140145,0.005146271578134557,0.00032642034825732837,0.02014929374829874,0.020422901669748736,0.000993083832761295,0.00659245809383751,-0.006943059386050659,-0.0004191547835838348,-0.00367677859156538,-0.008270494590537785,-0.002754601291231296,0.0,0.0026866783878444983,0.0,0.00017688498165329108,0.0,0.014644159349818508,0.0,0.015355113856549637,0.0,0.010475788676621349,0.0,0.00433178134361012,0.0,0.04286374080716947,0.0,-0.003786067766569953,0.0
1784,0.4268339049836014,0.00651071398160984,0.0003285520148719223,0.019616228270447934,0.0202137023232776,0.0011681438757217292,0.005674944778149465,-0.007029936537497297,-0.00038090258558995296,-0.003048051691242511,-0.012370491120180833,-0.003358117015609685,0.0,0.0027166450107660054,0.0,0.0001609431924394913,0.0,0.014620333047393875,0.0,0.014969626975492,0.0,0.010550419721933324,0.0,0.004398071499856138,0.0,0.04077491681910241,0.0,-0.003854661337009926,0.0
1785,0.42424748926696165,0.005831786864876024,0.00032866285935511134,0.018801975307792217,0.01934792255115812,-0.0008268765090662816,0.0071475125072237074,-0.007688829521163573,-0.0007809392878470212,-0.0016322387745083414,-0.013633071317273827,-0.003377001560332027,0.0,0.0025457155462665125,0.0,0.00022140647998650784,0.0,0.01472600876298007,0.0,0.014567451266532938,0.0,0.011087841622590104,0.0,0.0040832543520613,0.0,0.042983824419276735,0.0,-0.003961181559986302,0.0
1786,0.4103697458039578,0.00586650593486839,-0.006862938295189554,0.01761920913731658,0.018727838113654253,-0.0009183561197699853,0.006836427974464235,-0.008614952389642994,-0.0036841000751239774,-0.0029810856129048368,-0.004332394430088952,-0.003604800018256905,0.0,0.002766346926760861,0.0,0.00020591839344684745,0.0,0.015392480481801887,0.0,0.014247650114716612,0.0,0.011683736527017053,0.0,0.0046570512304685875,0.0,0.04044025634793588,0.0,-0.003928054956467681,0.0
1787,0.3138321743670293,0.05101149533301221,8.439838514840139e-05,0.00908337486042344,0.007448569111000619,0.0020197818264309137,0.028894206089875005,0.07432619501386653,0.006216259505185036,0.005393527383893328,0.058951611823063,0.005566548743864691,0.0,0.0014679889525883705,0.0,0.0020286711604779054,0.0,0.01174580804596751,0.0,0.0047394605541457675,0.0,0.03207083986790329,0.0,0.009865441768295806,0.0,-8.809548611800477e-05,0.0,0.011152165143085967,0.0
1788,0.31237661792389015,0.05106569555235634,8.440428069250209e-05,0.00950873526309777,0.007276521336984444,0.002238709015029188,0.029146768249845526,0.07408421247216553,0.006077891056346018,0.00522285488083401,0.05968142443026231,0.005550832948162253,0.0,0.001467891894577453,0.0,0.0020367914654160183,0.0,0.011679665227328096,0.0,0.004576385833694052,0.0,0.03212479742690946,0.0,0.01030089618072004,0.0,0.00013225025712484842,0.0,0.011177076753703106,0.0
1789,0.31309356191915844,0.05114837837804405,8.438657497514703e-05,0.00946590184236601,0.007019669486497469,0.0024204571196955594,0.02971882328500071,0.07302458005727418,0.005630930967660807,0.004924599583647167,0.060272212507477003,0.005586282653136338,0.0,0.00147260987837296,0.0,0.002125429265900889,0.0,0.011764448396931465,0.0,0.004408946335355569,0.0,0.03221603132300214,0.0,0.010311317559579461,0.0,0.00010460441095445645,0.0,0.011017250904109353,0.0
1790,0.3133586234373969,0.05099683122320419,8.535593506850198e-05,0.009326775976817143,0.006835181698781347,0.0025294491142471387,0.029402237796881392,0.07280026601279571,0.005406740285670461,0.004434656872919162,0.060252733953370496,0.0057155565925791525,0.0,0.001471289123808541,0.0,0.0021342989403191257,0.0,0.011721988767341877,0.0,0.004428141736464264,0.0,0.03220970244861041,0.0,0.01037856322984385,0.0,0.00011746585149913612,0.0,0.011085995218858113,0.0
1791,0.3131985633920324,0.05109085694997249,8.535593506850198e-05,0.009122904769770098,0.0066855687995879395,0.0028297400021450848,0.029280677932989687,0.07252987746748608,0.005358432865888686,0.004998550796886812,0.06039371847382801,0.005710321616595281,0.0,0.0014710410414232205,0.0,0.002128537796567898,0.0,0.011739340043227199,0.0,0.00446930019176479,0.0,0.0322366517842836,0.0,0.010067920597917291,0.0,0.00018482129280216803,0.0,0.011109672466239055,0.0
1792,0.31157694316849965,0.05092806878967193,8.535593506850198e-05,0.009418877142037629,0.00687411599462988,0.002931100883505855,0.028823672952414132,0.07035543002214702,0.005747921275558696,0.005034601816745821,0.06039569191446848,0.005410168626228727,0.0,0.0014679472551481583,0.0,0.002057751295364466,0.0,0.011648524216672224,0.0,0.0043938751753089264,0.0,0.03226781947062429,0.0,0.010065678733293297,0.0,0.0006960190876303382,0.0,0.011156585763471725,0.0
1793,0.30848457331537626,0.05527466603957215,8.535593506850198e-05,0.00839713268679667,0.00679435046112169,0.0028109564450404982,0.028292047468124477,0.07053984662972633,0.00703029565517012,0.004979558642748539,0.0545276071470268,0.005642468515152351,0.0,0.0014771641277846002,0.0,0.0022506456643678206,0.0,0.012132161158231878,0.0,0.003541357490053081,0.0,0.031475207123512886,0.0,0.009925275401118639,0.0,0.0006350660190601023,0.0,0.011447572430125598,0.0
1794,0.306703024209469,0.05666361086663682,8.652693807593006e-05,0.00893411499431155,0.0072259294443027386,0.0028334985945615418,0.02802645844740806,0.07018125734577528,0.006728978854486162,0.004836281976676561,0.05240221286060764,0.005657091676816863,0.0,0.0014807683038047502,0.0,0.0025245810859256188,0.0,0.012581069582822771,0.0,0.003180824564346992,0.0,0.03144554807343026,0.0,0.010096132872050963,0.0,0.00044628569960387753,0.0,0.01147197549874165,0.0
1795,0.3025558026907316,0.05794688633372613,8.316320157192815e-05,0.008154276676175125,0.0064867250163678425,0.002756375195498822,0.027968346111350843,0.06940473858318717,0.006985032924848239,0.005095011964431735,0.039505524666821126,0.005136753939122194,0.0,0.001549901964375254,0.0,0.0025650425016195653,0.0,0.01297860641347411,0.0,0.0025475528623875444,0.0,0.031476269489255033,0.0,0.009989515397901853,0.0,-0.0009511809800819845,0.0,0.011137598749171215,0.0
1796,0.300627875885726,0.057514331605086275,8.319993492475675e-05,0.006695563474867338,0.005232536077400064,0.0016334743868591528,0.027849395091256637,0.06733680672232907,0.007429860933767806,0.005088351860419114,0.030959028912178187,0.004356078709136625,0.0,0.0014533494262616443,0.0,0.0023685874328481485,0.0,0.012233063806353526,0.0,0.0020219791730635025,0.0,0.03129394105876598,0.0,0.010866585429043474,0.0,-0.0021336430528658933,0.0,0.011445916879256097,0.0
1797,0.30084977658687295,0.05721048470982445,8.319993492475675e-05,0.005759092165512082,0.0038372500385876786,0.0007517097876333506,0.02759613585038555,0.06752885806643975,0.00673967489073195,0.005119863549354263,0.031018863814016025,0.004349406262184783,0.0,0.001418829113082257,0.0,0.0023628975497941226,0.0,0.01229438539885328,0.0,0.0018966350101950198,0.0,0.03102246600301543,0.0,0.010761804945570599,0.0,-0.00207617830931645,0.0,0.011356855448366366,0.0
1798,0.2989377332649755,0.05709698366412887,8.319993492475675e-05,0.005798169115067031,0.0042843404907786185,0.0006819759112415026,0.02795457589841354,0.0642109197274123,0.006613822086500592,0.005059906106462756,0.03010022172484234,0.004336041401804613,0.0,0.0013430996879613976,0.0,0.0023641149350587345,0.0,0.011353368781819447,0.0,0.0017983553908161001,0.0,0.031130227402359115,0.0,0.010680426354501579,0.0,-0.0020174594110204335,0.0,0.011360578952006962,0.0
1799,0.29973587742400293,0.056912645199720155,8.319993492475675e-05,0.006766296479571551,0.005025964551467143,0.0015799035736384877,0.027956019549426624,0.0626295489826007,0.006402006172443394,0.004504177190701443,0.03586757604479985,0.0050111308149396565,0.0,0.0013282462637623108,0.0,0.002588090627429859,0.0,0.011620465150951765,0.0,0.0020312485032966763,0.0,0.031153382209791906,0.0,0.009761135023852759,0.0,-0.0010155304461997594,0.0,0.011059195797568842,0.0
1800,0.29729741395682696,0.05741973530099756,-0.0025866056951570253,0.006182560283990907,0.005425178445918779,0.001106118454815635,0.0270371405778273,0.060869855227987366,0.007522796007694729,0.00475016395084236,0.03937369218408231,0.005044452657436956,0.0,0.0013279653073190554,0.0,0.002549341532100958,0.0,0.011677667323261757,0.0,0.001827203806792554,0.0,0.03057599523174313,0.0,0.009380817484760088,0.0,-0.0006052021665176177,0.0,0.011468584477981136,0.0
1801,-0.23219224066866787,0.0026781577069150083,4.066254473051655e-05,-0.004601444005394063,-0.003783514794745572,-0.00493493512392082,-0.006985950831850545,-0.017021031766391897,-0.013032686119647481,-0.01524671035863993,-0.014387610554619047,-0.009841422820655048,0.0,0.0002372521044984144,0.0,-0.00026164389386280706,0.0,-0.001694160449714138,0.0,-0.003931338373351177,0.0,-0.0023331790321118894,0.0,-0.0034017377268004724,0.0,0.0009667784414161379,0.0,-0.012091457174802926,0.0
1802,-0.2347583880013648,0.0022373536998719773,4.1096979459083596e-05,-0.005197818505293678,-0.004094278987001399,-0.0056289560292745715,-0.005644296570977058,-0.01569432686268006,-0.02195195618619704,-0.017197400137016813,-0.014301585078815144,-0.010469104225948368,0.0,0.0002456948607738791,0.0,-0.0002700485396107755,0.0,-0.0022214399404223485,0.0,-0.005213492423774117,0.0,-0.0020864878845263594,0.0,-0.003592435696135914,0.0,0.0005438348430765934,0.0,-0.012224133469029374,0.0
1803,-0.24959592640229733,0.001382108347413605,4.006871324272928e-05,-0.0049583802501351314,-0.004057489456786989,-0.005857168717236508,8.968057442401598e-05,-0.0201218388937251,-0.023237970703737208,-0.016170308615655805,-0.006073164545525034,-0.010816865918710106,0.0,0.00024704195025977677,0.0,-0.0002654144152542403,0.0,-0.002370716418069431,0.0,-0.005243207267922407,0.0,-0.0018264334243927362,0.0,-0.003280162725574275,0.0,0.0018543661577978784,0.0,-0.011690659073651199,0.0
1804,-0.2427321335502774,0.006237953333972116,4.001837742008169e-05,-0.003708446589173375,-0.003335978218385649,-0.006378167761285739,0.004511098033046488,-0.0213327415497592,-0.023925523039067982,-0.019684960287908504,-0.007473477788031608,-0.011012054952916872,0.0,0.00025444125501191946,0.0,-0.00026025308073341876,0.0,-0.0013989933370075625,0.0,-0.004933807097866636,0.0,-0.001852408505797825,0.0,-0.003660987370387985,0.0,0.00039488600756230907,0.0,-0.01498949556797512,0.0
1805,-0.24383804707326984,0.015191101716013554,4.0517155716802e-05,-0.007399124496768677,-0.005560713165204429,-0.0076075676695319455,0.005170271418549444,-0.021779042429759254,-0.027286540650266238,-0.021299238928831715,0.0008859129282917642,-0.011386524639179038,0.0,0.00027784253438943433,0.0,-0.00024350947513301596,0.0,-0.0029538363778969807,0.0,-0.004155416304915584,0.0,-0.0026402703004572065,0.0,-0.004124022869744854,0.0,-0.001233704505060337,0.0,-0.017536255021828095,0.0
1806,-0.2431524820418576,0.02132575511566493,4.043691055765324e-05,-0.008363993881724216,-0.006326111202471672,-0.007085250549937018,0.007779070485559204,-0.023510911412266113,-0.02795177876865794,-0.018749312720815103,0.004227564567669312,-0.011397805095833685,0.0,0.00027914720296503827,0.0,-0.00023008123370367743,0.0,-0.0016239766421787044,0.0,-0.0035815851886641732,0.0,-0.002787979211303677,0.0,-0.004135153743493211,0.0,-0.0009732281711309522,0.0,-0.01783767378131855,0.0
1807,-0.24608764845611814,0.023037278458947732,4.043691055765324e-05,-0.008718402077671881,-0.006465359940659725,-0.005650660814338245,0.009770123695185233,-0.02361258383942679,-0.027564211330057136,-0.014970371729865798,0.00803080791714029,-0.011404386930135757,0.0,0.0002924380280367547,0.0,-0.00016568961719618745,0.0,-0.0006270024184545431,0.0,-0.001206454399803764,0.0,-0.002514857123681662,0.0,-0.00404718560612749,0.0,-0.00014592784993027263,0.0,-0.01750430521473262,0.0
1808,-0.2295575160037744,0.037862060605982045,4.0713269777175745e-05,-0.005617256791764837,-0.002511177628342971,0.0015774722842545484,0.01948542215645288,-0.020215732716925276,-0.021011352810027507,0.0062709848009759326,0.017032704200111517,-0.010289677991806544,0.0,0.000302675865078403,0.0,-0.00016195916076799496,0.0,0.004573264198829523,0.0,0.005596624584151045,0.0,-0.0012874021313371042,0.0,-0.0025420565195907454,0.0,0.009327274364661237,0.0,-0.015346521321428039,0.0
1809,-0.11940758636368361,0.10688436769989743,4.041872967458839e-05,0.011698184473813418,0.014413553740993894,0.03153316726110951,0.04932245467843016,-0.001099970146801486,0.019486864110701597,0.050981730652284805,0.032780298155748976,-0.005471102741898708,0.0,0.000307577652610713,0.0,7.893696191519887e-06,0.0,0.03635958497495555,0.0,0.041070482931831,0.0,0.00304785002550153,0.0,0.0059444654149683,0.0,0.02317389729056928,0.0,-0.008664157215051479,0.0
1810,-0.26806419406182413,0.03482502975441778,3.7123729016217534e-05,-0.0011148627878446139,-0.0015301742523921567,0.004787627424844099,0.020600373193493313,-0.021805090963864647,-0.01318017493276882,-0.005708744118727804,0.01672517416478068,-0.01006707870658946,0.0,0.0003720292678699203,0.0,7.042201562771506e-05,0.0,-0.015052581742162518,0.0,-0.0023112760001947463,0.0,-0.0015350085367969312,0.0,-0.00010538979506064126,0.0,0.008341265915054788,0.0,-0.01663288380677652,0.0
1811,-0.280525243296266,0.025020952737264426,3.986780706001681e-05,-0.0029513659301852293,-0.002703046945146856,0.0009685121702801176,0.020343869734448884,-0.02413962163722896,-0.014482352252370862,-0.008933042761903138,0.01757368291892888,-0.010190443030373279,0.0,0.0003740001077521342,0.0,7.448289838677886e-05,0.0,-0.014364131727406521,0.0,-0.0023525009374126137,0.0,-0.0020914687822307827,0.0,-0.0017441928761514334,0.0,0.007360592011025579,0.0,-0.01665828435888273,0.0
1812,-0.29553398210507204,0.020373893795424113,4.400421189416449e-05,-0.0026949723337859333,-0.002226023289806256,0.0011952201604218296,-0.00222952463382693,-0.019738799900938565,-0.013401782445969694,-0.00964037001021357,0.0235208725984959,-0.010221757422799358,0.0,0.00037419477688107136,0.0,4.504079280408138e-05,0.0,-0.014633154845204603,0.0,-0.0004958859098718237,0.0,-0.002596592142152263,0.0,-0.001658649594919077,0.0,-0.00020867172426593253,0.0,-0.01768411403802045,0.0
1813,-0.3002403332177656,0.021808166258279,4.427207376686368e-05,-0.0024547490959682724,-0.0025855100816996636,0.0014523858417286296,-0.003446059702952887,-0.016233242613261884,-0.009737300574555399,-0.014095123703594186,0.023879263683376124,-0.009733886120029216,0.0,0.00034063840677864895,0.0,4.628022589220087e-05,0.0,-0.01400584827520337,0.0,0.0002718295541335648,0.0,-0.00296200920885449,0.0,-0.0023997162534817288,0.0,-0.001957562930339964,0.0,-0.01763968479249889,0.0
1814,-0.3049619573317913,0.024383497698602794,4.420317748145099e-05,-0.0025644109161489276,-0.0032223066260460473,0.00233018670717276,-0.008077672125383963,-0.01248426901207488,-0.003598956879375883,-0.014469570575351328,0.0247464788211358,-0.00922666413333837,0.0,0.0003367668329690814,0.0,4.9020184246438136e-05,0.0,-0.013231212254153175,0.0,0.00038834099100152974,0.0,-0.0030397505934717972,0.0,-0.0020070694095309415,0.0,-0.0016931295886542315,0.0,-0.017756874330228902,0.0
1815,-0.27424048967335957,0.04203670529630835,4.432064981527239e-05,0.00029328192070736636,0.00046623806364863313,0.015549630883220558,0.009569689462960836,-0.0024348700992505466,0.0068432458501796155,-0.010809757438757008,0.031092017875986727,-0.007816968979198738,0.0,0.00031109998137077946,0.0,7.591879930048694e-05,0.0,-0.00842588946875095,0.0,0.00123021023400489,0.0,-0.0020040151610717168,0.0,0.0007445883875642173,0.0,0.011606128022170882,0.0,-0.017246836654354055,0.0
1816,-0.16559532943279354,0.1123493011954477,4.432064981527239e-05,0.020106860731561108,0.018477661047553627,0.045094279775561935,0.0572122364117307,0.045267257843949193,0.041527555986213195,0.009171539777638491,0.058942655288553435,-0.002982220080473145,0.0,0.00032645541553098404,0.0,0.000375169036087284,0.0,-0.0008447344327268316,0.0,0.003133118545490429,0.0,0.0026636902243526933,0.0,0.009879092506117564,0.0,0.042193174314290066,0.0,-0.010524950945361915,0.0
1817,-0.2854108417048403,0.04382397097483422,4.417390675675373e-05,0.003171948958319941,0.0008037684127425418,0.01038833784061345,-0.007311465261360635,-0.0027590604880104994,0.0073237629645711054,-0.015617860387132625,0.02761249871845828,-0.00814547760458427,0.0,0.0003218877683112982,0.0,0.00011123984277947728,0.0,-0.008448412920321703,0.0,0.0016372300647699539,0.0,-0.0015476558454270131,0.0,0.0009428609881461456,0.0,0.00434151392871721,0.0,-0.016903765046011314,0.0
1818,-0.30521628207823803,0.02581463333024803,4.517146775415089e-05,-0.0033203851134613713,-0.0024736474593570327,0.0028144794309654057,-0.010226597054759649,-0.01054728180966454,0.01126809528472034,-0.019018749909341992,0.015021707925447741,-0.009043377987074157,0.0,0.0003214675417315597,0.0,9.784847908974384e-05,0.0,-0.00853351070156133,0.0,0.0013236471106762213,0.0,-0.0035181521154011726,0.0,-0.0019263634720247656,0.0,-0.0014465247997601485,0.0,-0.01766154980429309,0.0
1819,-0.30943381099539635,0.025538789433084578,4.49082868607692e-05,-0.00374963074941525,-0.002829731830478522,0.002626154106169096,-0.010445322422787276,-0.011036028160646302,0.006760168213294327,-0.018616923373298823,0.01452242902485667,-0.009067304969661606,0.0,0.00030829950996517653,0.0,0.00012778949403868665,0.0,-0.008230503971784466,0.0,0.0012842879123818487,0.0,-0.003366983453837534,0.0,-0.0018759628205743226,0.0,-0.0011253806982441646,0.0,-0.017727728362789942,0.0
1820,-0.24783368467757327,0.035779266017983535,4.947422889306993e-05,-0.000833472062390462,0.00040702978537709143,0.006055000758636914,-0.0003782396664751411,-0.017360231491588943,0.002395714232508705,-0.019116462178049375,0.013907241633187616,-0.00916427728898597,0.0,0.0002361596400798403,0.0,0.0001131898186840051,0.0,0.0116670172640936,0.0,0.013703767202338698,0.0,-0.0017311475499043423,0.0,-0.0028524761621500053,0.0,-0.00420305308607429,0.0,-0.01751361544596045,0.0
1821,-0.23401462778263005,0.033972054292342395,4.947422889306993e-05,7.296957494979914e-05,0.0003962386688697991,0.02353916016296324,-0.0001190879653875758,-0.017386076865269776,0.013385554665135526,-0.016084406333861666,0.014167248966892788,-0.008798967151564918,0.0,0.00023657725856623238,0.0,0.0002573797717851364,0.0,0.016960608612418788,0.0,0.012321584123552552,0.0,-0.0018349522784705575,0.0,-0.0018643947619368072,0.0,-0.004543653024527278,0.0,-0.015931344487629236,0.0
1822,-0.2225753777865956,0.03557105278025489,4.701775200911386e-05,0.0010807295273105274,0.001799489916441211,0.024593937735507925,0.000783818697309279,-0.0064809643625907765,0.02357521072740265,-0.014571873343186227,0.014853229787089256,-0.008561781511579904,0.0,0.00024165899677516982,0.0,0.00027873854483768257,0.0,0.017400064472580537,0.0,0.0115483649619313,0.0,-0.0025076290280459184,0.0,-0.0018759631414291364,0.0,-0.004151366286806201,0.0,-0.015998562388285384,0.0
1823,-0.21596281410560664,0.04009053077091965,4.681253634936302e-05,0.001126533444040796,0.001956520442248988,0.027808919027806522,0.0010526705670833461,0.003302360623009854,0.02154480212299631,-0.014436054214285524,0.016967070839570653,-0.00812379339558901,0.0,0.00024183351260504421,0.0,0.00030496361323742254,0.0,0.016080873817079167,0.0,0.010858889845857563,0.0,-0.0022358513683871616,0.0,-0.0016852701827655366,0.0,-0.0036466232065356084,0.0,-0.015634077520136798,0.0
1824,-0.21714895293430303,0.04052061253483033,4.679672949423017e-05,0.000751952224097403,0.002065608346962021,0.028207012397714545,0.0007210087167851329,0.006652158713125996,0.020805274101802447,-0.014103554638475195,0.016651413881743682,-0.008010946419733489,0.0,0.00021411383557587665,0.0,0.00030270383685463456,0.0,0.0160841734903481,0.0,0.010513318114536176,0.0,-0.0023641975861693272,0.0,-0.001750724344203356,0.0,-0.002839456308224373,0.0,-0.015422881057939064,0.0
1825,-0.2184574830523067,0.044772045520315246,4.679672949423017e-05,0.0005976436342292868,0.0009099261533779518,0.029384373937727436,0.0010054415202483007,0.0014411323294748928,0.024667069868318486,-0.014558674911375422,0.01647053251840211,-0.007916076973837826,0.0,0.0002358081225821765,0.0,0.00018809366432422114,0.0,0.018242048800215623,0.0,0.013002781604193898,0.0,-0.0025639800235600857,0.0,-0.002081841145769418,0.0,-0.0030236851101682664,0.0,-0.014873678387750909,0.0
1826,-0.2153890378126261,0.047160759527694295,4.679510284762693e-05,0.00034328170025110197,6.33775832246175e-05,0.030518039804379955,0.002718211427590819,-0.0021313410559985722,0.02834055868333628,-0.013715432960378452,0.020392541247173688,-0.00835886089484682,0.0,0.00023022879703065585,0.0,7.083625439227197e-05,0.0,0.021352423885007403,0.0,0.014665464073806521,0.0,-0.0014107797924600507,0.0,-0.001951365639446742,0.0,-0.0032884913719885473,0.0,-0.015390410270921327,0.0
1827,-0.22036657316000893,0.05000955037939662,-0.0007492689580542323,0.0018673102913424678,0.0022763476528849876,0.029394147381122997,0.006728109398302565,-0.003961049954559951,0.01020515064397225,-0.011933194112755464,0.022493455859544705,-0.009743899331561223,0.0,0.0002497155760433271,0.0,9.00471382207923e-06,0.0,0.024122609341679247,0.0,0.016560015599090414,0.0,-0.0009670964495890691,0.0,-0.001474240727847763,0.0,-0.0030705838454124623,0.0,-0.016331257870641675,0.0
1828,-0.3051221387478571,0.0158976189974855,1.684088145099916e-05,-0.0043777656678323,-0.004355150928556899,0.0034863462325579312,0.0428742813573405,0.0953785544564481,0.024961798640845738,0.004871987928384787,0.02559195478773098,-0.003303930927190297,0.0,-0.00038861766365925885,0.0,-0.0006998611814637092,0.0,-0.017481088612146038,0.0,0.0050392279337962975,0.0,-0.0004746257901659493,0.0,0.0037513278151537883,0.0,0.017651598804509065,0.0,-0.0012886964940911042,0.0
1829,-0.3040848146994629,0.015098130215290427,1.681419468674858e-05,-0.004223340577076973,-0.004202423240575475,0.003515371386067833,0.04313848583700483,0.09664567777070703,0.026154573741350436,0.00046210252189691315,0.02583646908047898,-0.0033500557297843916,0.0,-0.0003889335887967868,0.0,-0.0006952094372218653,0.0,-0.01773989685258443,0.0,0.005177010978833363,0.0,-0.0007913253653630789,0.0,0.0034799160454962,0.0,0.018223182513513955,0.0,-0.0013606412043821344,0.0
1830,-0.3076968891409874,0.01501562439761081,1.695669980431445e-05,-0.0038241774322468787,-0.0033021574977202105,0.0054877690328161,0.04455622567546457,0.09327656482699405,0.025469311963294994,-0.002320293999627243,0.0213737410496823,-0.00333734480204181,0.0,-0.000500885235293065,0.0,-0.0008487561558996865,0.0,-0.0179206307834524,0.0,0.005012530715440463,0.0,-0.0008238706918560045,0.0,0.003338667069962909,0.0,0.018140322873536625,0.0,-0.001387297302025317,0.0
1831,-0.3098212162920486,0.01523309747067414,1.7133073628748152e-05,-0.0038661743082425417,-0.003093419729708665,0.005409163456391107,0.04511393142268133,0.09324699712609211,0.02522253636569051,-0.0023920510606826057,0.019128848487348454,-0.0035002104457776094,0.0,-0.0005009439738330836,0.0,-0.0008533016671593088,0.0,-0.018090373875071484,0.0,0.005195749010084611,0.0,-0.0006614616154356445,0.0,0.0037109318029720888,0.0,0.01824367410286749,0.0,-0.0013732027850005333,0.0
1832,-0.3148913402029901,0.014070924488311848,1.708451388227651e-05,-0.004003791074735533,-0.0033598848328139446,0.005660971997988634,0.045116511361405535,0.09343289956172977,0.024504337883266412,0.0012563282394463457,0.020665801612311935,-0.0030340565765334727,0.0,-0.0004957044243951559,0.0,-0.001044181996956305,0.0,-0.01870977425778536,0.0,0.005058463239796345,0.0,-0.0003670862339011917,0.0,0.0030031391917017453,0.0,0.018123467835060077,0.0,-0.0019901084573058347,0.0
1833,-0.3139395132651707,0.014629563882740107,-0.0005428052695156714,-0.0039340291045423656,-0.003990123605821206,0.00568121207518204,0.047708861664160815,0.09415143368045978,0.02437803852150983,0.0014073832266933801,0.026251152160266387,-0.0030458541694308545,0.0,-0.0004916804161376406,0.0,-0.0009515100191395406,0.0,-0.018779428792897006,0.0,0.004864325048689522,0.0,-0.0002277433498270388,0.0,0.0026173546333295205,0.0,0.01832786073201462,0.0,-0.00215194990378319,0.0
1834,-0.27986497995553916,-0.007644961043951726,2.4886874893854526e-05,-0.0018737238761234556,-0.00015000422305113932,0.005286279277259487,0.012105022932089834,-0.016059415069566527,-0.0312026853822031,-0.007792724941307153,0.020363330025074955,-0.015493193481432925,0.0,0.0004394491730615575,0.0,0.0003249859579499898,0.0,-0.014655551023365547,0.0,-0.0007676500651330446,0.0,-0.024786006552097322,0.0,-0.003922205971495365,0.0,0.018007889181575962,0.0,-0.015409751154832223,0.0
1835,-0.28195431208858057,-0.00826063263023464,2.6083088375022646e-05,-0.0018381668121463602,-0.00026909067762248654,0.008158263942642068,0.01234096960833952,-0.015890507594706834,-0.031254149441866434,-0.00792296470840256,0.019670840110248923,-0.015435117559446671,0.0,0.00038417082695285177,0.0,0.0003424172590356158,0.0,-0.014499143188293753,0.0,-0.0005357884810944038,0.0,-0.024433601014660026,0.0,-0.0038524210226169716,0.0,0.018056331434013778,0.0,-0.01590419036812951,0.0
1836,-0.2772771245109105,-0.008768245655044554,2.679556508238734e-05,-0.0021649023339679434,-0.0004355997826763398,0.008127104986690193,0.012101926199586645,-0.014658178692523978,-0.033132304878234084,-0.008806883934095108,0.0180312526220768,-0.015378423368131836,0.0,0.00039630752822885187,0.0,0.00035231182479045453,0.0,-0.014150799495282147,0.0,-0.0006265330181439925,0.0,-0.02427941686362593,0.0,-0.00387896354032999,0.0,0.017748958672693323,0.0,-0.016298290644376122,0.0
1837,-0.2777535854797403,-0.008972622713846579,2.679556508238734e-05,-0.0021005535569421406,-0.0005417731036838279,0.007740807948590336,0.011306500030686416,-0.015357675628340627,-0.027429606084577385,-0.0092602492088259,0.017715121933267873,-0.016884494718277698,0.0,0.00043209207346922145,0.0,0.00036919242237773686,0.0,-0.013952263750242746,0.0,-0.0005950507661838572,0.0,-0.025323467679138532,0.0,-0.004222282980996297,0.0,0.017996075131127304,0.0,-0.016263968751998713,0.0
1838,-0.28249414795598665,-0.008914919051781359,2.6856509762369504e-05,-0.0019006501261884102,-0.0006304307105122593,0.008768525040813777,0.01100528494720234,-0.01557589821216241,-0.024135469283129495,-0.009090912616135953,0.017581842932379892,-0.016710189098334445,0.0,0.00043630097323655475,0.0,0.00040134127528804447,0.0,-0.013864990521863735,0.0,-0.00044524612760361994,0.0,-0.02498631388060181,0.0,-0.004143345933112587,0.0,0.01787757270248708,0.0,-0.0162762201819504,0.0
1839,-0.2827807866230439,-0.008833279202510244,2.6425512219552897e-05,-0.0018600288665744104,-0.00047364418782711314,0.00866655559017415,0.010828982268789073,-0.015458412285790686,-0.023611032556346216,-0.00925751778856258,0.017273125416458385,-0.01668563850519386,0.0,0.0004325247370112927,0.0,0.0004019023971793113,0.0,-0.014026435037754949,0.0,-0.00043306494234964606,0.0,-0.024835088144559345,0.0,-0.004221587517173399,0.0,0.018086468230525742,0.0,-0.016310477812863905,0.0
1840,-0.28290684581771824,-0.008766850645646656,2.5581429775339033e-05,-0.001880654056176734,-0.0005918945046931959,0.007148725189789571,0.009942590219893365,-0.014990654726951467,-0.02227328515830661,-0.006064453447349581,0.01650490233626259,-0.017199900309474242,0.0,0.00039029414484649413,0.0,0.00037549303304914,0.0,-0.013932492995937037,0.0,-0.00035192250136635133,0.0,-0.02502141090012405,0.0,-0.00494404191372982,0.0,0.017809930456346868,0.0,-0.016344119150682956,0.0
1841,-0.2833800597059529,-0.008944164768650481,2.506511550211303e-05,-0.0020215893216700915,-0.0007032480038197141,0.005893620195654511,0.010015870250685078,-0.01726693236815936,-0.020582521757306536,-0.0035345996973718315,0.016482900917222397,-0.01745478738363272,0.0,0.0004031707867522326,0.0,0.00031484756456937914,0.0,-0.013911398802773409,0.0,-0.0003970411504575671,0.0,-0.024947431949574852,0.0,-0.005445199372204292,0.0,0.017887247291093443,0.0,-0.015504757158098983,0.0
1842,-0.27608698496066986,-0.006467411904329098,2.550828367845051e-05,-0.0022499726163139116,-0.0008425787581757343,0.006041202398458746,0.011741957817172891,-0.019407070856633592,-0.018504448348039753,-0.005262761286716713,0.016935514505028393,-0.01716126048385579,0.0,0.0003781440962596602,0.0,0.0003929280758550888,0.0,-0.014740738467365231,0.0,-0.0009304941424979996,0.0,-0.0245562943014786,0.0,-0.005482591460120311,0.0,0.017649478212150523,0.0,-0.016713157491965492,0.0
1843,-0.24357833937767187,-0.00816808330625094,2.5479286748810082e-05,-0.0002880774305477086,0.0008342172881247489,-0.00275573153181667,0.014926513684835115,-0.0071449637017886895,-0.02388679041363422,-0.009073836737902614,0.019566275098251637,-0.01647233980587774,0.0,0.00031271894208894204,0.0,0.0004489031245110615,0.0,-0.010845373752977413,0.0,-0.0004154646427916886,0.0,-0.022379427428046567,0.0,-0.005062767111370336,0.0,0.010369745896714468,0.0,-0.014740938092307521,0.0
1844,-0.21180666558716227,-0.004708824938708828,2.559041923206798e-05,0.003288065634260264,0.004507970945412383,0.004411348461961746,0.05757862966831461,0.002469923357211672,-0.02032996592518778,-0.003889868888030891,0.021860104985985788,-0.013971210280770563,0.0,0.00032097823983287717,0.0,0.0004997387024144049,0.0,-0.008915832243294987,0.0,0.00026858926867758524,0.0,-0.017493066019435687,0.0,-0.004655705095484735,0.0,0.012452059963390124,0.0,-0.011604793924175424,0.0
1845,-0.0693775155357623,0.013413978071014713,2.7278551319137443e-05,0.013524954613541265,0.014466192693395098,0.022495445425700766,0.13310237040000847,0.06534737590971562,0.004124408619881694,0.034794479627263376,0.03288626625692991,-0.0059939968375063,0.0,0.0005539405368947685,0.0,0.0007439123325273261,0.0,-0.0034673633026307033,0.0,0.0020979869107367118,0.0,-0.008092372613899263,0.0,-0.00021709825427496457,0.0,0.024653481776525238,0.0,-0.0061636830454369195,0.0
1846,-0.17592044736632959,-0.008694962621986145,2.7204989203949275e-05,-0.006900425676158671,-0.003051417245752621,-0.003333121603593033,0.03743421885148517,0.04112268355638047,-0.04354152929016587,-0.009222050218022712,0.01851736118668212,-0.009290801002767768,0.0,7.152537391379618e-05,0.0,-6.0726803141302346e-05,0.0,-0.009252856762105374,0.0,0.0017369510557892316,0.0,-0.01607245334359015,0.0,-0.0029086211089224415,0.0,0.008769242433309801,0.0,-0.009122707659787377,0.0
1847,-0.17983657778049797,-0.010915627235220061,2.808919531433299e-05,-0.006478943490745238,-0.003832863157313653,-0.0036414534203288397,0.024915999826894793,0.03848411113936654,-0.04350917666562532,-0.014757693870058687,0.016713793583099004,-0.009978850381113137,0.0,6.745394155283314e-05,0.0,-4.087362391469423e-05,0.0,-0.009079952643817352,0.0,0.002545479103439286,0.0,-0.01716807107188997,0.0,-0.0015356713962915761,0.0,0.007089405906282975,0.0,-0.008962853496571029,0.0
1848,0.17843775861562244,0.017437647713434316,3.411239638440617e-05,0.012757362786630477,0.012939226381306837,0.0033869084688674177,0.021013488037021494,0.10468852188390411,0.019683087607378615,0.0036361405113742445,0.05075001155555086,-0.0002606197060781997,0.0,0.0006422063118404688,0.0,0.001557440096459028,0.0,0.0023296341648328094,0.0,0.008564705423810224,0.0,0.0046185265091957285,0.0,0.0067281019245418305,0.0,0.06919027150830853,0.0,-0.0031294788687620235,0.0
1849,0.2132546410283442,0.02132290035687036,3.230940113541521e-05,0.011008937977896394,0.011414945963126104,0.004227394397952033,0.024444138856723377,0.1083250549284752,0.04565782063668795,0.006960569384405981,0.05772315479488083,0.00020668664228626994,0.0,0.0007270688789994758,0.0,0.0014203136103422272,0.0,0.002886078386976912,0.0,0.008619372769195346,0.0,0.006531956865076283,0.0,0.0077057732971819995,0.0,0.077116854098909,0.0,-0.0028583238755395986,0.0
1850,0.21721563510107048,0.02215388541541208,3.310830259352305e-05,0.01182262187163708,0.012387985332161603,0.004305024372524477,0.03145221520992884,0.10447058236532245,0.04649346269788405,0.008479660078618015,0.06042840216818229,0.00029571310536089906,0.0,0.0007474925534545603,0.0,0.0014992174480804126,0.0,0.0031282954481196626,0.0,0.008415660266282418,0.0,0.007517433416193913,0.0,0.007905170898982962,0.0,0.08088227740131144,0.0,-0.002771966865276551,0.0
1851,0.2180395203454459,0.022873719185176795,3.35843428251489e-05,0.01133161968278586,0.012243444069080902,0.0032446015161147522,0.029480632832802108,0.09826904108784217,0.05858294615000162,0.003864996377509945,0.06268695601198696,0.000769865785757033,0.0,0.0007741074831892084,0.0,0.0015052033435778369,0.0,0.0030743446100525667,0.0,0.00861127160214862,0.0,0.006564764298640915,0.0,0.007629729232114153,0.0,0.08219979272240939,0.0,-0.0026811276262932054,0.0
1852,0.2303143685064452,0.023982370934710277,3.201168031779474e-05,0.008867142941450037,0.010734428314267273,0.0033594875406786078,0.02115098960210364,0.09577171733694388,0.060111500855143836,0.0042659618830611845,0.06544027825778816,0.0005807336690535397,0.0,0.0007826073117052404,0.0,0.00119698119647486,0.0,0.0020938892279320494,0.0,0.00780443245451599,0.0,0.007446633983845117,0.0,0.007497734778747023,0.0,0.08460109978886046,0.0,-0.0024610842802290167,0.0
1853,0.23694792788687438,0.02417235147152227,2.6330123566097584e-05,0.00817765340994894,0.010185677853088621,0.0020830012901843385,0.017217813157235477,0.09075870218440261,0.06039988725245249,0.004091128341763724,0.06485538537039516,0.000379354923682351,0.0,0.0007798304808570316,0.0,0.0010655022545290106,0.0,0.002052202260837231,0.0,0.007677511010485182,0.0,0.007441113724376936,0.0,0.007365659412781494,0.0,0.0844573749667129,0.0,-0.002153962555190352,0.0
1854,0.24399924918550675,0.023760767543895462,1.603144320341044e-05,0.00855122155634671,0.009736764252765068,0.001747897479202374,0.017328160867944607,0.08763257517445111,0.048652944858667814,0.006878705091467404,0.06487881423531563,0.003007856404563199,0.0,0.0007838368389678151,0.0,0.001037239284687433,0.0,0.0021854842726622345,0.0,0.007366695145773788,0.0,0.010828808171689111,0.0,0.00722780494070774,0.0,0.08335833999361308,0.0,-0.002117320153587202,0.0
1855,0.23937640589538473,0.024726029240870282,1.5806884008961536e-05,0.008517827128578901,0.009826439282637177,0.00150215241404772,0.015463601460250831,0.08972602248142016,0.05198534570277039,0.0024316632349924597,0.06803004734138324,0.00315166226700557,0.0,0.0008083743466144312,0.0,0.0009766688469156114,0.0,0.0022081925112895965,0.0,0.007361107882940674,0.0,0.010667507233312922,0.0,0.007280387891261437,0.0,0.08611585431900275,0.0,-0.0021906515441815068,0.0
1856,0.2381066540904181,0.025104501046555937,1.5806884008961536e-05,0.008949520640681732,0.0098217429282598,0.000745002858149632,0.015580361250939583,0.08987097224610753,0.05287111639226796,0.0005714169258214071,0.06918520770083621,0.0028226138838169904,0.0,0.0008060935376351877,0.0,0.0010967421080332216,0.0,0.002144666218294414,0.0,0.007318831313787605,0.0,0.01102706506926295,0.0,0.0072972369071822646,0.0,0.08686560788857992,0.0,-0.0022207150701330355,0.0
1857,0.2375190248571363,0.024946229783697888,1.5828118527821362e-05,0.008331831081995403,0.010002265484204652,0.0001662728196714789,0.015739339877004335,0.08887109153172333,0.05255791433383034,0.0006455926232884567,0.06841396199618027,0.002842291767748892,0.0,0.0007805725334738545,0.0,0.0010763055529743003,0.0,0.002124875005982254,0.0,0.007274006536233882,0.0,0.011015656249619778,0.0,0.007478676570414282,0.0,0.08703085800329516,0.0,-0.0022078546044831345,0.0
1858,0.2369885522535066,0.024638658692064486,1.580317913892355e-05,0.008038080606385166,0.009633078867904349,0.0008059375079612869,0.018164759073921587,0.0877141299545512,0.052566744800097556,0.0008983080762079537,0.06854038144165038,0.0029971948738981655,0.0,0.0007809317731739921,0.0,0.0010749708375086843,0.0,0.0022683112210014084,0.0,0.007256195160620128,0.0,0.011031098081290587,0.0,0.007350289558352968,0.0,0.0871650348154445,0.0,-0.0021851524194980007,0.0
1859,0.23579090196997982,0.02423518281511527,1.5955009324543733e-05,0.007214797858867882,0.009549874926219264,6.543653887507086e-05,0.021643590684211265,0.0861230477853301,0.051754292726393425,0.0016135712915190804,0.06589756827817689,0.0028539801983322416,0.0,0.000800221130492992,0.0,0.0011556331944086575,0.0,0.0028559032480660437,0.0,0.007467718360315048,0.0,0.010773522995055393,0.0,0.007208537632060952,0.0,0.08754118261749319,0.0,-0.0021733156030424045,0.0
1860,0.22987978685242547,0.023765689981087978,-0.0006515643140609978,0.0063522576150783095,0.009270623312631664,0.0014050001732887724,0.028801917941791023,0.0824704577557996,0.05098028875357994,0.00492592121832101,0.06597244490901577,0.0026747887566880885,0.0,0.0008089809874651208,0.0,0.0012009850322596746,0.0,0.0030836934863255456,0.0,0.007566243426665746,0.0,0.009989076068230563,0.0,0.007252515887015061,0.0,0.08754251492819225,0.0,-0.0020225873472681905,0.0
1861,0.3059201146792398,0.04081663177251685,0.00023167100390500064,0.011613211517911006,0.011816756910564708,0.006610472361043501,0.019815306323558587,0.07362385947193187,0.025335939564759147,0.009842325380195735,0.05044556832519075,0.0004456137562720736,0.0,-0.0011555765190019239,0.0,-0.006901964246990944,0.0,-0.0008759106557573496,0.0,0.010288069730353172,0.0,0.010096021653078395,0.0,0.006912874334107803,0.0,-0.01962474070251119,0.0,0.019032924992351142,0.0
1862,0.3062682172837131,0.04067054655886976,0.00023167100390500064,0.011577822955456245,0.011739235372982363,0.006283184435624448,0.019754072011517628,0.0737999351102137,0.02520218746221997,0.0099045372582041,0.05063017972572198,0.00043063461558438755,0.0,-0.001143660704459635,0.0,-0.006528826592697538,0.0,-0.0006140599916639993,0.0,0.0102762725447289,0.0,0.010273804162068998,0.0,0.00687770809652066,0.0,-0.019184228665726548,0.0,0.018958505242596246,0.0
1863,0.3042357105397732,0.04005911647919826,0.00022548549880746515,0.01232903785928257,0.011625981208886837,0.006618206376568172,0.020660935126155834,0.07304884272161123,0.024363292989791178,0.010197470036829099,0.05107643273596122,0.0008278899696666891,0.0,-0.0011574383250019789,0.0,-0.006287484253963728,0.0,-0.00020126161157766568,0.0,0.0103498578901223,0.0,0.011380029251546027,0.0,0.0069020703796039175,0.0,-0.019801587784159743,0.0,0.018955150796279293,0.0
1864,0.3069000594205546,0.04026695958038046,0.00022532947108727346,0.012314503848797368,0.011224326026233446,0.006774849150001383,0.02189688265984105,0.07213413676134124,0.022714454043698772,0.009970825718844821,0.05646539513809475,0.0005513705149419225,0.0,-0.0015106939895876165,0.0,-0.006392420194794272,0.0,-0.0005359092387752355,0.0,0.009575681277260243,0.0,0.010197822943732383,0.0,0.007023925712426917,0.0,-0.019701625272970508,0.0,0.01866756901225768,0.0
1865,0.3070181134357799,0.04001500190705943,0.00022481785792661998,0.012482723182315174,0.01131331014516634,0.0064143871846454705,0.021773055595724088,0.07159673583457984,0.022208250848696112,0.008785625692539618,0.05729038453130293,0.0006118384343284055,0.0,-0.001595233454779861,0.0,-0.006420880198465678,0.0,-0.0003761387210006702,0.0,0.009708866563745849,0.0,0.010282152287362461,0.0,0.007043681584024558,0.0,-0.019567350873130676,0.0,0.01883553251288469,0.0
1866,0.30827807411207264,0.03869660718974434,0.00022483621104291124,0.012597717738363292,0.01135033152268795,0.006289761396668961,0.021866302933575207,0.07183242682677239,0.024270254687458408,0.0030672805317770906,0.05738893707216531,0.0004468959693007748,0.0,-0.002022500320907928,0.0,-0.006377753507915479,0.0,-0.0006147192243496335,0.0,0.00952135430987784,0.0,0.010442861011765265,0.0,0.006903135718903977,0.0,-0.019211629046474173,0.0,0.018220426287526695,0.0
1867,0.30244352016085696,0.03766884475907062,0.0001533705971119735,0.01219171250089043,0.010661870040088556,0.004098613163428256,0.022358818822190932,0.07005417734633308,0.014691427841547101,0.003241359790677192,0.05534496652797779,0.0009939369575285568,0.0,-0.001641360556596294,0.0,-0.006461813895336415,0.0,0.0007514116501472313,0.0,0.00880053901877827,0.0,0.014995003332483022,0.0,0.007222466912494029,0.0,-0.019490532366386336,0.0,0.01831374532683913,0.0
1868,0.2863578654369276,0.0391381412772439,-0.002867236463057611,0.010809085404892572,0.00914918458969454,0.003046769351313268,0.023963866078054483,0.07026335629200733,-0.014785718493091776,0.0026850464756529766,0.05351061405403443,0.0028493468744893624,0.0,-0.0008599855654346017,0.0,-0.006151631991989396,0.0,0.0039215608756624646,0.0,0.006869939066133134,0.0,0.02803136558687245,0.0,0.010018150465017804,0.0,-0.02101690142089174,0.0,0.01902078128938996,0.0
1869,-0.14782252985939254,-0.0327592520637118,3.697309480029041e-05,-0.00878373544810954,-0.0068300011743153005,0.0026196082523299003,0.03009286126518104,0.1632848066085252,-0.02968605908375741,-0.007727768466156697,0.020477764532215816,-0.009125274275046865,0.0,0.0015736369815650736,0.0,-1.2989003491811279e-05,0.0,0.021518202499638837,0.0,0.0035849727908599384,0.0,-0.008898594445650412,0.0,-0.005148509794307242,0.0,0.01000544545677319,0.0,0.0286726095476342,0.0
1870,-0.1348593809161955,-0.03423880844801098,3.695176212757936e-05,-0.008950868608641117,-0.006608037059241814,0.0018814939444086322,0.03008753289563279,0.16407373438699097,-0.030303051034026977,-0.007679189705462809,0.02311365091093603,-0.008112485230923484,0.0,0.001939221733550381,0.0,-3.302002662627211e-05,0.0,0.021714849667621928,0.0,0.0038949016309412516,0.0,-0.009185202134203032,0.0,-0.005406930673554225,0.0,0.009502691017849006,0.0,0.033219773257668235,0.0
1871,-0.13524491048404944,-0.029115351372195005,4.6293317740596657e-05,-0.009078538101034596,-0.007204122601622987,0.001275910825551497,0.03401337014445193,0.16538747424847436,0.008654575015418494,-0.007121527359759031,0.02615056839042725,-0.006659265078294026,0.0,0.002819062291474827,0.0,4.4502815173328695e-05,0.0,0.02218771652451067,0.0,0.004354616057815245,0.0,-0.009196592137104803,0.0,-0.005449842418825485,0.0,0.01593540219866851,0.0,0.0338097378904407,0.0
1872,-0.1233751010869632,-0.032026094062922034,4.565070502051299e-05,-0.004400092047745755,-0.003674488890477006,0.0008864264821739353,0.0370669118500992,0.155169821830576,0.03947955390350674,-0.006812538091107073,0.024722586829084833,-0.004282740621277308,0.0,0.0015445794115314254,0.0,0.0001782078735194454,0.0,0.02423106299840292,0.0,0.004191796818557082,0.0,-0.011766173598114915,0.0,-0.0033062570716180678,0.0,0.01666991219838673,0.0,0.027978806414480518,0.0
1873,-0.1303479965250384,-0.038055094272006255,0.0002002683883621064,-0.004830619481991698,-0.0038377581378719132,0.0014772319845896553,0.03410245570252514,0.15353374597095393,0.02988020873904618,-0.0005278990618974126,0.025149499005912856,-0.003700253093196929,0.0,0.0016030051698726073,0.0,0.00011006787646946187,0.0,0.02417914060220219,0.0,0.003837628518694473,0.0,-0.008260705722770186,0.0,-0.003797920756161554,0.0,0.019452066960387464,0.0,0.027813372952424385,0.0
1874,-0.1297684381244408,-0.03808142287163183,-0.0009897263406128622,-0.004878047888532763,-0.004403047506575651,0.0009739586292831586,0.034004313845823704,0.15567253774794887,0.038413711259642255,-0.007558870708713099,0.027333864603600214,-0.0035832059699455105,0.0,0.001454830915343211,0.0,0.0001565996884599861,0.0,0.023751406339853273,0.0,0.003948435311732541,0.0,-0.008284610459636526,0.0,-0.004110405782416645,0.0,0.019039049183711836,0.0,0.029363785878262084,0.0
1875,-0.05492761986371157,-0.007899201284915735,-6.34826295412861e-05,-0.04154807337851102,-0.0426347282582168,-0.01911996919674184,0.020058398157206104,-0.03836410689960692,-0.00022278848275172216,-0.012013518253715638,-0.06283776398659913,0.002438182775152056,0.0,0.00026666591147994287,0.0,-0.002402630244282414,0.0,0.0015171921763042333,0.0,0.003476998194999059,0.0,-0.013603131567877395,0.0,-0.007253181290541925,0.0,-0.061866011108247326,0.0,-0.00705658013282033,0.0
1876,-0.05636125453665264,-0.008522491343376785,-6.34826295412861e-05,-0.04073691201442282,-0.04449394339982049,-0.018955751748240535,0.017166789046836876,-0.039278690361443956,0.00026985466500145986,-0.011513739999235294,-0.06212719793630079,0.0029954019602256433,0.0,0.0002412516837381569,0.0,-0.0024142605542440882,0.0,0.0015575830409853726,0.0,0.003407479696381799,0.0,-0.012418866580147282,0.0,-0.007089370542159492,0.0,-0.06259908555317155,0.0,-0.006474366955338321,0.0
1877,-0.03846531384649021,-0.0026952985329510314,-3.674655836130588e-05,-0.041788684623872766,-0.0498296997717354,-0.018442610160492104,0.008967001517634111,-0.038941848040559356,-0.0032095272347303213,-0.011073552729696134,-0.06099727494203862,0.0027310694114724508,0.0,0.0002647036408779319,0.0,-0.0021516602531799992,0.0,0.0016612210126894717,0.0,0.003834271864764311,0.0,-0.011958751642817468,0.0,-0.006792372935993362,0.0,-0.06085658501555149,0.0,-0.00644371289327237,0.0
1878,-0.0003412170616092836,0.00548568211804405,-3.422954166295579e-05,-0.04479915862939546,-0.05180752843090495,-0.018615812447658985,0.016735974339955842,-0.036729909806882274,-0.0036214756499100016,-0.012148395344274797,-0.055721744630129376,0.005946483613974557,0.0,0.0002619507947578877,0.0,-0.0027257478014176073,0.0,0.0016536448591021977,0.0,0.004677203509800234,0.0,-0.010448840851468596,0.0,-0.006942552463023136,0.0,-0.053831594494071995,0.0,-0.0061040098577980085,0.0
1879,0.060950624701625565,0.017608244803148564,-4.4853579009784135e-05,-0.04318674664772583,-0.0502672738112146,-0.013322155582597169,0.019379907314650547,-0.03152648304447349,-0.0046370414622025485,-0.0010862181505115246,-0.04429706491184555,0.009332907175851623,0.0,0.00026755232606487476,0.0,-0.002532376524625834,0.0,0.00214731119382031,0.0,0.006841534858473375,0.0,-0.0033899533809304038,0.0,-0.00528611403024338,0.0,-0.04818210509547108,0.0,-0.004771354240555069,0.0
1880,0.24741119605557763,0.07297712107664044,-1.4322983912530365e-05,-0.00676832577737936,-0.008957278036632434,0.004873740662117411,0.04907919720512052,-0.003862266833504575,0.05121987798092314,0.021697610063123103,-0.01063952915999027,0.019877390959866303,0.0,0.00033636029654259393,0.0,0.0007965876631383868,0.0,0.006364016547137965,0.0,0.01345106623328639,0.0,0.021191984307957535,0.0,-0.0003983185700838404,0.0,-0.014415604402429187,0.0,-0.0029067251336608903,0.0
1881,0.2954669821278279,0.0742660847199918,1.974806726607033e-06,-0.0012564261872025635,-0.00664677810915968,0.008498973916341742,0.04362818046165884,3.8554908483204095e-05,0.05211494227625636,0.02546768656494219,-0.010744398600589624,0.019959654127632804,0.0,0.00036801775812387834,0.0,0.00032902244567919233,0.0,0.008548407816671478,0.0,0.01530661202822805,0.0,0.030123458157728003,0.0,-0.000498220917539073,0.0,-0.007060493490156638,0.0,-0.003824407440804117,0.0
1882,0.2897490462959026,0.07672354384559657,-1.5945177849729332e-06,-0.007306121478788044,-0.012746224327777068,0.0064999412048068325,0.038165503937576235,-0.007030123250326466,0.05102869146844507,0.022630439981455492,-0.015917956362052878,0.020457445749661587,0.0,0.0003797492737088539,0.0,1.2765401934087518e-05,0.0,0.008457185059982162,0.0,0.014890902428447775,0.0,0.028723510120905772,0.0,-0.001494339911105535,0.0,-0.008519448677198775,0.0,-0.004239249946374234,0.0
1883,0.1584560315396611,0.029622075064386473,-8.655905637630332e-05,-0.04942157735018481,-0.05259669379523904,-0.0135036012637083,-0.026386607485103478,-0.03151928686582366,-0.011246619670471721,-0.02856569604788871,-0.05320297543610791,0.008912540303593045,0.0,0.00038818536332006754,0.0,-0.007541309551220932,0.0,0.003972467617064615,0.0,0.008859966070041556,0.0,0.007689433406425514,0.0,-0.004928290309301819,0.0,-0.03238059765138294,0.0,-0.005609791291602148,0.0
1884,0.13886954093341045,0.022938944860500028,-0.00025419980567302226,-0.05580517796881929,-0.05574484078841283,-0.01501018689096707,-0.05287923610446428,-0.023024590098373453,-0.01315778197908041,-0.0302457605582716,-0.05489110237183853,0.007842924270899323,0.0,0.00044443111648596564,0.0,-0.0008692951499256489,0.0,-0.003927824148456967,0.0,0.008213725802715014,0.0,0.004098607495492836,0.0,-0.006114649538963365,0.0,-0.038140417295840875,0.0,-0.0063760897787031035,0.0
1885,0.27439899706840376,0.0657944711247823,-0.00010736394727962473,0.0002307814184788184,0.0012426899103593087,-0.0021950273371898377,0.011558190199410229,0.034226104005169664,0.013400835732558916,0.01967858858253857,-0.010280575023741231,0.020326350033787306,0.0,0.000490606730466327,0.0,0.0010809974724292006,0.0,8.098691154595084e-05,0.0,0.01611329139732317,0.0,0.02524987716079581,0.0,-0.0008434692028181484,0.0,-0.014747719175549973,0.0,-0.004451949001593371,0.0
1886,0.3017723027384543,0.07835996838992615,-9.510314798342818e-05,0.01033450269739448,0.015917982157331523,0.002062044855278796,0.028454843591777395,0.05764578981066595,0.01878507942138154,0.02147734175412824,0.0031667741302189322,0.022756077863736648,0.0,0.0005358708036700829,0.0,0.0016824326079409593,0.0,0.001753199207888142,0.0,0.017261874966761747,0.0,0.0323663681766158,0.0,0.0002937569519218272,0.0,-0.007328488127567046,0.0,-0.00383067514760649,0.0
1887,0.3292655863991067,0.07430791808301239,-5.145638022203701e-05,0.0027615174609695627,0.004105060028476468,0.0010710976778876833,0.03512682772832763,0.06829832666739827,0.01230303629999177,0.017440285237920974,-0.004818274209662577,0.02278832283526069,0.0,0.000767183450732644,0.0,0.0021031160600454043,0.0,0.00486966181978824,0.0,0.01568172066767651,0.0,0.037557873809915626,0.0,0.0009147966703059682,0.0,-0.005190363765974055,0.0,-0.003626042279737258,0.0
1888,0.34084436186665446,0.0717553831032328,0.0002672787257736559,0.0006208451965472239,0.0010394079993747546,0.0017931317977087158,0.03640761000591866,0.06469563073678897,0.00963898603131458,0.01229288404027684,-0.0019639098544546037,0.022300386221790886,0.0,0.0008613064315897789,0.0,0.002289926308100652,0.0,0.005592151729709735,0.0,0.01377322010707309,0.0,0.04337264154987881,0.0,0.0013631463981746512,0.0,-0.004177897069318835,0.0,-0.0037345923669288386,0.0
1889,0.3615151498427046,0.06434097815638942,0.00034958178048978073,0.00028493037693668404,-0.00025713395750138975,0.0017409190406792886,0.03592154714520269,0.05832814986988293,0.008028689015755725,0.0012023844690799083,0.0008732363765237384,0.02520291497288571,0.0,0.0010601286063692502,0.0,0.00257861742065507,0.0,0.004917351969156536,0.0,0.01240079434952551,0.0,0.05164567991021804,0.0,0.0007630126005158167,0.0,-0.0017348388732729872,0.0,-0.003418784717017783,0.0
1890,0.3638220281295826,0.06926364838619724,0.0005219993758872106,-0.0011059690792185805,-0.002160228234149666,0.0007040772703272955,0.03508098193991348,0.054353552192950266,0.006616175576410202,0.008045850547675128,0.0012689865373674907,0.024709030624467273,0.0,0.0010376456636535367,0.0,0.0021371486229738008,0.0,0.003922543454634715,0.0,0.01276795677132141,0.0,0.052424897473941134,0.0,0.001359641335018949,0.0,0.0009024545302468092,0.0,-0.0032177033680476867,0.0
1891,0.3922373513720799,0.07279933182984256,0.0003173493656286783,-0.0011023769722977301,-0.0021785013131851317,0.00017662766720941603,0.00908392562877198,0.05331818580344756,0.0022724935549357003,0.010256263557539254,-0.0009567434113429315,0.024682129817772548,0.0,0.0010338300159216784,0.0,0.00210406869302824,0.0,0.005716566428270885,0.0,0.012833050517885622,0.0,0.05301730938592921,0.0,0.0012007286942696026,0.0,0.0013014074812813209,0.0,-0.0034211439005117756,0.0
1892,0.3996927466450139,0.0735588992824578,0.00032123572517037287,-0.0011779502214417752,-0.002018059806033119,0.00024254543671740363,0.008318430010677537,0.05302911929342236,-0.00014047168603061212,0.0055304103470891885,-0.0001853466851631639,0.024982094313724282,0.0,0.0010335410565459418,0.0,0.002053792547368355,0.0,0.005517067912119376,0.0,0.012832978570597451,0.0,0.054878178231729774,0.0,0.0013890472869356378,0.0,0.00013340455360985907,0.0,-0.0030626721327084677,0.0
1893,0.40129372194675017,0.07395132074703373,0.00032123572517037287,-0.0006335471104694203,-0.0014630123108713452,1.6552961886784345e-05,0.005925820038093606,0.052754766835344656,-0.002780736380090132,0.004651191553692437,0.001256422347584409,0.025055243891775054,0.0,0.0011170842349509432,0.0,0.0021216640090196636,0.0,0.006124544594951676,0.0,0.012801281233384214,0.0,0.056253810644631516,0.0,0.0014594682143011161,0.0,-0.001177741451519058,0.0,-0.0032386692764795303,0.0
1894,0.4030677373561034,0.07367750680944754,0.0003083888353731458,-0.0011005945041385975,-0.001026277757398589,0.0006963059799632424,-0.01010360031160263,0.05359214830088698,-7.754003690196493e-06,0.0031386719519631715,0.00606341913293089,0.024393383572781115,0.0,0.0011698737720897345,0.0,0.0020772561113025357,0.0,0.005570503775630346,0.0,0.011084112687041429,0.0,0.057650959105192176,0.0,0.0017744254584913088,0.0,-0.001755316465651827,0.0,-0.0034092732188714604,0.0
1895,0.39264590910822283,0.07055275506226397,0.00030937502938032914,-0.0016141313191572718,-0.0015510767001199854,0.0010066923869772556,-0.01307743570926994,0.05560547621231974,0.00855315542949746,0.002062117133221009,-0.012381452808903641,0.026073296433057155,0.0,0.001191377312860819,0.0,0.001874149973351293,0.0,0.005239985026298815,0.0,0.011295940359365111,0.0,0.059262469825946754,0.0,0.002028698285059122,0.0,-0.004972679181646524,0.0,-0.004088382854774309,0.0
1896,0.3889547105653306,0.0711871899090453,0.0003104832405244813,-0.0014680918479762876,-0.002094121306050343,-0.0010360660848958679,-0.01793451231031142,0.054388139277194915,0.01117245791459859,0.0019306525756466544,-0.01478206372520398,0.02608124331475616,0.0,0.0012216334607592107,0.0,0.001465870086453941,0.0,0.0036099543185706936,0.0,0.011332686626488207,0.0,0.05694311342550505,0.0,0.001979486786498236,0.0,-0.005068142906181841,0.0,-0.003838339574072992,0.0
1897,0.38771594803908865,0.07115821743207207,0.0003127170977103842,-0.001321265229256091,-0.0022950059222595063,-0.001493095050775697,-0.016898973512686655,0.05353191171859156,0.010765201431149982,0.003751221754223746,-0.018091097642330904,0.02619681269346451,0.0,0.0011999009417694734,0.0,0.0014290280502523111,0.0,0.0026572281873833512,0.0,0.011227604145955571,0.0,0.055880591028854815,0.0,0.001886694054810054,0.0,-0.005971823415611479,0.0,-0.003996941451700546,0.0
1898,0.38730060730860066,0.06896391939491268,0.00032471856770045467,0.0025890590050127245,0.0024270657768167823,0.0008088324145018585,-0.004942751988047326,0.04887903857778553,0.010372864877817658,0.010036190808236261,-0.010633968546333186,0.026178037985912877,0.0,0.0012400747006975998,0.0,0.0012355284638590324,0.0,0.002175564035772428,0.0,0.010907171306969736,0.0,0.053597610718660184,0.0,0.0014829069034302167,0.0,-0.010202506549916434,0.0,-0.0038422929911019433,0.0
1899,0.38585459872152117,0.068075481573694,0.0005199225752812606,0.003124413058208586,0.002589843930542362,0.0007000469581845982,-3.738482458991983e-05,0.045615765054766735,0.008600933348779361,0.007902671898802999,-0.0033408020611388665,0.02696159596951133,0.0,0.0013578727241912276,0.0,0.00137182892706788,0.0,0.0021464213154293054,0.0,0.012519036148374726,0.0,0.05499953181440046,0.0,0.0011359532184404182,0.0,-0.011772620201755428,0.0,-0.003834598215112627,0.0
1900,0.3914054210256915,0.06757319321793502,0.0005199632530752786,0.0030584551595638425,0.0035716862366627247,-0.000282620969018739,0.004860573369845919,0.03112286420132014,0.008433125823555918,0.008394029752213712,0.010565192404863193,0.027157575051446115,0.0,0.0018365256918899712,0.0,0.0012866095773918973,0.0,0.0027113383104688227,0.0,0.012285520266721014,0.0,0.054500733915245556,0.0,0.0035082342398625615,0.0,-0.014034987757264592,0.0,-0.003915806742909802,0.0
1901,0.3827034541289262,0.06537348513670924,-0.009271087154079602,0.001954862507926844,0.002925730553767236,-0.00016478192240354213,0.003000950590578732,0.027503500380088065,0.0043458435985455545,0.0076999786734401835,0.016209332368164936,0.026702054684172215,0.0,0.002131744845055443,0.0,0.001343370400413974,0.0,0.0029655278288011986,0.0,0.011666889182523952,0.0,0.0526726471321859,0.0,0.003928097917041503,0.0,-0.014312103072549417,0.0,-0.003904645799965916,0.0
1902,0.24089124911221205,0.017732510681986724,8.708052450160382e-05,0.01223841266166188,0.012652386380880263,0.014466942308224718,0.022924418854546765,0.06948749976090077,-0.0013177402006686358,0.005490114767491123,0.05186423600688244,0.005478664646790525,0.0,0.0010246877891188836,0.0,-0.0007908914842737427,0.0,0.009159989051260128,0.0,-0.0033401271361082926,0.0,0.022037680980945894,0.0,-0.012341474491115759,0.0,-0.03075560621780156,0.0,-0.004759029892812011,0.0
1903,0.24197749573262728,0.017784257776020895,8.80383269448814e-05,0.011956899096928963,0.012534302828638093,0.014364427239664619,0.023007976633780756,0.06929775489382796,-0.002133331479363571,0.004638239209090237,0.05224511716855454,0.005373613180023614,0.0,0.0010254997166127212,0.0,-0.0008415414778924542,0.0,0.009175365985217641,0.0,-0.0034125898176520296,0.0,0.02229810281982803,0.0,-0.012360148149757215,0.0,-0.03119426904613654,0.0,-0.004712774764996809,0.0
1904,0.2327717251518801,0.017376015300041764,0.00010827901798742004,0.01269850944883602,0.012636251361583853,0.015714319843522912,0.02270919561983368,0.0700649925645489,-0.003163344409336608,-0.0025340270807351984,0.05132406838021657,0.005385074134897068,0.0,0.0010257443127389932,0.0,-0.0005920712878364404,0.0,0.007369745637935391,0.0,-0.0033036152297059307,0.0,0.020954023691540608,0.0,-0.01202984004695195,0.0,-0.03143963361505918,0.0,-0.004978636879234262,0.0
1905,0.19855959954960145,0.015445251843364422,6.908958443633657e-05,0.007904986600647831,0.006971557754686842,0.011814522437133778,0.02025538966768555,0.062034665186799016,0.00018933244854233374,0.038376109460866115,0.04614013821308212,0.005615438499984876,0.0,0.001018035104670778,0.0,5.738760654551817e-05,0.0,0.007274076799499921,0.0,-0.0035277533237296687,0.0,0.02175924045642575,0.0,-0.011715490174634436,0.0,-0.027841645535868195,0.0,-0.003963111520307754,0.0
1906,0.19868620069091406,0.005433010075325467,6.908958443633657e-05,0.007454965103696741,0.006996064909092386,0.012626992671451938,0.02023779346454713,0.06161700002508642,-0.001143629648979853,0.045485934192484714,0.05353296316117619,0.005447233486604475,0.0,0.001112993151692429,0.0,0.0005039028038359352,0.0,0.008168875443350125,0.0,-0.004220130264431544,0.0,0.021254631639995008,0.0,-0.009530071469769379,0.0,-0.028839762828468514,0.0,-0.003982962601957624,0.0
1907,0.19997406745472548,0.0023872447584536174,-0.0018691616189796289,0.007002020305967217,0.006502644270494248,0.013355232697141981,0.020630669632119538,0.062152100266239164,-0.00016259028092882683,0.04521672535881789,0.06129138106577,0.005398151390508389,0.0,0.0011054488763713064,0.0,0.0005036696866157713,0.0,0.0079852827018283,0.0,-0.005230338386460435,0.0,0.02092129949946183,0.0,-0.009050393455923173,0.0,-0.028815007795145793,0.0,-0.003913079906345135,0.0
1908,-0.10649200007824282,0.011751995554633458,5.520502350430663e-05,0.03255261021325687,0.026629391549305426,-0.007233136138066096,0.03315870611986076,0.041427965406638165,0.06322199635928527,-0.014103880901174278,0.004649980087372979,-0.010322457633746724,0.0,-0.0012757522378317862,0.0,-0.0012861792269789434,0.0,-0.01863908955105478,0.0,0.0027043777995787582,0.0,0.07313442678501154,0.0,-0.0029392702781178633,0.0,0.01450507690080492,0.0,-0.004570975072235397,0.0
1909,-0.10779601812216245,0.011509850981279476,5.520502350430663e-05,0.03645720927341542,0.02864242768052948,-0.006749068280609483,0.03207858657877058,0.04131927433907009,0.061205403698750216,-0.014256760836682819,0.0038888523176686925,-0.01015050275048487,0.0,-0.0012711683491424105,0.0,-0.0012875975858152526,0.0,-0.018139088461362238,0.0,0.0026714122952339386,0.0,0.07160881898916485,0.0,-0.0029289391946659415,0.0,0.01453092647467788,0.0,-0.004459833389335792,0.0
1910,-0.10555742149574619,0.009000938004010847,5.520502350430663e-05,0.046409073743038126,0.0378727766021507,-0.0095798218012868,0.031926113317334665,0.042260120671977965,0.05780328720242184,-0.014122892061612522,0.0015061480595171802,-0.010041244900950624,0.0,-0.0012711683491424105,0.0,-0.0017700588344307616,0.0,-0.016469062107679754,0.0,0.0028775196197194652,0.0,0.06345116361711295,0.0,-0.0031801714950756435,0.0,0.014312206641863338,0.0,-0.004079447844273329,0.0
1911,-0.09979124491599865,0.0087062206665099,5.505036854539824e-05,0.06831393951304039,0.05720011669422428,-0.01117541224538828,0.029561796587556043,0.03473021589690401,0.05025343586572548,-0.013516443304344013,-0.004312395680941223,-0.00999311288754002,0.0,-0.0013668411438072406,0.0,-0.0021658322474942685,0.0,-0.015146505592701323,0.0,0.0030131615696477538,0.0,0.05047312362983238,0.0,-0.0031040966633770514,0.0,0.013353710610625543,0.0,-0.0036185090146058454,0.0
1912,-0.09893639827903843,0.008364654446648051,5.527807735789254e-05,0.07256560905836516,0.05949371764679228,-0.012207043677210804,0.029076719075933875,0.03303321751331887,0.047998179909377874,-0.014597637595091,-0.005127419099586798,-0.010809399815827937,0.0,-0.0014681855317914987,0.0,-0.0024000506775656966,0.0,-0.014894383424906996,0.0,0.0031426716823811096,0.0,0.04737381775199291,0.0,-0.003317546572090379,0.0,0.013205896585593806,0.0,-0.0035555922988880577,0.0
1913,-0.09876839598464113,0.0077281871880377166,5.516105257342176e-05,0.07293392395804248,0.06011372549494815,-0.012193014812110485,0.02914629055590274,0.033340182073936804,0.04822300137315451,-0.014452657237669288,-0.0049678324480248335,-0.010582337327969267,0.0,-0.0014681855317914987,0.0,-0.0023882344589407152,0.0,-0.014792679732600766,0.0,0.0031411979695498676,0.0,0.04664321580393369,0.0,-0.003293861319633995,0.0,0.01324627600800936,0.0,-0.0035492896162802982,0.0
1914,-0.0753772160455826,0.007528066160929527,-0.001084437382217629,0.06487953004207396,0.053118843311544275,-0.01059108520763315,0.027951623761498828,0.028678991910516476,0.04549459803366622,-0.014264100366973795,-0.00173639559963333,-0.010054073512951865,0.0,-0.0013515238175794877,0.0,-0.0021571750738161736,0.0,-0.013190654825598886,0.0,0.003344405561845829,0.0,0.038333253922285475,0.0,-0.0022853034740773197,0.0,0.015268577357632908,0.0,-0.0032726835148402227,0.0
1915,0.163588794774359,0.0612076391123851,8.79162110939774e-05,0.019328235497092006,0.015007380697115253,0.0016055298499212565,0.021420829294024602,0.05665446437651568,-0.0035126649137955505,-0.0015989722159277147,0.021965112057429483,0.006129100023536816,0.0,0.0007224133358743628,0.0,-0.00188825846245017,0.0,0.006150329658306504,0.0,-0.00641176164761937,0.0,0.01833339566044473,0.0,-0.015291852337864866,0.0,-0.012988508526259117,0.0,-0.004407872254548599,0.0
1916,0.1630235320851282,0.061558443158831085,8.844864530210234e-05,0.019471477698903436,0.014965041777829322,0.0017141088341398661,0.02140666210369717,0.0565770036079578,-0.003247232482560816,-0.0019542058619295482,0.022042562101685422,0.006160778840398523,0.0,0.0007223638642563985,0.0,-0.0018803830037976924,0.0,0.006164866283042056,0.0,-0.006341110379358684,0.0,0.01844582012395855,0.0,-0.015298297973687872,0.0,-0.013122823210286582,0.0,-0.004395806023875393,0.0
1917,0.16771337916769766,0.054907426055769336,8.75418075371348e-05,0.016213607753440242,0.0112669885345929,0.0014054772333199426,0.020023312113590278,0.0559429328151389,-0.003946273068804549,0.005098853336521307,0.024283963094483694,0.00610269449561564,0.0,0.0007821279097858679,0.0,-0.001912081947884331,0.0,0.006713315343099185,0.0,-0.0060332596952075365,0.0,0.02025901794126828,0.0,-0.015433162394814862,0.0,-0.010797555780411418,0.0,-0.00433991805977965,0.0
1918,0.15052827724049594,0.0545627709533898,-0.0017303867873182538,0.01394347451575631,0.009312796299253178,0.0005571696760006226,0.019644010226101974,0.0566312305418328,-0.00017787922705740422,-0.017376032894393007,0.026226061238486156,0.0057959406635688816,0.0,0.0007236951138743074,0.0,-0.0012940602174676427,0.0,0.0065125382784879384,0.0,-0.004815116464377913,0.0,0.018735069278232763,0.0,-0.015137066682055044,0.0,-0.010290338915263281,0.0,-0.004282222558429778,0.0
1919,0.20514194048175885,-0.0056101904500204915,4.791674700747579e-05,0.01655169178136332,0.015248628560675393,0.0010127800603208041,0.023737324628051015,0.059083405897586046,-0.025378149624490132,0.0031735844914006508,0.016259808204221477,0.0022173566032990502,0.0,0.0006318751714140631,0.0,-0.0013646120109711494,0.0,-0.020629006383857618,0.0,-0.005318682021603468,0.0,0.01347936438231816,0.0,-0.007030473675413214,0.0,0.0145640675535669,0.0,0.02014839160508597,0.0
1920,0.19768164545927167,-0.005579498476066923,5.532299713959209e-05,0.01672213719753118,0.014971313798793226,0.0004583499525872453,0.023352683491984043,0.058048098526770384,-0.02571895148641224,0.0009191642325145357,0.017092449257848853,0.0016429854330884557,0.0,0.000631890732071832,0.0,-0.0013269060157421505,0.0,-0.02133549028766864,0.0,-0.004967624057574769,0.0,0.013263092587638506,0.0,-0.007091162903072837,0.0,0.013782580656973607,0.0,0.021060690344752532,0.0
1921,0.19324795320541832,-0.004845592412774295,6.784825872060733e-05,0.017350102741585372,0.014889259639755107,-0.00022011860213599286,0.023652268188410073,0.059464060978372195,-0.02443428101766403,-0.0050432045911894974,0.021522429624549467,0.0012226876834682938,0.0,0.0006322853074806033,0.0,-0.0010351639241168182,0.0,-0.021076110298891816,0.0,-0.004700046480288026,0.0,0.012822696587437165,0.0,-0.00685045967679471,0.0,0.011248331263261096,0.0,0.021273552037176506,0.0
1922,0.18344599491944183,-0.0027051342692304236,-0.0018814895438220571,0.012523340991399528,0.010933639018344193,0.00031726388300014764,0.02257538047119546,0.05737664045984679,-0.018437268824427935,-0.011992459870291357,0.018177395768136803,0.0013914116999178712,0.0,0.0005667579237407227,0.0,-0.0004235943657962309,0.0,-0.020764624799693192,0.0,-0.00435823746219483,0.0,0.013318408836030983,0.0,-0.006963785453761448,0.0,0.015918431775167267,0.0,0.020036199166856936,0.0
1923,-0.14053516635080532,-0.016275576794790785,5.281693072309311e-05,0.11810473483541202,0.10451393521528526,0.02079270772656154,0.04284597584399423,0.08556399487753773,0.016901809160841406,-0.0021592651538342466,0.024086182795581723,-0.0061428541373284885,0.0,0.004801725197333307,0.0,-0.001773346036382785,0.0,0.017165845190704587,0.0,0.004662571207974216,0.0,-0.014164402848394977,0.0,-0.0025938811473174635,0.0,0.02287551302132463,0.0,0.0036195413934691986,0.0
1924,-0.14070362311343965,-0.0161793812808258,5.281693072309311e-05,0.11799956175606198,0.10395643335530053,0.020493827410106222,0.04246798717042975,0.08614057400761964,0.017782427262971974,-0.0022098456790954693,0.02617073071212623,-0.00613340337792653,0.0,0.004822056037583995,0.0,-0.0017727220131605024,0.0,0.017330874382615085,0.0,0.004679826047870454,0.0,-0.014046082064811801,0.0,-0.0025025744998499098,0.0,0.02295264852003339,0.0,0.0032778658288803676,0.0
1925,-0.13871200202950384,-0.016115867508959568,5.281693072309311e-05,0.11705421793017702,0.1037284106834483,0.020251293341220125,0.042125806099191,0.0868361340531319,0.01972758346857143,-0.00032009232977884053,0.02609480745266511,-0.006125199179923306,0.0,0.004783956397720309,0.0,-0.0016747333783468194,0.0,0.017105919952857686,0.0,0.004899535768251573,0.0,-0.014249060542453833,0.0,-0.002596294025861938,0.0,0.022875384743638885,0.0,0.003311652497093429,0.0
1926,-0.14412532059883068,-0.016126919367054963,5.3604805447380915e-05,0.1172540759100784,0.10383384913381746,0.020263075387485823,0.041960504318219044,0.0863992032131015,0.020514486400625094,0.0003195282950081655,0.031335284703153006,-0.00600330006331986,0.0,0.004858894505789105,0.0,-0.0016338105026743076,0.0,0.017241160864821737,0.0,0.004914700098348484,0.0,-0.013960654892990308,0.0,-0.0029507780452094844,0.0,0.02158361376558969,0.0,0.0033230723924570224,0.0
1927,-0.15480471610574592,-0.016419410392269594,5.3512643870827266e-05,0.10060919194040435,0.08605599161079955,0.02001310076355725,0.04134045588481616,0.08652919454682675,0.023695509158265012,0.0005518495327939689,0.03278126336374722,-0.00601187843501639,0.0,0.004932644149120489,0.0,-0.0016177090325630381,0.0,0.017067773376065087,0.0,0.004832985037522023,0.0,-0.012904709628493735,0.0,-0.0032996725353240017,0.0,0.02096153540055401,0.0,0.0033003344364318185,0.0
1928,-0.1550715029887911,-0.016418782174244747,-0.0003948239537529916,0.100827616330542,0.08608359315177026,0.02004819215389137,0.0412628093690649,0.08643587057541174,0.02380196023704653,0.0007986713475848888,0.03299389197212345,-0.005991848179623984,0.0,0.004932391264856965,0.0,-0.001613390688061719,0.0,0.017033280947744568,0.0,0.004758711418333404,0.0,-0.01267759677744247,0.0,-0.0033079610378363637,0.0,0.020864917789294477,0.0,0.003301244957450796,0.0
1929,0.21241740392986225,0.015285531947582308,0.00016880962167891483,0.00622957498227139,0.006005304198899797,0.017140283919377438,0.01879242338738994,0.07888218599957791,0.0058304999233250955,-0.008222757562411111,0.0447864876305102,-0.0022105599083122774,0.0,-0.0028818033068107258,0.0,0.002129870961126778,0.0,0.009797653506359319,0.0,0.012007078643551014,0.0,-0.007200214093987087,0.0,-0.005292214802966624,0.0,0.006573063772009204,0.0,0.024229517820911782,0.0
1930,0.24564475041817949,0.01951081644067695,0.00024396447752132508,0.01106423769654234,0.011062678615201228,0.020531039097583977,0.020912476605219023,0.08039375364574888,0.03191447913530581,0.005184075956960428,0.045848817415365596,-0.0007882122497217862,0.0,-0.0028565928048696694,0.0,0.0018242780144477804,0.0,0.010927495179726254,0.0,0.011426556355664273,0.0,0.0007046057448868362,0.0,-0.0038408277951833226,0.0,0.009480981412220604,0.0,0.019305612846053213,0.0
1931,0.2496022572063016,0.019464558413868967,0.00017550371480394567,0.011650557337751583,0.010936513674086068,0.01806051219881506,0.021490898075579593,0.07855349108500742,0.030149272360781066,0.008230314790071339,0.04421197521867272,-0.0007027084213058226,0.0,-0.0028609024970019533,0.0,0.0014213668770803225,0.0,0.01059774034490912,0.0,0.011127828994752465,0.0,0.005596954030177033,0.0,-0.0037981006838896966,0.0,0.011266253374198147,0.0,0.017794973043519118,0.0
1932,0.20976283592375683,0.019200140208581132,6.003403013747491e-05,0.01265467958074327,0.010476182458727902,0.01989150762959933,0.021095556922369172,0.07908375090244144,-0.016613451440091794,-0.006688732112636537,0.04380479070350201,0.0028945393968818167,0.0,-0.0021142518604299445,0.0,0.0005315385512873494,0.0,0.009027923804412962,0.0,0.009440298845631311,0.0,0.023457685190414284,0.0,-0.0037665874423849347,0.0,0.0077868029503069935,0.0,0.019091397445263284,0.0
1933,0.2183954695729148,0.017641383388948922,7.672531942103596e-05,0.011798446587771775,0.009531908988913313,0.019798706173173274,0.021563492477067375,0.08083109078766718,-0.014296582854519844,0.006626886724696613,0.04253971274317178,0.002662828069721602,0.0,-0.002678412698966362,0.0,7.082854572314893e-05,0.0,0.00866301766165012,0.0,0.008775919874075635,0.0,0.026238379194834183,0.0,-0.003350009161392904,0.0,0.006869806720645494,0.0,0.018569839993579657,0.0
1934,0.2162294475980876,0.0173680119658156,-0.00298315643347322,0.011658551187703136,0.009556924934660361,0.018761314520023793,0.020702385154817315,0.08331037165466794,-0.010989814817177524,0.004692266943384118,0.044335030432610154,0.0024904211644137084,0.0,-0.003039959428686814,0.0,0.00018883188383981862,0.0,0.008624894180716304,0.0,0.008635707341376897,0.0,0.027000555840929825,0.0,-0.003009587302616309,0.0,0.006273459327379904,0.0,0.018286645495299694,0.0
1935,0.07767149482589956,-0.005180050197748563,2.8404806272465327e-07,0.034246774645197646,0.027974898239774504,-0.00037358494047181576,0.0230049109262542,0.05889107808790438,0.02152170921525233,-0.0012823479106360833,0.03659635039304663,-0.0033465111305272504,0.0,0.0014530759511515914,0.0,-0.0007495229507234539,0.0,0.0021521222952358456,0.0,-0.06367618345917206,0.0,-0.011747741913110057,0.0,-0.004416935247441893,0.0,0.012225239710607438,0.0,0.014737979310249586,0.0
1936,0.07029951730966297,-0.004817662916657259,-1.9417094929068533e-05,0.03493235125543261,0.028857985121943923,-0.0003882585044907653,0.025661840776011045,0.059089689175108914,0.003477821154880295,-0.0009901841229635543,0.03398720382757204,-0.002243658784042933,0.0,0.0014530549933479116,0.0,-0.0007945577529581652,0.0,0.0020200092442586902,0.0,-0.05611073686252068,0.0,0.001452747719194261,0.0,-0.004279963276217259,0.0,0.01254243169835739,0.0,0.014454258705153846,0.0
1937,0.06957583410151864,-0.004026054581828606,-1.6961051800873685e-05,0.03323036542380124,0.028273813370858394,-0.0020009934555017816,0.024592399012383494,0.05741507237742813,0.005212336552403301,0.0019685434065734647,0.03259105115704982,-0.0018948674189986398,0.0,0.00141524525845167,0.0,-0.0005584550188259058,0.0,0.003076815345089015,0.0,-0.054965093322690825,0.0,0.0015074702560620755,0.0,-0.004397922754348752,0.0,0.012202538320402292,0.0,0.015383334688117952,0.0
1938,0.06565479153797069,-0.0026223531887231534,-1.1442743514008018e-05,0.027867924564827215,0.024409499408266238,-0.0024314571117216833,0.0233821131720028,0.043045085001431505,0.004440327509061096,0.05301679702833878,0.025760297740772844,-0.0024504126872346697,0.0,0.0013571927922331078,0.0,-0.0005009693318322513,0.0,0.0022194179481205057,0.0,-0.055841643680568695,0.0,0.002601775759640634,0.0,-0.004026397009490504,0.0,0.011372674912892728,0.0,0.014764068835617442,0.0
1939,0.07590511661143581,-0.0010552293173583256,-9.940958713236735e-06,0.02632828531466679,0.02634384489756777,-0.0028237062687548873,0.025929948009279353,0.026785312002751645,0.003327871494402896,0.0614727717727272,0.0059879383670754195,-0.0027021021591061953,0.0,0.0012461389550892704,0.0,-0.0004860471533630191,0.0,0.001594044331210606,0.0,-0.05545959585276849,0.0,0.002271705608604614,0.0,-0.00419591000661847,0.0,0.008935111024327461,0.0,0.014714642063037693,0.0
1940,0.07595110429859903,-0.002960536304889987,0.000364378937915152,0.02385587213479202,0.024055451576450716,-0.003812348414073516,0.028002122105063632,0.0004747464687743071,0.018957419876575128,0.06564604541511701,-0.010722239811303819,-0.004851966926970094,0.0,0.0011223659748610727,0.0,-0.0002340307484140027,0.0,-0.0006393164748025937,0.0,-0.05779064560679226,0.0,-0.00880898320796725,0.0,-0.004149012708842428,0.0,0.010480617530920592,0.0,0.015544993546655617,0.0
1941,0.14919797214800343,0.028669422882627235,0.00012186833469772645,-0.007607847921358204,-0.00321268229080331,-0.015149750669732457,-0.000479697542764827,-0.015697636468202474,-0.018181161438261356,-0.04295773023289955,0.002167006770953028,-0.009528861232723692,0.0,-0.00013426846756342954,0.0,-0.002094111506649406,0.0,-0.005896066546946151,0.0,-0.06642246776098967,0.0,-0.08078210762353215,0.0,-0.026451302266917547,0.0,-0.024252342085382725,0.0,-0.00625844003062373,0.0
1942,0.24774080016813785,0.049587424219250865,0.0001427362839445175,0.0036934538677390887,0.003942324565741448,0.0012789312765924892,0.022676828704631335,0.0029469557902577098,-0.007838060892511529,0.030366353876610526,0.048333576303479904,-0.0027286771943655164,0.0,0.0001814250220397298,0.0,-0.0009409028205754291,0.0,0.001788443488832549,0.0,-0.04041418055542724,0.0,-0.0421189962251419,0.0,-0.017897462606201262,0.0,-0.00877036566059239,0.0,-0.005153473753908245,0.0
1943,0.11041486606418345,0.011370054107395614,0.00010222001261730701,-0.00839357986199832,-0.00468099377750229,-0.01309890018956369,-0.016828428467268824,0.024226862485533674,-0.03435370819376921,-0.051126253268520806,-0.008104807120120815,-0.013477558780815645,0.0,-0.00026135246436391057,0.0,-0.002403632068240496,0.0,-0.005665387857553817,0.0,-0.07796718686301408,0.0,-0.08459446109743017,0.0,-0.028879232124385344,0.0,-0.027859417235140287,0.0,-0.00621047056007259,0.0
1944,0.11027534209183457,0.011593336506793128,0.00010186883491441267,-0.006773905764168281,-0.003817014522668644,-0.014334590753678765,-0.01520015375227764,0.03546154475020808,-0.015523620674022026,-0.050947495661487374,-0.01023751796994557,-0.012956332333881658,0.0,-0.00027744747918336747,0.0,-0.0022831310449490374,0.0,-0.004406170224596279,0.0,-0.0720385346970388,0.0,-0.08242097617320034,0.0,-0.026913420117088926,0.0,-0.02608256624061486,0.0,-0.006267852728490822,0.0
1945,0.21714806571841583,0.04055101171205661,0.00012973991595722088,0.008493775024182746,0.004717113041565731,-0.0018468204620020075,0.020409124081585604,0.06226886116627473,0.05012120200232059,0.010996742755233359,0.015500183889968731,-0.0033597259596949308,0.0,4.464720139218876e-05,0.0,-0.002491847646570021,0.0,0.0010455034088847346,0.0,-0.04596024160804704,0.0,-0.04722865594352656,0.0,-0.018224038537891413,0.0,-0.013748298395951455,0.0,-0.005037798109646064,0.0
1946,0.12677005518835466,0.01301688970751327,0.00012590334695768263,-0.0020659112070195522,0.0007138599161872891,-0.012241264930755755,-0.008117321680417082,0.031551224317839896,-0.0319472420056308,0.00044566467800448515,-0.025874522184523265,-0.011656465789119717,0.0,-0.0002687849584700217,0.0,-0.0031152499360537515,0.0,-0.005096166048466765,0.0,-0.07330082777105129,0.0,-0.08316985105227286,0.0,-0.028866150591583616,0.0,-0.02827272719099959,0.0,-0.005818452222885867,0.0
1947,0.09213109616245904,0.003640290734658443,0.00014011816410780973,-0.0027799160976406567,-0.0012991732435257888,-0.01429464681420159,-0.00489524979539598,0.02538445397084281,-0.012293812778834755,-0.030371377343331448,-0.02871900982965576,-0.015283318703199222,0.0,-0.0003820381315324425,0.0,-0.0029575600969403253,0.0,-0.005899737098464337,0.0,-0.07852816378283378,0.0,-0.08344779084328671,0.0,-0.031643941649628964,0.0,-0.027865173604424098,0.0,-0.00612216591991876,0.0
1948,0.12878119147503914,0.005402638543192733,9.485631629503625e-05,-0.002137488240990351,0.001320141347373536,-0.011345161855930298,0.006059877828860504,0.026751433999066584,0.014646880774201444,-0.03364478705367051,-0.017264983123977246,-0.012136329919390492,0.0,-0.0003331294884905172,0.0,-0.0026545315428587583,0.0,-0.003435385226742537,0.0,-0.0685555410426208,0.0,-0.05931683065352422,0.0,-0.028544494852500137,0.0,-0.019776703893021448,0.0,-0.005103468077635461,0.0
1949,0.1465493361368785,0.013390095257428394,1.7256890398508934e-05,0.0015466808767707198,0.003373675916123267,-0.006188260573017729,0.012134878925025662,0.030336976799014703,-0.013508687201627602,0.009014711811932266,-0.012873385521244004,-0.009229472969311574,0.0,-0.0002480330811482584,0.0,-0.0017460580254069088,0.0,0.0009202053629519937,0.0,-0.05157578907292134,0.0,-0.027402752988127995,0.0,-0.023288849355258736,0.0,-0.01021514584039092,0.0,-0.004615305417943719,0.0
1950,0.11523285345607086,0.005993560618086774,1.624173786804949e-05,0.0007874361816478622,0.00290358947697172,-0.009053211950508509,0.0028174719990580483,0.029960748761941193,-0.008416054471161269,-0.038186741543335144,-0.015684162186630317,-0.012475218818513703,0.0,-0.0003634841297894699,0.0,-0.0022984453851359146,0.0,-0.0031288172866638544,0.0,-0.061002062764431236,0.0,-0.03558970306855563,0.0,-0.029468101135939326,0.0,-0.018187739880063513,0.0,-0.005049974298239845,0.0
1951,0.13795324454357893,0.02018251062472093,3.023556728829498e-05,0.0032492622834656773,0.0042902719441431,-0.008969608529645338,0.012055943344926982,0.02972793254029238,-0.010012164067218743,0.0029949276611516053,-0.01713970326632887,-0.011163191391249758,0.0,-0.00017489060973322764,0.0,-0.0024718516954770064,0.0,-0.0033556808406172384,0.0,-0.05687980818588755,0.0,-0.03386853596833008,0.0,-0.02794069703627536,0.0,-0.01871093024221908,0.0,-0.004792213354961388,0.0
1952,0.135475415354515,0.020814415146815715,2.9939669818943206e-05,0.0031579566039726704,0.0041808793041908186,-0.007581166657256039,0.005759697706278014,0.03126627723706357,-0.007587536905780551,0.007254593225020378,-0.016837046243044735,-0.01171774258114334,0.0,-0.00011707944446747043,0.0,-0.0026749841330333053,0.0,-0.003720717704401437,0.0,-0.058230399754517305,0.0,-0.034216555765455445,0.0,-0.02791810858079011,0.0,-0.018939006698988937,0.0,-0.004512344689834436,0.0
1953,0.14063914970238184,0.022202076135791164,2.972262029646548e-05,0.003668210611659937,0.003529243306330517,-0.0069042023334542416,0.004129753250159461,0.03062016725093627,-0.0066113900301012244,0.0026172473262893988,-0.01627287923194266,-0.01150549245133273,0.0,2.321881945987988e-06,0.0,-0.002533673826354498,0.0,-0.0037375172974641307,0.0,-0.058690278658900225,0.0,-0.034313380629358,0.0,-0.027773601252284612,0.0,-0.01848996596401693,0.0,-0.004481888856295405,0.0
1954,0.14843574033875703,0.022089718330848388,-0.0014528629625780018,0.006141259697905548,0.006919203865250365,-0.0055926286926106334,0.0032618755841864687,0.028869456495303,-0.006275091974648138,0.010157227499465718,-0.01654349960679347,-0.008303252579624089,0.0,3.7064499473599114e-05,0.0,-0.0025356754173724923,0.0,-0.003322873206891398,0.0,-0.052985525891999646,0.0,-0.03292660336943534,0.0,-0.02676384835074878,0.0,-0.01728477140686287,0.0,-0.004481380782797198,0.0
1955,0.2827146767391417,0.015000851218251616,8.110507511458475e-05,0.02780452679368576,0.02888128868933025,0.020052333751982097,0.014158569561994724,-0.003364042056250709,0.001256375765301462,0.01560804949982425,0.02869250964540824,-0.00429704168448772,0.0,0.002123667538988436,0.0,0.003099611188123186,0.0,0.005338643300715867,0.0,0.015437390249370023,0.0,-0.0023451912424536257,0.0,0.0075137128693582135,0.0,0.042112336701435674,0.0,0.03862561260269953,0.0
1956,0.28393299758953555,0.010879376688912671,0.00026910798412261487,0.022153351945154564,0.024229096550176545,0.026822259352000898,0.015313905081476741,-0.008198858181458915,0.006450967361720004,0.0192016240952033,0.01895017899583369,-0.003097532199285277,0.0,0.0016175075793790448,0.0,0.0027427719875966422,0.0,-0.01309967681854901,0.0,0.014899401847898603,0.0,0.003839470393151696,0.0,0.0073378597065585725,0.0,0.035800297179416976,0.0,0.03824953678680894,0.0
1957,0.30087188358341804,0.0015265915333321416,0.00032883368026745104,0.018535540848067737,0.01923414410795633,0.016002482994628375,0.014449266753774524,-0.017204832233515616,-0.004027578193831581,0.01755041615848732,0.022314758512271934,-0.003259931750764309,0.0,0.0019255206872770465,0.0,0.0027694873149927126,0.0,-0.012406095227850597,0.0,0.012954242582293881,0.0,0.003533904510066227,0.0,0.006124964474052858,0.0,0.026144815991959572,0.0,0.03506393005962087,0.0
1958,0.30003984216273694,-0.0008931102044792578,0.0003447077226070887,0.01730060130872917,0.017195395927428764,0.014573982964613668,0.01530026928083007,-0.01971264262450768,-0.018802355846555197,0.017577895717979165,0.024113146135757237,-0.003885100401723696,0.0,0.001821887711918973,0.0,0.0022792130474882343,0.0,-0.014344812414631909,0.0,0.013685938230853298,0.0,0.0038644887966170264,0.0,0.006497156032215031,0.0,0.020989250022147816,0.0,0.03428525053460032,0.0
1959,0.3057208876455599,-0.0043568756716247,0.0004187114057781233,0.01704776309151557,0.01592685177756305,0.012618870933182669,0.012954937551747795,-0.02072456527764155,-0.008255242797726214,0.014775058691449915,0.02625259840078771,-0.004580092105575346,0.0,0.0017797314425882053,0.0,0.002101909520215447,0.0,-0.015331930717846536,0.0,0.012896326641262263,0.0,0.005545139008305598,0.0,0.0064913904796937445,0.0,0.017604207056497866,0.0,0.03446389526155328,0.0
1960,0.30367935969644866,-0.003970690677259215,0.0004183203931112018,0.01582216661571304,0.014908684655030214,0.01397032307842832,0.012682264213344346,-0.01731569482313597,-0.005315939521709626,0.010771244060174956,0.025922019307569873,-0.004613044370401824,0.0,0.001544784313499508,0.0,0.0021462601846759743,0.0,-0.017369023066235036,0.0,0.013193089671647958,0.0,0.004325039374307617,0.0,0.006644185196108025,0.0,0.016264562107438235,0.0,0.03293025253255709,0.0
1961,0.29445656255675157,-0.0038390821103387396,0.00045817380821789385,0.014879364283671672,0.013115850221099576,0.020357922596591436,0.01264626973100387,-0.016597394462092938,0.0075940166293643075,0.002353563029265024,0.02580860229396407,-0.0057496156382849115,0.0,0.0015166511580277072,0.0,0.0018906182064291589,0.0,-0.018777707302590055,0.0,0.013319253064306265,0.0,0.003015146481191134,0.0,0.006315848361783315,0.0,0.017128529159113986,0.0,0.0322713179431893,0.0
1962,0.29611237330194495,-0.0008741358484193239,0.00045746271575897217,0.010992496016566253,0.010724244115937165,0.02053530040627454,0.012774554173070744,-0.015580301921230135,0.011469060906674535,0.0027558904075269636,0.027401087175048536,-0.005376227733949178,0.0,0.0014763333713968872,0.0,0.0016845784862939458,0.0,-0.018849574011114922,0.0,0.013007818457094507,0.0,0.003763346048914183,0.0,0.007209674931734551,0.0,0.015883652464529142,0.0,0.031070529477260102,0.0
1963,0.28879470693116194,-0.0009439076197338464,-0.008102287149196504,0.010859434808463008,0.011197898124065409,0.012858570405265713,0.010848373084994922,-0.014877465964245724,0.014910597728432567,0.005844798645552262,0.02890475741451997,-0.0051275407859338006,0.0,0.0015173309601589887,0.0,0.0016883835308584404,0.0,-0.019117959723054113,0.0,0.01069393865083387,0.0,0.003801645650439742,0.0,0.006646536739847017,0.0,0.01537111216202861,0.0,0.029616442926272277,0.0
1964,-0.06548625078099839,-0.06009094699244048,3.887966905745647e-05,0.016200326222635716,0.017829504170974134,0.04060346623172661,0.1932723097400186,0.04121249755713792,-0.0033315817586989697,0.00010936768701604217,0.006210645283563309,0.06219020708138589,0.0,0.00019118199833897958,0.0,0.0002385171271323675,0.0,0.008899378270818692,0.0,0.0032613095340576223,0.0,0.005995871728085367,0.0,0.011099742689847012,0.0,0.029078236459518684,0.0,-0.006164141036030527,0.0
1965,-0.17584902279278788,-0.07458474575841932,3.887966905745647e-05,-0.0005326135915701967,-0.0007106242557136676,0.014844955151713957,0.05390984089971809,-0.002762387223174962,-0.023502709989795853,-0.011564829494244947,-0.002896692843346946,0.0254631229549878,0.0,0.00018792270002194897,0.0,1.9361023723330287e-05,0.0,0.0008754777172030147,0.0,0.0014188544209096197,0.0,-0.0010985901279720615,0.0,0.003932297760308612,0.0,0.024401401038297285,0.0,-0.011215716420511033,0.0
1966,-0.21111516115839044,-0.07096897541416393,3.8211347474962293e-05,-0.002815446220938857,-0.002135013414464183,0.008194594657201645,0.018108881141484318,-0.002869925669220618,-0.019092414019142818,-0.01747819834126542,-0.014212660833329043,0.020152080944379896,0.0,0.00019835972251846783,0.0,1.9603168123815178e-05,0.0,-0.0024300245582372306,0.0,0.0008572121014072679,0.0,-0.0015383618339121431,0.0,0.003985665746706839,0.0,0.02398400545979882,0.0,-0.012297961159886073,0.0
1967,-0.24077909136144787,-0.045290875418555546,3.968173670741544e-05,-0.0044523434554124075,-0.005416653824580131,0.006454279687886958,0.01571029744680445,0.001236724543133353,-0.014247433098089912,-0.015528299730964647,-0.014285712101334105,0.02066326546918674,0.0,0.00020812443451584148,0.0,3.245585849188762e-05,0.0,-0.001985696763714026,0.0,0.0011130483183298006,0.0,-0.0012288788872309889,0.0,0.004249077419872984,0.0,0.02407870473895202,0.0,-0.011986203346408016,0.0
1968,-0.07732708690592155,-0.006515114294089998,4.0798063818528456e-05,0.012626288991693536,0.014362160125732628,0.03817871319164202,0.0897303946044969,0.0224010862350341,0.045520132897635394,0.0032328091238192224,0.0008844862630654839,0.0575115484918911,0.0,0.00022533604285699803,0.0,0.00023385079058631844,0.0,0.003060252115158444,0.0,0.002549755162499369,0.0,0.005887316442466929,0.0,0.012358693199570343,0.0,0.04111391223281,0.0,-0.006103836500121703,0.0
1969,-0.1744760757133846,-0.03203335782543852,4.1420655628711985e-05,0.002642075432425517,0.0026024765919871696,0.011261647338173881,0.007786056951884451,0.004758972652796986,-0.0172811029113515,-0.00964691259977853,-0.01647448698475465,0.022014134407024797,0.0,0.00023693247697984915,0.0,0.0002068880971891714,0.0,-0.001876493067034645,0.0,0.0019398240574650114,0.0,-0.001198723789424862,0.0,0.0037166717784299563,0.0,0.03877187879847983,0.0,-0.008076258484286713,0.0
1970,0.14868533268939446,-0.04904154298842389,3.460169470982764e-05,0.02942823791348162,0.03285327946014563,0.023866137186229187,-0.0007356672418588985,0.03945029099899099,0.008830635122984763,0.006404817327637483,-0.017928103542891954,0.020634826661009218,0.0,0.00031632373232524973,0.0,0.0009300940769916026,0.0,0.0008039691138618969,0.0,0.005153198767512237,0.0,0.0006317693996522461,0.0,0.0027569332413954245,0.0,0.11987425543233506,0.0,-0.0033582059699436176,0.0
1971,0.0828501308045278,-0.11524042185860542,3.663109828151679e-05,0.012307428785630134,0.01421061034543884,0.003264950948347566,-0.02708559779978752,0.000926959826878245,-0.045318313781214294,0.003979329515451771,-0.042710443801116625,0.011346511407547213,0.0,0.00031746792997536027,0.0,0.00014862189539057046,0.0,0.0003673793882637763,0.0,0.004327182722736853,0.0,-0.0030577422880152163,0.0,1.1936995671348992e-05,0.0,0.06339030461990644,0.0,-0.003877716834131848,0.0
1972,0.20748175277497394,-0.012585801264962391,3.740301455434885e-05,0.035992820733022825,0.034744705442969266,0.01086102353376489,-0.005928752043152588,0.013652866865999388,0.0005265908067253168,0.013141958612530268,-0.006405381926544436,0.019647457084127996,0.0,0.0003325293480130416,0.0,0.0008467201527832707,0.0,0.001547949352294474,0.0,0.0062436230550559114,0.0,0.004120854216401637,0.0,0.0005495024627876839,0.0,0.12728261663842882,0.0,-0.003080911265218974,0.0
1973,0.22881329881032977,0.011211159352747246,3.386554230856209e-05,0.04122643506722092,0.04359673071433419,0.01248519697263745,0.0019465525467006269,-0.0035286453616660287,0.012659315024738856,0.013698623776519698,0.021782503029311222,0.02466306382534634,0.0,0.0004831826499223826,0.0,0.001380415476824922,0.0,0.003788855935551404,0.0,0.0072352636747294585,0.0,0.006033817682600534,0.0,0.002432082800878494,0.0,0.14086510157403592,0.0,-0.003229058838324682,0.0
1974,0.20883218903798406,0.009780339955157364,2.981020962850869e-05,0.03936285980293865,0.039923800946321815,0.008082073244646108,0.0028062274657504114,-0.01547191667326071,0.004690825542430054,0.013072373667073443,0.03366613679236082,0.023791174212626345,0.0,0.000654421213836508,0.0,0.0012045256972962,0.0,0.0043798061411067105,0.0,0.00676536391214602,0.0,0.005941784652519187,0.0,0.0026291041655442365,0.0,0.13150240253891482,0.0,-0.00328254450540948,0.0
1975,0.09689609536884208,-0.06519675328854191,2.4248372332549763e-05,0.009928037094113648,0.010682410887908299,-0.006928013105727801,-0.03714132098776875,-0.039804467091357265,-0.0708801778434795,-0.02299201182647765,0.01507240227474317,0.013892055995028069,0.0,0.000523347340503601,0.0,0.00032198729845010304,0.0,0.002689584442222488,0.0,0.005101798508812318,0.0,-0.0013904676478214877,0.0,-0.001115719804806646,0.0,0.05754685420938675,0.0,-0.0036789755771994316,0.0
1976,0.23978151496210723,0.01723468282804364,2.8452198201418224e-05,0.03222750381187535,0.03419837300586263,0.004963185417478745,0.000540681817398733,-0.013028411859669273,-0.02405924200579171,0.002377529571545233,0.07677187187406634,0.026915522194068002,0.0,0.001481104813017499,0.0,0.0017268994539768497,0.0,0.006255180314348906,0.0,0.007779565191743719,0.0,0.00760860635846865,0.0,0.004301730220863811,0.0,0.1123191775884752,0.0,-0.0031660780138741767,0.0
1977,0.2600912325922474,0.034653429411479114,2.8403207309869184e-05,0.03723739476866502,0.03859090532204252,0.004741262920284536,0.004707322801610804,-0.009856953925480224,-0.014532445260575946,0.005938115739672072,0.08237002766211964,0.029936680329842973,0.0,0.001338085665616397,0.0,0.0016935660687711167,0.0,0.006691141937358212,0.0,0.008471182134509083,0.0,0.008936437109939566,0.0,0.004190373880861777,0.0,0.12242066938835908,0.0,-0.0030220916321138836,0.0
1978,0.26284583702579545,0.03485170685648094,2.993969239050382e-05,0.03794685008962928,0.03861067364593972,0.0039239354174490084,0.0043081399148449,-0.008722456007491585,-0.01364758950641198,0.006360104026303483,0.08513730717360223,0.030431728851296788,0.0,0.0013761159195269316,0.0,0.0016973282712162677,0.0,0.006778527176014914,0.0,0.008495756178447734,0.0,0.009014593153866369,0.0,0.0038511018075025392,0.0,0.12097525443453483,0.0,-0.002928704602446571,0.0
1979,0.2610038801605667,0.03339142715143598,3.181930194199362e-05,0.03769908515198035,0.038323331054607175,0.0026571870119608924,0.004404766007700435,-0.009564889482867907,-0.011250604351732113,0.006382081580654495,0.08544725438439908,0.029839511263338482,0.0,0.00140149138816999,0.0,0.0018434021976642483,0.0,0.006574428182517949,0.0,0.008463761918178733,0.0,0.009063214754674918,0.0,0.003283156275967087,0.0,0.12085256133993219,0.0,-0.002984988703248196,0.0
1980,0.2638185592679874,0.03180736635721514,2.6769382757777612e-05,0.03622792079327175,0.037018929787211136,0.0027805592251129996,0.0033494300619201583,-0.012027096497236966,-0.005989950120550269,0.0052309218186036245,0.08762750131188345,0.029288143723773235,0.0,0.001404218973886172,0.0,0.0019680903422861326,0.0,0.006569486560435989,0.0,0.008492522207976028,0.0,0.00908228746199995,0.0,0.002972226571498362,0.0,0.1235639499079529,0.0,-0.0029942558521551506,0.0
1981,0.25834674983947375,0.03002444532055254,2.7180770184294437e-05,0.034358520880539686,0.03582712295004519,0.0028518767462934994,0.00528221299233445,-0.013245879428864385,-0.004304020432862814,0.008135120069258225,0.08729139895841476,0.028301638047913087,0.0,0.0014233336262271259,0.0,0.001918150737155837,0.0,0.006615727135100178,0.0,0.008728326388623694,0.0,0.00965337663145332,0.0,0.003099076664124638,0.0,0.12779078681441391,0.0,-0.0030261316572121884,0.0
1982,0.26142699601165587,0.02617764021275508,2.6704660371069426e-05,0.029427993107457088,0.0318790259494956,0.0019134633561456314,0.0056483533077393904,-0.013657771057382239,0.0021493065312079237,0.010432162097402041,0.08584338308676827,0.02793413385997774,0.0,0.0014571648293406623,0.0,0.0017276695481481836,0.0,0.0068062232901157935,0.0,0.008880934331170648,0.0,0.010025963632274626,0.0,0.0029894129021584364,0.0,0.1287080176601977,0.0,-0.0029349007291549533,0.0
1983,0.26846381655802415,0.026538529897156923,4.266132424993313e-05,0.025872616316438123,0.029294373755219663,0.0009747678888101489,0.0038185887131709857,-0.014098101023757083,0.004025575802198624,0.010597031207022342,0.07870306896892625,0.025445271980486066,0.0,0.001457376103893434,0.0,0.0016405704476264724,0.0,0.0068905286486885,0.0,0.009125511769442752,0.0,0.010564227972247387,0.0,0.0027451634379465194,0.0,0.12774794995790553,0.0,-0.003054767231811615,0.0
1984,0.26364843963993795,0.024295358214797825,6.278944902999141e-05,0.024041823636260534,0.02676598614326792,-0.0001245499901650859,0.0033140828030378865,-0.015414512623009188,0.0006153153496123655,0.007105552851279301,0.07217405631747106,0.025653686463929033,0.0,0.0013890849198341926,0.0,0.0012187201873990789,0.0,0.0033145185742709626,0.0,0.009050629343136938,0.0,0.010063947314327516,0.0,0.002279755543065386,0.0,0.1302276234281377,0.0,-0.003088887353616408,0.0
1985,0.25053950111321305,0.022853122274534468,6.243797334150093e-05,0.0213494110628071,0.021103400721309666,-0.001305077413378622,0.00318349158495788,-0.015845777830628283,-0.0006968059223278853,0.001991097693794214,0.07601387963161751,0.025912684909369998,0.0,0.0015796508997359235,0.0,0.0015041373574105267,0.0,0.0032035711465519022,0.0,0.008592800728884508,0.0,0.010053375392599907,0.0,0.0026423636426539466,0.0,0.13595641077684562,0.0,-0.003353051951869873,0.0
1986,0.24773983115985634,0.02441662471061311,5.6963594115311984e-05,0.020824194557754663,0.020148370166652642,-0.0020625819173796024,0.003614167283490181,-0.013814841617341814,-0.0021539917264057533,0.0002464084136680725,0.0779014273128124,0.025698417456055243,0.0,0.001519680010712204,0.0,0.0017698213389593955,0.0,0.0031800721209028974,0.0,0.008488111779705836,0.0,0.009903374078943667,0.0,0.0024864989967629454,0.0,0.1308201683984191,0.0,-0.003272069955509034,0.0
1987,0.2390260681987315,0.02359637100173526,5.661802617019779e-05,0.023464067472662904,0.022964417701962645,-0.002405676604152215,0.0005489889675782513,-0.01214888452787225,-0.006128465205847539,-0.0030603244496014833,0.07708940797249597,0.02543116831750897,0.0,0.0014873106920260722,0.0,0.001578319238181315,0.0,0.003895177456739457,0.0,0.008450829171330087,0.0,0.011088606898998868,0.0,0.0019069896859818267,0.0,0.13174309486443947,0.0,-0.0033776892755653645,0.0
1988,0.23542433253415487,0.02296758536596675,5.640270353234128e-05,0.022061665966771827,0.02135878537552716,-0.0021302999929220553,0.007987905269518336,-0.014335916308467145,-0.006638019974156925,-0.0034033104008660002,0.0735278246922808,0.025870690262808298,0.0,0.0014358226039290565,0.0,0.001375985493685882,0.0,0.0036544143941280157,0.0,0.008474909677434177,0.0,0.011173054592978158,0.0,0.0017401397860739233,0.0,0.12479028256343776,0.0,-0.0036086777942582232,0.0
1989,0.22324363832843522,0.022409498459812945,5.640270353234128e-05,0.021666322954226384,0.02008508398307966,-0.002473580326392997,0.00929724148038009,-0.01723094626997086,-0.006456996245127723,-0.0031273926337513675,0.06590683514658992,0.02575471208447108,0.0,0.001539547892907321,0.0,0.0012959566946427132,0.0,0.004164217460519879,0.0,0.008218267525350419,0.0,0.010560111127492455,0.0,0.0017317265809004745,0.0,0.12809130467363133,0.0,-0.00420117122975476,0.0
1990,0.213881120678904,0.02067681708873583,-0.0008504806914363903,0.02100802068912168,0.0177307264527075,-0.0026027867950791962,0.011927922721625813,-0.02464204614260509,-0.009484868260681562,-0.0021888551985353773,0.06290596227390474,0.02523411663740656,0.0,0.001541610628070585,0.0,0.0012878506758121793,0.0,0.00425691239518496,0.0,0.008242822135233363,0.0,0.010651035365940935,0.0,0.0024397151834865067,0.0,0.11987268299263022,0.0,-0.004914545419318146,0.0
1991,0.19717486288225955,0.02681505352020395,2.772232457803501e-05,0.021994238277538967,0.01883114879653061,0.04912867762967679,0.000528687505823542,0.04712788547216151,0.04025583039204913,0.0838171526572282,-0.010493976315520239,-0.001469312976113919,0.0,0.00037694391167292495,0.0,0.0008094970571823844,0.0,0.000852406129842611,0.0,0.007146197077553802,0.0,0.00084053980497708,0.0,0.002901420536966368,0.0,0.08918284506625755,0.0,-0.0026772183308090224,0.0
1992,0.2030527234286117,0.028024550446716423,4.185055619141685e-05,0.028137285320999093,0.024402889215437127,0.04990472341595769,0.0018078387073328377,0.0525378581551908,0.02695318143548633,0.0911884966264584,-0.006173105868352719,-0.0007947300479178695,0.0,0.00037202769104734845,0.0,0.0008336182126947797,0.0,0.0017153177733908332,0.0,0.007194228454810497,0.0,0.0025000958883524896,0.0,0.0018146434025948384,0.0,0.09116645420960652,0.0,-0.002426571555333043,0.0
1993,0.20463508692633536,0.03528386892582985,4.250087759753336e-05,0.034765119168430905,0.03391415546168559,0.054235009752446196,0.0036514955459216896,0.05976390802754102,-0.007811578800300563,0.09492654727167395,0.004348642398002905,0.0008953760685891213,0.0,0.00036838966055904133,0.0,0.000817548525773612,0.0,0.0015363441997329186,0.0,0.006813103219879867,0.0,0.002124489691453245,0.0,0.000844084811507924,0.0,0.08593615360905185,0.0,-0.0025326193131530632,0.0
1994,0.19447868909177507,0.030843095028135398,3.8393272364962625e-05,0.03602983116423838,0.03419550208687545,0.05099938099582968,0.0011213472326909247,0.06217442445035806,0.006198781432661439,0.09479255735096649,0.01971656936290365,0.002279037644436049,0.0,0.0003615643348355759,0.0,-0.0037082058343296436,0.0,0.0017869273254139458,0.0,-0.007085131011641222,0.0,-0.00032359253000355573,0.0,0.0008041381748197074,0.0,0.07861194257790913,0.0,-0.002180444913627542,0.0
1995,0.19438559086646398,0.02911430464948179,3.54893959442398e-05,0.03487299886719048,0.03198792304548074,0.04849996695539357,0.00024053292011114174,0.05674886024846439,0.007547873258313983,0.08715225869524577,0.005394656831959312,0.0014835716415488962,0.0,0.0003627015947871705,0.0,-0.0034372874052146477,0.0,0.0016940740117922755,0.0,-0.008282803834184541,0.0,-0.0011050256135072978,0.0,0.00020221550402138027,0.0,0.06746588536499828,0.0,-0.0024459819988149156,0.0
1996,0.18625496144373704,0.019466804025019768,4.752757873642253e-05,0.027163876913503585,0.025994900027152646,0.04732410184065486,-0.0009856934702016124,0.0452276847943871,-0.018160395344906693,0.015480418657896452,-0.03128356769280905,6.127197803248942e-05,0.0,0.00034344249081966725,0.0,-0.005676352892071995,0.0,0.00040573861825934893,0.0,-0.008052830079444994,0.0,-0.004408573509880902,0.0,-0.0018549648262750746,0.0,0.05529352387332608,0.0,-0.0031849195383152535,0.0
1997,0.07317857741433687,0.0006607389488064631,3.690915175864372e-05,0.007726075655031249,0.00604670542177441,0.017979622544768144,-0.008050447224734743,0.0047416491409924925,-0.09757180271117923,-0.008882878968001495,-0.09196576799180448,-0.003953276484789727,0.0,0.00033935547833281634,0.0,-0.008424608915944628,0.0,-0.000171945791404845,0.0,-0.012908484690259207,0.0,-0.011122949706705616,0.0,-0.002644846796574301,0.0,-0.003703277067718231,0.0,-0.002903846657766964,0.0
1998,0.08150303871856379,0.0023554644045447977,3.665256604512347e-05,0.009512676263278825,0.008134779549301002,0.014118903095569763,-0.011696732031216739,0.008767822789933386,-0.0989304534145269,-0.013087459767211825,-0.052639682216429284,-0.003463925195203663,0.0,0.00033244417610475615,0.0,-0.007577413367226884,0.0,-6.959625218776083e-05,0.0,-0.013091192457234046,0.0,-0.009606829382741546,0.0,-0.002512501873234271,0.0,0.0029191383932733847,0.0,-0.0029083580826993766,0.0
1999,0.17506824481325042,0.01871769858832838,3.670711784194657e-05,0.03237962620117028,0.031699981067402655,0.043965015695519694,0.00478324247046653,0.045241041146025784,-0.03843767037542222,0.005833414174729797,0.01574479662124825,-0.0004939065483919702,0.0,0.00036376767165387637,0.0,-0.0043429478962857945,0.0,0.0008006803301905407,0.0,-0.009327251426683402,0.0,-0.004480025789759828,0.0,-0.0009873885730458103,0.0,0.052390606018097405,0.0,-0.0027201529287832924,0.0
2000,0.09933255411229629,0.004342325988647193,3.682499411434716e-05,0.011114876035562115,0.011407027285752946,-0.014387897189176675,-0.004410614317575281,0.0016332773093355188,-0.12044240218098251,-0.009173139527814645,-0.020458493848168773,-0.0049100621261118195,0.0,0.00035278213997801344,0.0,-0.007846265625956429,0.0,-0.0005696860118513987,0.0,-0.012636485408539861,0.0,-0.007952771558071298,0.0,-0.0030938031395707664,0.0,-0.006230148046129234,0.0,-0.002892554736372551,0.0
2001,0.1727637065207118,0.019147640181626287,3.7077996644080596e-05,0.03501729564836353,0.03640334068660811,0.06259576227798203,0.0051917157612748665,-0.006160045133555559,-0.03436951305400383,0.016429314310293985,0.006058845639273874,-0.00016782828161835471,0.0,0.00035789735511393737,0.0,-0.005782800875768969,0.0,0.00019176482233884985,0.0,-0.010971251549517495,0.0,-0.003867431213412141,0.0,9.308347448084379e-05,0.0,0.05054370776543007,0.0,-0.003003873305944583,0.0
2002,0.09355375562805342,0.004427231423240806,2.8852976965285242e-05,0.01721129413202722,0.015654077505057592,0.013187112008685482,-0.004481649251503908,-0.029787220499741737,-0.08072800818547746,-0.018288503053374462,-0.028537216165304507,-0.003951071892853754,0.0,0.0003430417460131848,0.0,-0.01385419142397124,0.0,-0.0003647749867951539,0.0,-0.01920665145380913,0.0,-0.009405755476797778,0.0,-0.0032486584854368745,0.0,0.008786089319531185,0.0,-0.003513908596574579,0.0
2003,0.19850415417479472,0.02488038803834318,3.4377249189828975e-05,0.03939532781423182,0.03999093383634089,0.049387978241770776,0.006747421539969217,-0.008424035994774657,0.00762011703707129,0.01563914906332717,-0.014739676619608904,-0.0032868317993675943,0.0,0.00038620400536507846,0.0,0.004551769068152762,0.0,0.000659608403047829,0.0,0.008332601919707437,0.0,-0.002931032353619488,0.0,0.0008456072714992208,0.0,0.06766795602252003,0.0,-0.003031012813337575,0.0
2004,0.11630960269459499,0.0053276151298706316,1.3717499999377084e-05,0.010691848878771447,0.007249795027270026,0.021430990454959213,-0.004781155282391757,-0.02802901535323483,-0.0459718304075227,-0.07658581247847997,-0.035275374862809586,-0.009253417860205322,0.0,0.0004015451907275959,0.0,0.0013311861667639983,0.0,0.0004996669489925217,0.0,0.005964769167461668,0.0,-0.00925831390642461,0.0,-0.003176400984941132,0.0,0.017551723881636325,0.0,-0.0030602476572402595,0.0
2005,0.23498867654948744,0.02330512473125582,2.3762107013503345e-05,0.024005889071141633,0.026189764192136936,0.044963036891607175,0.004395759130916332,-0.004112923780035344,-0.01130598241723169,-0.009608861834045418,0.06812726271089371,-0.003195555779964059,0.0,0.0010875581353771927,0.0,0.00406458040901031,0.0,0.006432868073684408,0.0,0.00801659624700002,0.0,0.002410605995986187,0.0,0.00017518455153921585,0.0,0.04957447806242945,0.0,-0.002631203731052683,0.0
2006,0.27645267042915456,0.02170466834101981,2.480947000873024e-05,0.022226886467960668,0.025131434882778865,0.04034484885175919,-0.0024128540062014468,0.005286122350575337,0.04541995442009379,0.006195793678549074,0.07119827886753265,-0.002137522600012811,0.0,0.0009219274378460482,0.0,0.003355017568386021,0.0,0.007170936349275849,0.0,0.008250059668871565,0.0,0.003783585804854066,0.0,0.0011921840400606306,0.0,0.07733983148143138,0.0,-0.0024838486386949215,0.0
2007,0.284388409073463,0.02090038560283336,2.3933524465310956e-05,0.021126395976329846,0.02248162410654113,0.03981080888349155,-0.0037049040889807904,0.004743588803046508,0.054519122704433966,0.007249100839711766,0.0846583353806738,-0.0012364319244543313,0.0,0.0008351061783708323,0.0,0.002775746004961052,0.0,0.008018383673404126,0.0,0.008478701467492921,0.0,0.002330871514205541,0.0,0.0007551913976565387,0.0,0.075695210171293,0.0,-0.0025134297704474807,0.0
2008,0.2894772715642359,0.020514088672935638,3.368694209338189e-06,0.017920042021593554,0.020216539846993155,0.040500322592838395,-0.0034671478896039706,-0.0027193157100976898,0.06335449911848699,0.005244374738670952,0.08635171374505683,-0.0012470160590033967,0.0,0.0010029414391726106,0.0,0.0026702751501138764,0.0,0.006357863972406841,0.0,0.007692990037165721,0.0,0.002671981440250925,0.0,0.0003590533596212847,0.0,0.07794281774199144,0.0,-0.002391946725881567,0.0
2009,0.2940324584556814,0.019515816833106065,-1.3091042700657033e-05,0.017419372621158388,0.020637394377126948,0.041437554865924986,-0.002987249274527975,-0.012126485053868933,0.052632992843628455,-0.0009488754776560166,0.0897635012961072,0.0005066781016928571,0.0,0.0010999027454870929,0.0,0.003051133899570125,0.0,0.0059538584059282244,0.0,0.007350079408343541,0.0,0.005900700978702869,0.0,-0.0004966846192681154,0.0,0.08547803759015339,0.0,-0.002463788599406487,0.0
2010,0.2878411078835494,0.01858075795778224,-1.2373541076333596e-05,0.016447653628343176,0.019919474490866215,0.04102008875963774,-0.003744925391286795,-0.009145124820483427,0.04991759699615042,0.005945780597770458,0.0865404103831671,0.000794320382288243,0.0,0.0010647223391778361,0.0,0.002958618780665888,0.0,0.005124694236056307,0.0,0.007204954019287197,0.0,0.0050757133204602225,0.0,-0.001388312035589627,0.0,0.08440447427150492,0.0,-0.0028734379970476987,0.0
2011,0.27276978688234277,0.018462117149616247,-7.567740388910151e-06,0.014595519951288757,0.017646734382339914,0.038701179927655434,0.00010457993104464477,-0.018701031493991577,0.0541802387863083,0.007833599304090852,0.08104784429798896,5.056034482077147e-05,0.0,0.0010188503915237294,0.0,0.003043099469162271,0.0,0.004644438016499671,0.0,0.006684641667691573,0.0,0.0061694731570467905,0.0,-0.0019140417430789608,0.0,0.08103018926112285,0.0,-0.0030039281964030686,0.0
2012,0.23193096504510471,0.01803784664822047,5.444608506937322e-07,0.013397644757522455,0.014828740584312545,0.02422799073227969,0.003063772219554736,-0.005246330088528282,0.041979406139991404,0.0601143786874404,0.05055801701599633,-0.0017792165151075917,0.0,0.0010599332485840508,0.0,0.0020835155449505996,0.0,0.005596509720593521,0.0,0.007662478288765532,0.0,0.0058766292582997605,0.0,-0.0014994220846005653,0.0,0.0742666116331538,0.0,-0.0020721879265423815,0.0
2013,0.219841944513512,0.019131225542031054,1.952275754945066e-05,0.012363814122564955,0.014629460725619828,0.018281194708840175,0.0037472760867809556,0.007689218164897868,0.04946272089351808,0.06570441855448432,0.04176247655919675,-0.002351112319625041,0.0,0.0010358405301596164,0.0,0.0019212008431913506,0.0,0.0049116296951367214,0.0,0.007572775078435657,0.0,0.004109091648900376,0.0,-0.0011882268044768629,0.0,0.07744716497427785,0.0,-0.0020038089041543804,0.0
2014,0.19937716253700866,0.01463631593307634,2.673883862833663e-05,0.0162694063863125,0.01596913476204256,0.020907773294694766,0.001966115477840912,0.027736618279705392,0.04962074649610017,0.07580616147035146,0.0005464818751929692,-0.0028494623097655293,0.0,0.00040541007544475947,0.0,0.0016721201462543075,0.0,0.0014490344241776581,0.0,0.007150539345522751,0.0,0.001358049852091378,0.0,3.194178091900802e-05,0.0,0.08617879958278875,0.0,-0.0021354666941005565,0.0
2015,0.19528715707048142,0.016835471073402497,3.474720902117539e-05,0.017740987130922828,0.017900300801280702,0.05203075907525059,-0.00011510150400422313,0.043924113649370926,0.035049125004193785,0.0859892489399252,-0.02146813201487914,-0.0018650668429641066,0.0,0.00039383776082423273,0.0,0.0016789402551132056,0.0,0.0021006637077995056,0.0,0.007418635669868603,0.0,0.0014277298367414081,0.0,8.339997642506905e-05,0.0,0.09205991416334568,0.0,-0.0024189035912791598,0.0
2016,0.1886243480738607,0.017332758088835675,3.209142077587657e-05,0.022466320745207137,0.021355410203687312,0.05636274865045183,-0.0011722636595993935,0.042269649395438626,-0.009305924528492621,0.08877980180465374,-0.01860153289147706,6.924592603620145e-05,0.0,0.00040399104333079856,0.0,0.0017880779809362208,0.0,0.0014280186757200846,0.0,0.007182602675151118,0.0,-0.0010790175152187583,0.0,-0.00011681930958680042,0.0,0.07108449230227631,0.0,-0.0029817198095799767,0.0
2017,0.19557269026221422,0.01825587071847353,-0.000468636928902016,0.021821675664729378,0.01966159450150093,0.053255138038214266,-0.0003939705741356052,0.05032258434142177,-0.02661427869345863,0.08664267880763682,-0.0018947251763675869,0.0002232971361450743,0.0,0.00041024000606937653,0.0,0.0014529039043543386,0.0,0.0015032985934194164,0.0,0.007112720953822222,0.0,-0.0010823855767932706,0.0,-3.2804316790574004e-05,0.0,0.06307864364736501,0.0,-0.002904256036511568,0.0
2018,-0.3018052798020456,-0.007688594506305419,2.031354599487068e-05,-0.013821772128856415,-0.014835477131420667,0.008273354266806587,-0.010205849270073706,0.013150596737340401,0.008387373768811582,0.0003942892643741168,-0.004631502668491573,-0.006896883201101212,0.0,0.00018238352985892745,0.0,-6.956132193223828e-05,0.0,-0.00449466328341328,0.0,0.0030360271706202997,0.0,-0.015400367995402207,0.0,0.0030632316964023026,0.0,0.01856070063013083,0.0,-0.006969418104954567,0.0
2019,-0.2768974633614221,-0.005693965916951497,1.3233707785091294e-05,-0.016595379028435477,-0.017162745799224045,0.009053487044993043,-0.007604132497036342,0.012253818644023903,-0.01915927449080135,-0.005147046625537219,-0.012387177560212268,-0.00854947095611084,0.0,0.0002016516670413282,0.0,-0.00011650343066337968,0.0,-0.0038342015925433405,0.0,0.0031199119204109076,0.0,-0.015723714876653066,0.0,0.0016040534107261517,0.0,0.011161473132439382,0.0,-0.0048961533140528144,0.0
2020,-0.2718546138634653,-0.005173293629923503,1.7790258680487022e-05,-0.016833882699999747,-0.017779199334312316,0.008244017098184384,-0.003965972744560001,0.012890027319430944,-0.02685641766882821,-0.007875303268202459,-0.013624522706443381,-0.009016341013451754,0.0,0.00021315782516154037,0.0,-8.45592953297655e-05,0.0,-0.0032646263020308483,0.0,0.0032208641386661354,0.0,-0.016471129552948785,0.0,0.0014258225697213322,0.0,0.009753282991097043,0.0,-0.004917541206981656,0.0
2021,-0.27457446820259584,-0.0037829628032070356,2.5871242149763464e-05,-0.016646875666681667,-0.017086051085742272,0.0055465033735173285,-0.0027984027441737766,0.01321529998943744,-0.027848916821942963,-0.009019070758230349,-0.01428488945417973,-0.007665170439858125,0.0,0.00023324202126955148,0.0,-6.353500251327532e-05,0.0,-0.0025486516401666682,0.0,0.003195221361863583,0.0,-0.016861473753459463,0.0,0.0015354920098762084,0.0,0.010117828833115121,0.0,-0.0037599997766755277,0.0
2022,-0.2802288681471291,-0.0037332332333474168,2.579239480289408e-05,-0.01681271193526536,-0.017212090014830667,0.0076058814569425065,-0.002960529553239375,0.01209087696495662,-0.0201408288261751,-0.009633520601421109,-0.01380129745905554,-0.007811963810089263,0.0,0.00023369667863006974,0.0,-9.10097978141468e-06,0.0,-0.002460733708583271,0.0,0.003172119467747513,0.0,-0.018412371710104375,0.0,0.0012667649183701207,0.0,0.009391289767078119,0.0,-0.0036401809877019994,0.0
2023,-0.28120717801330136,-0.003829261044192815,2.587805735056248e-05,-0.01672544864381053,-0.016923166344698332,0.00942604265686168,-0.002421341269040993,0.011745935560867941,-0.019347952950854824,-0.010242558570737843,-0.013652685312293246,-0.007942008474735529,0.0,0.0002362243820156292,0.0,-3.1786137865839875e-06,0.0,-0.0024465947927264616,0.0,0.0031689753084145587,0.0,-0.018868801014758064,0.0,0.0008439267703829828,0.0,0.008780082787876823,0.0,-0.003687899797029484,0.0
2024,-0.28986971277155493,-0.0034472555943587664,2.6621922783885232e-05,-0.01683545012431819,-0.016839952680317204,0.021664454320588028,0.0009992154906722087,0.011066985861735917,-0.020207920937539498,-0.009136328750440459,-0.013025830961540221,-0.007959016166166028,0.0,0.00023639911788649295,0.0,1.5887687085154843e-05,0.0,-0.002657771027130503,0.0,0.0031874683127524543,0.0,-0.02021030139006841,0.0,0.0006706664025849384,0.0,0.0031513995910682113,0.0,-0.0039005676219207547,0.0
2025,-0.289294879216499,-0.0035143215888685524,2.6614653059387576e-05,-0.01681510859498119,-0.01693941707541709,0.02161646436568671,0.0018370667112082779,0.011110698377382483,-0.02042205525099513,-0.009838680836306487,-0.012942838242940263,-0.007941359101223861,0.0,0.00023563570220571669,0.0,1.650860009195275e-05,0.0,-0.002945176100088038,0.0,0.003196057606159909,0.0,-0.020107084753949293,0.0,0.0006928091559455776,0.0,0.002974144817957856,0.0,-0.004016088546626547,0.0
2026,-0.2908651849491542,-0.0035693785611705035,2.664903535713274e-05,-0.016901444123154342,-0.017119015469792647,0.020988457148024834,0.002349747703044551,0.010759611127349659,-0.02032326377577133,-0.006266446348058311,-0.012836571162244521,-0.00796617719039452,0.0,0.00023240867214353357,0.0,9.753308808332641e-06,0.0,-0.003233118792338249,0.0,0.0031464247605196183,0.0,-0.020143086694863536,0.0,0.0006510871839605945,0.0,0.0020025782695939106,0.0,-0.004014039460057812,0.0
2027,-0.2905889362766475,-0.0041485099532642305,2.664903535713274e-05,-0.016758552874233487,-0.016921321675780046,0.020764230488934544,0.0030871108486741944,0.010481540829597614,-0.020675994620097206,-0.004723037264995549,-0.012694548987972646,-0.007930871459724407,0.0,0.00023128221852431377,0.0,1.2145325744182153e-05,0.0,-0.003541373411268137,0.0,0.0029558545819780148,0.0,-0.02023562416825846,0.0,0.0006166203174173793,0.0,0.0009660532247816473,0.0,-0.003993725496964955,0.0
2028,-0.2906215020316312,-0.00475125885056364,2.6717518022702362e-05,-0.017029848326615853,-0.01746857671304858,0.020745427908027435,0.005069027737555081,0.010547681454947047,-0.021315865389991532,-0.006057682453305621,-0.010114638115969786,-0.007971466882380858,0.0,0.00022759924767586816,0.0,-8.370780250698242e-07,0.0,-0.0037459686815463343,0.0,0.0029075591950160234,0.0,-0.020214928185919,0.0,0.000602189250125779,0.0,0.0011980868762461589,0.0,-0.003984157564153694,0.0
2029,-0.2941409907042189,-0.004651264094910894,2.6283646923817493e-05,-0.016436540606418897,-0.016812792938202235,0.01994238356893591,0.0029633243688242427,0.009792456187088438,-0.020751029422057955,-0.00717899240083164,-0.005385658450254239,-0.007907677605773253,0.0,0.000242629671580942,0.0,-4.076299674427842e-06,0.0,-0.0035338308084014607,0.0,0.002931439009608315,0.0,-0.020546129265974405,0.0,0.001034791934855604,0.0,0.0013465195980089763,0.0,-0.0040018547073047955,0.0
2030,-0.30569450414287125,-0.004530388951489047,2.6451239554229583e-05,-0.01605488465585535,-0.01603505917973273,0.01915892240613689,0.0023815084327213133,0.00776405489092654,-0.021167233141617767,-0.007271428452234357,0.0072837755580956115,-0.008280973259775832,0.0,0.00035735454391369137,0.0,1.4627832828391067e-05,0.0,-0.003206895250478484,0.0,0.0028094198628480153,0.0,-0.01902629064235368,0.0,0.0013481937446186759,0.0,0.0011251942657375105,0.0,-0.004072854419169135,0.0
2031,-0.30971926277626904,-0.004563554782993049,2.5668821842137335e-05,-0.016107478587843286,-0.016245469190214308,0.01867868888654299,0.0020802765876743916,0.0073294223876595255,-0.02049001042318181,-0.003612390332273854,0.010899101833613692,-0.009003848587125399,0.0,0.0003911280898343987,0.0,4.31675073704432e-05,0.0,-0.003307113297581137,0.0,0.0028665916217607873,0.0,-0.019045361748909497,0.0,0.00026275513962734136,0.0,0.0005015479695477718,0.0,-0.004054868437279025,0.0
2032,-0.30529715949278746,-0.004871358651798789,2.4744206331558368e-05,-0.01622071458916644,-0.016393275075725463,0.00795836917089847,0.0017266231474201553,0.008458914524098334,-0.02086617074555907,-0.0022688627463005053,0.013129807567495752,-0.009155693557853237,0.0,0.00039031649603065994,0.0,1.388426342077185e-05,0.0,-0.0033217352146667394,0.0,0.0029260118975769737,0.0,-0.018316321689207958,0.0,0.0002522489013936228,0.0,0.002831264282435876,0.0,-0.004071902012232534,0.0
2033,-0.30339131163491145,-0.005061958964519794,2.3991569166490364e-05,-0.016257232813850424,-0.01649536328674624,0.0055650160122483906,0.0019828665696461955,0.005100487392221721,-0.018010043047461077,-0.004104996186329738,0.013687489549539375,-0.008657380464760486,0.0,0.00039282924140410854,0.0,0.00011959524971860935,0.0,-0.0036278892842895954,0.0,0.002899278639075375,0.0,-0.016307035791760856,0.0,0.00039558335294840544,0.0,0.0028234137880221366,0.0,-0.004148349207557135,0.0
2034,-0.30013519729388827,-0.002785802660275848,2.475761218498021e-05,-0.016532942647505842,-0.01713531931376213,0.00811062397017888,0.0021087934714829662,-0.0029852001727080648,-0.017743497435487865,-0.003902415579219339,0.020501140279801953,-0.009987072860020195,0.0,0.0003838642904051836,0.0,0.00019896707396713172,0.0,-0.00377288684327799,0.0,0.0030240591878596948,0.0,-0.015294622007869322,0.0,0.00024966111917881225,0.0,0.002267968132980432,0.0,-0.0040730464789100074,0.0
2035,-0.2991388326746128,-0.004813817627854436,2.4890029550043518e-05,-0.01683138636030273,-0.017713223470041364,0.007770989444816659,0.0021439627343002145,-0.005018004924421909,-0.018230604962828124,-0.003563414531810111,0.020850944759111426,-0.009798331884345058,0.0,0.0003759356009070091,0.0,0.00019880917168779464,0.0,-0.0038964338152915586,0.0,0.0027138199430061806,0.0,-0.01542634486989577,0.0,0.0002836086831539029,0.0,0.002214227530634594,0.0,-0.005217802093960176,0.0
2036,-0.3014078263339262,-0.004495176855340665,2.4890029550043518e-05,-0.01673005630243268,-0.01739111282756818,0.006940427423494642,0.0025199636700572953,-0.004596939552903618,-0.017458088640794695,-0.003855275605564046,0.022601795334441226,-0.00977543767863159,0.0,0.0003735227771255262,0.0,0.00020778049728332278,0.0,-0.004120279119005265,0.0,0.0026178669452233605,0.0,-0.015408603179923935,0.0,0.00017857121460552723,0.0,0.0019062781384382062,0.0,-0.005203309252323477,0.0
2037,-0.2983853010760613,-0.004205382093988206,2.4890029550043518e-05,-0.016760290211977374,-0.016946070750154425,0.0038021870805300933,0.011420244668188567,-0.003749994869497573,-0.01705977139489422,-0.0036632561637748753,0.02277887626732471,-0.011029755588548582,0.0,0.00035708505541060366,0.0,0.00020562468900886486,0.0,-0.00784455394928552,0.0,0.002623602242103358,0.0,-0.016378356626063566,0.0,-0.004323898548912859,0.0,0.00228480663619805,0.0,-0.005103126480688697,0.0
2038,-0.29394826177473415,-0.003589133112984072,2.453678141184182e-05,-0.017001771142670652,-0.017027172322343964,0.0015823471973884706,0.011489002066628111,-0.009749686690616415,-0.017022906952857936,-0.003486160287619011,0.02375961655875086,-0.010519416108743086,0.0,0.0003567199282163641,0.0,0.00017193379613566302,0.0,-0.007620768649960295,0.0,0.0026508594573105755,0.0,-0.0162230926921169,0.0,-0.004150640446306258,0.0,0.003446333863530657,0.0,-0.0050947805539528455,0.0
2039,-0.2920389525185867,-0.0007490001624534654,2.357153365154833e-05,-0.017096486241608255,-0.017205579092083017,0.0011050202668947088,0.012150918387124125,-0.012387759403733252,-0.0166031983495923,-0.0033651091694104542,0.02428078753127719,-0.010426001044334918,0.0,0.00035662602853476697,0.0,0.00015620146305006245,0.0,-0.006996280518144514,0.0,0.0027110842554970054,0.0,-0.016179084597578823,0.0,-0.004079206847933863,0.0,0.003945541503236532,0.0,-0.005081261178691683,0.0
2040,-0.2928990041733452,-0.0029238683503528223,2.357153365154833e-05,-0.017304064396099873,-0.01728168268544897,0.0001749986943024175,0.012685740406281622,-0.011760680989145178,-0.017243879070317478,-0.0037109299665262323,0.024433500854263487,-0.010441144425044893,0.0,0.0003609073565509286,0.0,0.00016249700244381105,0.0,-0.007301121579416861,0.0,0.0027476526427231045,0.0,-0.01586902395683589,0.0,-0.004194180349066535,0.0,0.004675099462740296,0.0,-0.005168260864228381,0.0
2041,-0.29431075720744315,-0.0024114792604889137,2.4004236538345096e-05,-0.016630249454670506,-0.016913416925468105,-0.00013736791580918082,0.01288159664222307,-0.015316312008813013,-0.0153471618037048,-0.0022958205298538826,0.02310311930827691,-0.01054661701224909,0.0,0.0003542533896665009,0.0,0.00011130589644451564,0.0,-0.007578178927014284,0.0,0.0028136122130484045,0.0,-0.016611944840829868,0.0,-0.004139432114506236,0.0,0.005520047096882781,0.0,-0.004521641867761164,0.0
2042,-0.29668548137703676,-0.0023770812467212047,2.3693963123074425e-05,-0.016108709988457946,-0.016027984203790688,-0.0006226520966981438,0.012848007793340282,-0.0151730557342914,-0.014930017964480447,-0.002205372035582118,0.02312592630599207,-0.010520508247640867,0.0,0.00035299859649699534,0.0,0.00013137787686418493,0.0,-0.0077198485843089255,0.0,0.0027642409518969643,0.0,-0.01664596344975812,0.0,-0.003903788630945259,0.0,0.006161376462528634,0.0,-0.00443959947606188,0.0
2043,-0.29850659912960625,-0.0023081908504968044,2.6066936730109432e-05,-0.015927973526283407,-0.015748403671626506,-0.00048022033242554787,0.012884837743444864,-0.015324203481464767,-0.01539233794810367,-0.0016856343349364135,0.024295907649528613,-0.010452856340879809,0.0,0.0003547071997007305,0.0,0.0001102443745656186,0.0,-0.0077462782150859956,0.0,0.0026643236629049763,0.0,-0.016546318132504925,0.0,-0.003946454655311405,0.0,0.006213915014658805,0.0,-0.00443697304833961,0.0
2044,-0.30583958638208686,-0.002475108031786703,-0.0004482809898904991,-0.013570665589961997,-0.01442824634294529,-0.0002887509110595378,0.013015758035959835,-0.013102214798367066,-0.015821019738836463,-0.0013351389766101803,0.02427621422501462,-0.010283415391262651,0.0,0.00033742491897393494,0.0,0.00011560207484170368,0.0,-0.0076711624080431275,0.0,0.002666029998606858,0.0,-0.016262177176376513,0.0,-0.003933651443371561,0.0,0.00759246841917083,0.0,-0.004496520577500957,0.0
