,0,1,2,3
0,-0.17677611780378735,0.04714555163932186,-0.04178866370246316,0.300627792673043
1,-0.1767593026881731,0.04716236675493616,-0.04178866370246316,0.3005941624418144
2,0.409518049282564,0.06868540672171816,-0.002687031136982578,0.15923669414106134
3,-0.21152730012536908,0.048620222035026736,-0.0067705800076931525,0.04802187787893913
4,0.4091105535000106,0.06868540672171816,-0.002715471823136462,0.15843439385890226
5,0.40886436549598926,0.06868292500019772,-0.0027434454996347686,0.1578690362703529
6,0.40765587835874983,0.06868292500019772,-0.0027434454996347686,0.155548548667622
7,-0.14988071641342365,0.0979283504851586,0.08025351971015571,0.36052445289158996
8,0.40479931237669037,0.06858162143209923,-0.0032125886451503005,0.14937568872479107
9,0.4047962743739057,0.06857858342931454,-0.003215626647934979,0.14938480273314508
10,0.4047962743739057,0.06857858342931454,-0.003215626647934979,0.14938480273314508
11,0.4047962743739057,0.06857858342931454,-0.003215626647934979,0.14938480273314508
12,-0.2093173273797347,0.0481964041205505,-0.0068341429142786065,0.045101734125313736
13,-0.2156098295271574,0.015384157841040358,0.009179039972916813,-0.06048286302410388
14,-0.2286125478984129,-0.033324179267769205,-0.00025992509385214957,-0.08915268702942232
15,-0.1917568765650857,-0.07740272951279886,0.013064813037643029,-0.0626101820034763
16,-0.14929744025227915,-0.0866573613694646,0.01722859922426489,-0.1110630252140839
17,-0.16844005974773046,0.004961358250731395,-0.00846981343156493,0.02512115519731037
18,0.3753927925805204,0.09314246202715733,0.010940369811021592,-0.022856415994797454
19,0.3329795001586908,0.09661927191067649,0.02975228500503109,-0.11077295211832974
20,0.4293054439642007,0.106569291002271,0.005470470691408438,0.06789283696245942
21,0.36736197515057556,0.10256289558269199,0.060011950328901706,-0.05694216891918256
22,0.3592531525515778,0.1042206222585358,-0.0009028605368953825,-0.05800650102961833
23,0.2812658976745811,0.09904258234743808,-0.0313874846486726,-0.19068728245077451
24,-0.16020859078666008,0.19377907927587076,-0.0648295123944969,-0.027363897211816413
25,0.3599304715887305,0.13696949386151785,0.022875883995430828,0.09538963548227773
26,0.25451309145046164,0.09859250200507623,-0.03155562833652771,-0.17271788766871532
27,0.23933929195369658,0.10791511536468333,-0.07311945075983178,-0.15269270000176044
28,0.40577256845569865,0.11386277999380791,0.02921056181445921,0.05538292615103467
29,0.39438748407642227,0.10646660546077626,0.00515318968056459,0.03391222335232029
30,0.3434243279209746,0.10053606937147494,0.0023953204028929883,0.1029449105506806
31,0.3326159032203095,0.10185177921685266,0.00021882554803673139,0.07766620567190088
32,0.33052248161363035,0.0929187853253193,-0.001722355417513545,0.000895633439127126
33,0.32931889113786,0.08812492063690334,0.0028655652153078246,0.08976588122157599
34,0.3673846122600453,0.09237595546624212,0.0008545231197633312,0.11097027242796269
35,0.3782113240409085,0.09093591681039226,0.00043177437701441774,0.14529848637334256
36,0.3637633565340489,0.08670593452051767,-0.0017535150715211208,0.06867019087912109
37,0.38895897438421373,0.08884607116545618,-0.000898601199695991,0.11866960955990553
38,0.36423535214632624,0.08024999725997159,-0.0019491435232375767,0.09612832504652048
39,0.3539437687078387,0.07927019440742264,-0.0041453530185319625,0.0772253182105238
40,-0.21492971355970591,-0.02007780610363105,0.0011730498326699035,-0.12422356236733123
41,-0.2118636717246962,-0.030236527095219002,0.002716896879397355,-0.09188571112076595
42,-0.21808327002738095,-0.05197711922316353,-0.00022263456852229197,-0.09045587134954193
43,-0.2192437248735829,-0.05981274817585978,0.0021685060736449805,-0.0863901175819256
44,-0.2155573051954496,-0.03793694633645446,0.007607877197343548,-0.1045093309217637
45,-0.21412798406549907,-0.044775977198916496,-0.0011575439311518074,-0.0803040246888312
46,-0.18590940272194478,0.008161638268019564,0.005315041294239663,-0.03311901636186208
47,-0.19980121562165867,-0.05464064249765656,-0.0008908336230875323,-0.06689171312865881
48,-0.19629264610405675,-0.04593327111327695,-0.0016599901690273248,-0.09808221711326169
49,-0.19979584180253582,-0.07448007189793837,-0.0031504697555845137,-0.08213045124371621
50,-0.19587751935056202,-0.10242953103956566,-0.005397410428731341,-0.04582313862880089
51,-0.19505619287770262,-0.08611198009274616,-0.015463801964949623,-0.06291348349000164
52,-0.19329957397399655,-0.0310485307158911,0.04645704797999441,-0.07980734449085686
53,-0.22977397238573238,-0.05197096901513367,-0.018617604510653155,-0.05666539123707357
54,-0.230402581686642,-0.04757621392986229,-0.010826915852862688,-0.061037244571510434
55,-0.18652636433125402,-0.05213564889434246,-0.01751834363233732,-0.062301443416141064
56,-0.13697849368014015,-0.06517573909141713,-0.021306617068483802,-0.11428410844161506
57,-0.18675660300785998,-0.08597514568193762,-0.02022622839282946,-0.036418525319434326
58,-0.19779875877324055,-0.08935741711108862,-0.01699436836476503,-0.03871872673488867
59,-0.1670917968034985,-0.049263624148522756,-0.019377272205725174,-0.08081241907265418
60,-0.21634109832029133,-0.04521444503049102,-0.01622461782041811,-0.03824135380455114
61,0.23714612362558807,0.12384912099556457,-0.030051942457875225,-0.16237272498642458
62,-0.13065561805736353,0.31274760320535105,0.04581013020275833,0.035296897071006764
63,0.2180527520200128,0.13217064741388682,0.014619593713053724,-0.16004686736950477
64,0.3150190680380446,0.13178982517994,0.022033514918081802,-0.029445467679065716
65,0.3599304715887305,0.13696949386151785,0.022875883995430828,0.09538963548227773
66,0.23252917542844417,0.12547370492744753,0.010613347294503509,-0.14591557531814175
67,-0.13873069616364003,0.08617531481254745,0.06379688856477199,0.4460642474183532
68,0.34606572028339694,0.07292190341054601,-0.0018028165826844901,0.211355892980373
69,0.34606572028339694,0.07292190341054601,-0.0018028165826844901,0.211355892980373
70,0.34606572028339694,0.07292190341054601,-0.0018028165826844901,0.211355892980373
71,0.34606572028339694,0.07292190341054601,-0.0018028165826844901,0.211355892980373
72,0.34606572028339694,0.07292190341054601,-0.0018028165826844901,0.211355892980373
73,-0.20657753890050048,-0.01035640105140892,-0.006290814689568752,-0.02927110199063583
74,0.3797165429161842,0.08659609456217343,-0.0015851058420593897,-0.1159067229950995
75,0.38160158757683366,0.08899308536624032,-0.0017419624550909377,-0.12003190184678456
76,0.3734470312047261,0.08958465220285644,-0.0021607376752079363,-0.14064461509130188
77,0.3738126797323479,0.08875764322418765,-0.0022631157449608257,-0.14191759441762136
78,-0.1833248383787001,0.10334891127207002,0.005351868386530876,-0.15692387826625087
79,-0.1587533378951036,0.09690873600797453,0.07563376849920538,0.30862575812323617
80,0.4074425085577425,0.059954402516542035,0.0035926331323002606,0.15471206415294553
81,0.4074425085577425,0.059954402516542035,0.0035926331323002606,0.15471206415294553
82,-0.1511165898442584,0.09759829518096184,0.0801595081467705,0.36218439319000645
83,0.40886436549598926,0.06868292500019772,-0.0027434454996347686,0.1578690362703529
84,0.40765587835874983,0.06868292500019772,-0.0027434454996347686,0.155548548667622
85,0.4057425570555818,0.06858162143209923,-0.003085567016941604,0.15116574931219243
86,-0.20657753890050048,-0.01035640105140892,-0.006290814689568752,-0.02927110199063583
87,-0.18772045849484187,0.0017929612144669221,-0.0069821023378565175,-0.04296368938834306
88,-0.19136309910168373,-0.0033679453258699922,-0.008981929712537846,-0.06304645654385609
89,0.3734470312047261,0.08958465220285644,-0.0021607376752079363,-0.14064461509130188
90,-0.18727926060694003,0.1309713884813253,0.007604137577172976,-0.19317900161109547
91,-0.16825746407927783,0.07265356320608041,0.00021664708000060202,-0.06680704410474571
92,-0.1485859353521707,0.025273710483233243,0.04057679660314832,-0.0745988869194912
93,0.32497979625403595,0.10410359255040236,-0.05793220390285534,-0.09404452321954125
94,0.35603766443792906,0.10891420379065204,-0.06787191211301465,0.020008502654288194
95,0.25451309145046164,0.09859250200507623,-0.03155562833652771,-0.17271788766871532
96,0.23933929195369658,0.10791511536468333,-0.07311945075983178,-0.15269270000176044
97,0.3434984167976153,0.09520217836664707,-0.10242318364608516,-0.06088415602904856
98,0.3897709509152463,0.0927692436372158,-0.025250773030615146,0.018874923921600107
99,0.3384291346637967,0.0850421802841544,-0.01636624207300947,0.09955001135524019
100,-0.17268491725464058,0.007916625339283726,0.06434351854310703,-0.01567848667038763
101,0.3753927925805204,0.09314246202715733,0.010940369811021592,-0.022856415994797454
102,0.3329795001586908,0.09661927191067649,0.02975228500503109,-0.11077295211832974
103,0.337346803801527,0.13361590519147637,-0.002653914262118803,0.04440178872846987
104,0.23714612362558807,0.12384912099556457,-0.030051942457875225,-0.16237272498642458
105,0.27015356936864543,0.13374519866745319,-0.0012541448756160922,-0.07372444864880134
106,0.2180527520200128,0.13217064741388682,0.014619593713053724,-0.16004686736950477
107,0.3150190680380446,0.13178982517994,0.022033514918081802,-0.029445467679065716
108,0.3599304715887305,0.13696949386151785,0.022875883995430828,0.09538963548227773
109,0.23252917542844417,0.12547370492744753,0.010613347294503509,-0.14591557531814175
110,0.2623521362053899,0.13440752349980048,0.02417479249719232,-0.07076512002518917
111,0.40577256845569865,0.11386277999380791,0.02921056181445921,0.05538292615103467
112,0.39438748407642227,0.10646660546077626,0.00515318968056459,0.03391222335232029
113,0.3434243279209746,0.10053606937147494,0.0023953204028929883,0.1029449105506806
114,-0.17977739298418774,-0.03771466104626105,0.057365540726951304,0.11088476800499618
115,-0.17858051830141486,-0.038959127504575586,0.06525621766183419,0.0998924299192843
116,-0.17081081157860195,-0.02535376782612519,0.06806190025330854,0.07137250021292024
117,-0.16586497301518568,-0.024486234034995714,0.04080860107766129,0.15271396704438314
118,-0.1839008172822301,-0.023101265094075993,0.05432355172336844,0.12329473844156563
119,-0.18193156066440883,-0.01491981830860407,0.06670234967840741,0.17155562797020588
120,-0.20561030314613732,0.006500363789609861,0.01348265519751782,-0.07082773036985192
121,-0.18772045849484187,0.0017929612144669221,-0.0069821023378565175,-0.04296368938834306
122,-0.19136309910168373,-0.0033679453258699922,-0.008981929712537846,-0.06304645654385609
123,0.3734470312047261,0.08958465220285644,-0.0021607376752079363,-0.14064461509130188
124,-0.18727926060694003,0.1309713884813253,0.007604137577172976,-0.19317900161109547
125,-0.16825746407927783,0.07265356320608041,0.00021664708000060202,-0.06680704410474571
126,-0.13542663766629406,0.08636046406763544,0.0638180360448394,0.44255389218585167
127,0.3386676740477443,0.0722465565316036,-0.0018312638260776603,0.19610730961646727
128,0.3386676740477443,0.0722465565316036,-0.0018312638260776603,0.19610730961646727
129,0.3386676740477443,0.0722465565316036,-0.0018312638260776603,0.19610730961646727
130,-0.17230295535544757,0.027255726394153357,0.02027737955843957,-0.017781869904217203
131,-0.13701107829434556,-0.05815716260187504,-0.005675720576284391,-0.15545842890584094
132,-0.17317934649842587,-0.018238403025750225,0.005132339528858526,0.0015587617824406805
133,-0.19876946987425356,-0.09718972582480385,0.0001298044145188232,-0.04634044705350239
134,-0.1707532277071292,-0.06958866371356522,-0.01940517473719311,-0.08988752446201846
135,-0.22206177014374912,-0.0781341733570213,-0.0022462079878835485,-0.0547469077881086
136,-0.16576769788839374,-0.031201324278503518,0.001502021794463141,-0.06658638935835262
137,-0.19571048932189594,-0.08866905192903816,-0.003309517010019317,-0.06483501227381563
138,-0.157383713039414,-0.005302555609990948,-0.0027836619676367613,-0.022872703531701927
139,-0.21121669202208232,-0.08984996907201187,-0.0056572633447928376,-0.056554160118841575
140,-0.23532053804140926,-0.1011199988824761,-0.007802275401418891,-0.018298762580612096
141,-0.1617587436773728,-0.02197999291592238,-0.028168075534930854,-0.008770144989683093
142,-0.19023482775456546,-0.07445198473084028,-0.042803690076200086,-0.04326016389664026
143,-0.23162837037391668,-0.07394562918100828,-0.023573244684085136,-0.03388319296854795
144,-0.22410504655349966,-0.08345165109755127,-0.013580721203905693,-0.034779803847112406
145,-0.19687713083346828,-0.06983836205695547,-0.014807692443960917,0.12448697726589282
146,-0.20265427219276977,-0.11584160289976768,-0.02642761041215294,0.07791390509284002
147,-0.1990435155803699,-0.1317888099028584,-0.02756846633273124,0.02246540784736958
148,-0.18549967763235595,-0.09306520251353934,-0.01703262254621148,0.16464534772344475
149,-0.20256736119562604,-0.07522145069455426,-0.025187470459137502,0.10377890289580942
150,-0.20533771300391387,-0.06995946017810435,-0.03171632949847692,0.13313213543007263
151,-0.19590587841468665,-0.06328558415592733,-0.033940669412156524,0.09378793715213464
152,0.38895897438421373,0.08884607116545618,-0.000898601199695991,0.11866960955990553
153,0.36423535214632624,0.08024999725997159,-0.0019491435232375767,0.09612832504652048
154,0.3539437687078387,0.07927019440742264,-0.0041453530185319625,0.0772253182105238
155,0.3959494401456532,0.07368217763885938,-0.004170313647056624,0.12486505127624149
156,0.39332175971040345,0.06867516695436464,-0.004402872019100774,0.155537244709672
157,-0.1366383600477299,0.0777278539678772,-0.03701546380121629,0.4346219213000824
158,-0.1372966040495817,0.07895927068238723,-0.037202170572828215,0.42983440816452684
159,-0.14065281708059324,0.08057493988046482,-0.03717522213812364,0.41037625389917975
160,-0.14891667603277822,0.07810948994831964,-0.036233002926268534,0.3586978340935157
161,-0.13542663766629406,0.08636046406763544,0.0638180360448394,0.44255389218585167
162,0.3386676740477443,0.0722465565316036,-0.0018312638260776603,0.19610730961646727
163,0.3386676740477443,0.0722465565316036,-0.0018312638260776603,0.19610730961646727
164,0.34372601091599314,0.07276847367862271,-0.0018312638260776603,0.2066901726558465
165,0.34598127892330904,0.07292190341054601,-0.0018028165826844901,0.21119268699028756
166,0.34606572028339694,0.07292190341054601,-0.0018028165826844901,0.211355892980373
167,-0.20539382315160712,0.00969322803724017,0.011019325502308636,-0.0699446923448087
168,0.42777786710271126,0.08367872824500522,-0.0003488667199775071,-0.04373322324612208
169,0.3797165429161842,0.08659609456217343,-0.0015851058420593897,-0.1159067229950995
170,-0.1914417386173269,0.1302911215254326,0.007915951550330582,-0.18324469489513276
171,-0.17814167543610213,0.07122108920089486,0.002991956761732946,-0.13337186485309804
172,-0.17878370290681955,0.08234783165620586,-0.00931601184563357,-0.09743023007278714
173,-0.19383357096203777,-0.0047889390666869,-0.002033308922807107,-0.11956818414200589
174,-0.17294279147099975,0.02135245998209693,0.0032438143193468175,0.0005907386812878773
175,-0.18807554349871858,-0.05017459032545128,-0.003612222010467773,-0.0502210038508032
176,-0.20316035211076877,-0.08055743302402385,-0.005573901548831396,-0.06870933631918215
177,-0.22708398912738723,-0.03663846977190313,-0.00849499674855815,-0.06612968854431868
178,-0.22864152340413088,-0.038575924029431774,-0.004907762609231371,-0.06364402048304935
179,-0.17835519203078912,-0.01004089729747689,-0.017802152699538637,-0.03416392268111379
180,-0.13444596235264292,-0.056361029614510894,-0.021200418686813716,-0.0918886183664276
181,-0.17998210847652546,-0.05091965788719975,-0.010787869550369672,-0.02261091003737234
182,-0.1984167419549347,-0.10121278841033354,-0.0070187119357147795,-0.020958913383737055
183,-0.1745408688275274,-0.10013537858446579,-0.009882184003850568,-0.06866229676209004
184,-0.2205477981114295,-0.07265114539334001,-0.018477372642863848,-0.03154584200201566
185,-0.17314922885123907,-0.06916678391295657,-0.033454152670047414,-0.06697348822501234
186,-0.1928686949423173,-0.06858941781662921,-0.025431542424651107,-0.05613608802223647
187,-0.17153389146580245,-0.07353009575099238,-0.01833934937116384,-0.08247788859668295
188,-0.20694933635018994,-0.05880786775648392,-0.01868379990462788,-0.07072153751260703
189,-0.2322993662937788,-0.07820903524080912,-0.025585180343833763,-0.02456301569675302
190,-0.1718068393243396,-0.07039182310311382,-0.02643572966902595,-0.05066742975065688
191,-0.19180616306902779,-0.08325172517530878,-0.025117329112070822,-0.060086740188165386
192,-0.22616408488456113,-0.04235212093158285,-0.014539093103849115,-0.03833641544527604
193,-0.21851189852545191,-0.050698656491091044,-0.01567570323569538,-0.030048049395593853
194,-0.2017357412763349,-0.08969199607263362,-0.026314297499347578,0.08720011641544675
195,-0.19957202677563715,-0.09441531438790768,-0.029137865278199532,0.06549353361599775
196,-0.18983662204906615,-0.0801802101232275,-0.02987853656096091,0.03342725003539932
197,0.32931889113786,0.08812492063690334,0.0028655652153078246,0.08976588122157599
198,-0.18481396738667474,0.14345917753927118,0.0033944261554160185,0.06860222592704951
199,0.3782113240409085,0.09093591681039226,0.00043177437701441774,0.14529848637334256
200,-0.1377344238670328,0.08620076548578401,0.0638180360448394,0.44502137696844224
201,0.34598127892330904,0.07292190341054601,-0.0018028165826844901,0.21119268699028756
202,0.34606572028339694,0.07292190341054601,-0.0018028165826844901,0.211355892980373
203,0.34606572028339694,0.07292190341054601,-0.0018028165826844901,0.211355892980373
204,0.34606572028339694,0.07292190341054601,-0.0018028165826844901,0.211355892980373
205,0.34606572028339694,0.07292190341054601,-0.0018028165826844901,0.211355892980373
206,-0.17576352677047688,0.04325152533296207,-0.038906228787179115,0.22841483790652234
207,0.39305460802083103,0.07532642437003956,-0.002679423572266633,0.09175696636475948
208,0.39305460802083103,0.07532642437003956,-0.002679423572266633,0.09175696636475948
209,0.3930862426701242,0.07535805901933278,-0.002679423572266633,0.09169369706617304
210,0.3930046878195578,0.07545778396187149,-0.0026616503296926688,0.09165775373162682
211,-0.20136790411614125,0.07514187856510603,-0.0025143000007184445,0.012812870581783596
212,-0.17230295535544757,0.027255726394153357,0.02027737955843957,-0.017781869904217203
213,-0.13701107829434556,-0.05815716260187504,-0.005675720576284391,-0.15545842890584094
214,-0.18342358133030326,-0.04102554926195281,-0.0040378868783510595,-0.007532699198564113
215,0.3119444964470495,0.11155322096366987,-0.004172664639261075,-0.05333611372553794
216,0.2287613541757094,0.12251979667872713,-0.010961055719023402,-0.16685295612285064
217,-0.21730575777751093,0.1678098981820429,-0.08953272824147397,-0.026849351730834765
218,-0.1793077192817348,0.08347282118923982,-0.006979519694672689,-0.06633045485918107
219,-0.17265316071749615,0.05030067374321034,0.0003843867470706118,-0.0907867787924466
220,-0.16545542450865958,-0.023852992892683875,-0.0006312049026745912,-0.14751068469858863
221,-0.20188405128984718,-0.016092379532359626,-0.0003332032022451815,-0.12852095960584126
222,-0.19442036407266577,0.01263277448863842,-0.002745294145960682,-0.03899442848147889
223,-0.147865155812002,0.008440391982626772,0.0024470987390571163,-0.0689510471564933
224,-0.17768120978463453,-0.001308923803340758,-0.0026255416097804656,-0.05590887240658446
225,-0.1888118892617679,-0.037158924987555395,-0.01455465276964569,-0.03489549740845526
226,-0.20684060996646836,-0.0012739710901046814,0.004143890852583536,0.030263938042680884
227,0.3434243279209746,0.10053606937147494,0.0023953204028929883,0.1029449105506806
228,0.3326159032203095,0.10185177921685266,0.00021882554803673139,0.07766620567190088
229,0.33052248161363035,0.0929187853253193,-0.001722355417513545,0.000895633439127126
230,0.32931889113786,0.08812492063690334,0.0028655652153078246,0.08976588122157599
231,0.3673846122600453,0.09237595546624212,0.0008545231197633312,0.11097027242796269
232,0.3782113240409085,0.09093591681039226,0.00043177437701441774,0.14529848637334256
233,0.3637633565340489,0.08670593452051767,-0.0017535150715211208,0.06867019087912109
234,0.38895897438421373,0.08884607116545618,-0.000898601199695991,0.11866960955990553
235,0.36423535214632624,0.08024999725997159,-0.0019491435232375767,0.09612832504652048
236,0.3539437687078387,0.07927019440742264,-0.0041453530185319625,0.0772253182105238
237,0.3959494401456532,0.07368217763885938,-0.004170313647056624,0.12486505127624149
238,0.39332175971040345,0.06867516695436464,-0.004402872019100774,0.155537244709672
239,-0.2156098295271574,0.015384157841040358,0.009179039972916813,-0.06048286302410388
240,-0.2286125478984129,-0.033324179267769205,-0.00025992509385214957,-0.08915268702942232
241,-0.1917568765650857,-0.07740272951279886,0.013064813037643029,-0.0626101820034763
242,-0.14929744025227915,-0.0866573613694646,0.01722859922426489,-0.1110630252140839
243,-0.1713688635333258,0.016995136206552748,0.01718088435324904,0.02428487723054301
244,-0.1832277862951346,-0.01898283842423193,0.0005335014724395206,0.015042505401276825
245,-0.16722720353785464,-0.05219875611788629,-0.009899090653092774,-0.08027155506908909
246,-0.23216510405120058,-0.07333320439590803,0.008592300286699448,-0.049531538564757206
247,-0.16504714847851698,-0.030649074171398078,-0.005005932970700538,-0.05011125014525114
248,-0.19358788831986615,-0.08282324892991255,-0.0031249431485774045,-0.043773944317613486
249,-0.16701220625550514,-0.0756171096112139,0.00579223117845054,-0.07752202571558303
250,-0.20424321359595568,-0.048796868619839416,-0.02207603144632021,-0.04401155304534545
251,-0.17784520902103887,0.06418032942556948,0.09394646818204848,0.04920441022155926
252,0.23252917542844417,0.12547370492744753,0.010613347294503509,-0.14591557531814175
253,-0.12429475079908502,0.3161383672252578,0.019156300244015767,0.05241852611615557
254,-0.20348768343047985,0.086541521769086,0.00490597487417017,-0.04248789571969031
255,-0.19824768546613156,0.06582636626286732,-0.0006118098367752659,-0.031017078245534103
256,-0.13996475882371495,0.21876154412388632,0.0038255578469749826,0.3089649978066921
257,0.3326159032203095,0.10185177921685266,0.00021882554803673139,0.07766620567190088
258,0.33052248161363035,0.0929187853253193,-0.001722355417513545,0.000895633439127126
259,0.32931889113786,0.08812492063690334,0.0028655652153078246,0.08976588122157599
260,0.3673846122600453,0.09237595546624212,0.0008545231197633312,0.11097027242796269
261,0.3782113240409085,0.09093591681039226,0.00043177437701441774,0.14529848637334256
262,0.3637633565340489,0.08670593452051767,-0.0017535150715211208,0.06867019087912109
263,0.38895897438421373,0.08884607116545618,-0.000898601199695991,0.11866960955990553
264,0.36423535214632624,0.08024999725997159,-0.0019491435232375767,0.09612832504652048
265,0.3539437687078387,0.07927019440742264,-0.0041453530185319625,0.0772253182105238
266,-0.18299074840170465,-0.02220941739734795,0.06188167932684628,0.17813932090864643
267,0.3637633565340489,0.08670593452051767,-0.0017535150715211208,0.06867019087912109
268,0.38895897438421373,0.08884607116545618,-0.000898601199695991,0.11866960955990553
269,0.36423535214632624,0.08024999725997159,-0.0019491435232375767,0.09612832504652048
270,0.3539437687078387,0.07927019440742264,-0.0041453530185319625,0.0772253182105238
271,0.3959494401456532,0.07368217763885938,-0.004170313647056624,0.12486505127624149
272,0.39332175971040345,0.06867516695436464,-0.004402872019100774,0.155537244709672
273,0.3794207862010826,0.05776869663431066,-0.0037824744398640762,0.18374132395158013
274,0.37912769364153404,0.05743381959215507,-0.003887421829687162,0.18336978159199147
275,0.37449977762193704,0.05508341851059633,-0.0041230163858851894,0.18843269912212493
276,-0.1917921819234113,0.01062849277179907,-0.003850220257970024,0.13189782864681468
277,-0.16884935572981966,-0.02883011360233848,-0.00697046514914532,0.20809019383141542
278,-0.16956707495669404,-0.047357706008372503,-0.009616985534328569,0.20286576049029822
279,-0.15583011753421222,0.013663908420303123,-0.0055346908455696595,0.28765825373901627
280,-0.17230295535544757,0.027255726394153357,0.02027737955843957,-0.017781869904217203
281,-0.13701107829434556,-0.05815716260187504,-0.005675720576284391,-0.15545842890584094
282,-0.17317934649842587,-0.018238403025750225,0.005132339528858526,0.0015587617824406805
283,-0.19876946987425356,-0.09718972582480385,0.0001298044145188232,-0.04634044705350239
284,-0.1707532277071292,-0.06958866371356522,-0.01940517473719311,-0.08988752446201846
285,-0.22206177014374912,-0.0781341733570213,-0.0022462079878835485,-0.0547469077881086
286,-0.16576769788839374,-0.031201324278503518,0.001502021794463141,-0.06658638935835262
287,-0.19571048932189594,-0.08866905192903816,-0.003309517010019317,-0.06483501227381563
288,-0.157383713039414,-0.005302555609990948,-0.0027836619676367613,-0.022872703531701927
289,-0.21121669202208232,-0.08984996907201187,-0.0056572633447928376,-0.056554160118841575
290,-0.23532053804140926,-0.1011199988824761,-0.007802275401418891,-0.018298762580612096
291,-0.1617587436773728,-0.02197999291592238,-0.028168075534930854,-0.008770144989683093
292,0.2623521362053899,0.13440752349980048,0.02417479249719232,-0.07076512002518917
293,-0.20399375168411443,0.20528873887329877,0.010120140240567758,-0.044552860842975155
294,-0.19551546718481277,0.08137750894689809,0.003425416666662393,-0.03101700693268812
295,-0.17570075264241805,0.0494600562660084,-0.004994897087571642,0.10885811715019121
296,-0.13162571866740216,0.24337940336454028,0.0038861408601124736,0.3165995925631733
297,0.33052248161363035,0.0929187853253193,-0.001722355417513545,0.000895633439127126
298,-0.1645679767717035,0.13488382231708756,0.005821405906793839,0.10570954645782625
299,-0.17194962228460903,0.09480009735931627,-0.00012395185996757357,0.14075532797459886
300,0.3782113240409085,0.09093591681039226,0.00043177437701441774,0.14529848637334256
301,0.3637633565340489,0.08670593452051767,-0.0017535150715211208,0.06867019087912109
302,0.38895897438421373,0.08884607116545618,-0.000898601199695991,0.11866960955990553
303,0.36423535214632624,0.08024999725997159,-0.0019491435232375767,0.09612832504652048
304,0.3539437687078387,0.07927019440742264,-0.0041453530185319625,0.0772253182105238
305,0.3959494401456532,0.07368217763885938,-0.004170313647056624,0.12486505127624149
306,0.39332175971040345,0.06867516695436464,-0.004402872019100774,0.155537244709672
307,-0.1383597402012567,0.03535526466372167,-0.038158967975929194,0.06051556186279378
308,0.2805858071916738,0.08248818658440331,-0.005243150122161267,-0.18555863567772313
309,0.2821359906437683,0.08273318524844514,-0.005061128076849973,-0.18041244070239798
310,-0.1485859353521707,0.025273710483233243,0.04057679660314832,-0.0745988869194912
311,-0.17236721807671782,0.02529942336384751,0.04151749803163166,-0.05938657774107577
312,-0.18924551150167426,0.017946053485990755,0.051322843381925325,-0.007180765879790468
313,-0.14241743640762225,0.015523799325445993,0.0539591664307578,-0.039105169903730926
314,-0.17230295535544757,0.027255726394153357,0.02027737955843957,-0.017781869904217203
315,-0.13701107829434556,-0.05815716260187504,-0.005675720576284391,-0.15545842890584094
316,-0.17317934649842587,-0.018238403025750225,0.005132339528858526,0.0015587617824406805
317,-0.19876946987425356,-0.09718972582480385,0.0001298044145188232,-0.04634044705350239
318,-0.1707532277071292,-0.06958866371356522,-0.01940517473719311,-0.08988752446201846
319,-0.22206177014374912,-0.0781341733570213,-0.0022462079878835485,-0.0547469077881086
320,-0.16576769788839374,-0.031201324278503518,0.001502021794463141,-0.06658638935835262
321,0.27015356936864543,0.13374519866745319,-0.0012541448756160922,-0.07372444864880134
322,0.2180527520200128,0.13217064741388682,0.014619593713053724,-0.16004686736950477
323,-0.1537816095734135,0.2947885896487643,0.03152391585567843,0.011584387855290599
324,-0.2017449257080745,0.09395853932389636,0.006303084403092041,-0.01928722409583149
325,-0.14388669404845927,0.08830326013740102,0.00011332628626455461,-0.05011315570564225
326,-0.1714220194965708,0.03261812742397374,-0.0021888204111281014,-0.06393306728781956
327,-0.20357675437425973,0.07898894910503759,0.005229251777121503,-7.702889125092757e-05
328,-0.19187566990641508,0.0904205086332321,0.0020152228218692178,0.028270364865174223
329,-0.14001162961876712,0.21916515332373798,0.0041470943116945725,0.31359283336958355
330,0.3326159032203095,0.10185177921685266,0.00021882554803673139,0.07766620567190088
331,0.33052248161363035,0.0929187853253193,-0.001722355417513545,0.000895633439127126
332,0.32931889113786,0.08812492063690334,0.0028655652153078246,0.08976588122157599
333,0.3673846122600453,0.09237595546624212,0.0008545231197633312,0.11097027242796269
334,0.3782113240409085,0.09093591681039226,0.00043177437701441774,0.14529848637334256
335,0.3637633565340489,0.08670593452051767,-0.0017535150715211208,0.06867019087912109
336,0.38895897438421373,0.08884607116545618,-0.000898601199695991,0.11866960955990553
337,0.36423535214632624,0.08024999725997159,-0.0019491435232375767,0.09612832504652048
338,0.3539437687078387,0.07927019440742264,-0.0041453530185319625,0.0772253182105238
339,0.3959494401456532,0.07368217763885938,-0.004170313647056624,0.12486505127624149
340,0.39332175971040345,0.06867516695436464,-0.004402872019100774,0.155537244709672
341,-0.17230295535544757,0.027255726394153357,0.02027737955843957,-0.017781869904217203
342,-0.13701107829434556,-0.05815716260187504,-0.005675720576284391,-0.15545842890584094
343,-0.17317934649842587,-0.018238403025750225,0.005132339528858526,0.0015587617824406805
344,-0.19876946987425356,-0.09718972582480385,0.0001298044145188232,-0.04634044705350239
345,-0.1707532277071292,-0.06958866371356522,-0.01940517473719311,-0.08988752446201846
346,-0.22206177014374912,-0.0781341733570213,-0.0022462079878835485,-0.0547469077881086
347,-0.16576769788839374,-0.031201324278503518,0.001502021794463141,-0.06658638935835262
348,-0.19571048932189594,-0.08866905192903816,-0.003309517010019317,-0.06483501227381563
349,-0.157383713039414,-0.005302555609990948,-0.0027836619676367613,-0.022872703531701927
350,-0.21121669202208232,-0.08984996907201187,-0.0056572633447928376,-0.056554160118841575
351,-0.23532053804140926,-0.1011199988824761,-0.007802275401418891,-0.018298762580612096
352,-0.1617587436773728,-0.02197999291592238,-0.028168075534930854,-0.008770144989683093
353,-0.19023482775456546,-0.07445198473084028,-0.042803690076200086,-0.04326016389664026
354,-0.23162837037391668,-0.07394562918100828,-0.023573244684085136,-0.03388319296854795
355,-0.22410504655349966,-0.08345165109755127,-0.013580721203905693,-0.034779803847112406
356,-0.19687713083346828,-0.06983836205695547,-0.014807692443960917,0.12448697726589282
357,-0.20265427219276977,-0.11584160289976768,-0.02642761041215294,0.07791390509284002
358,-0.1990435155803699,-0.1317888099028584,-0.02756846633273124,0.02246540784736958
359,-0.18549967763235595,-0.09306520251353934,-0.01703262254621148,0.16464534772344475
360,-0.20256736119562604,-0.07522145069455426,-0.025187470459137502,0.10377890289580942
361,-0.20533771300391387,-0.06995946017810435,-0.03171632949847692,0.13313213543007263
362,-0.19590587841468665,-0.06328558415592733,-0.033940669412156524,0.09378793715213464
363,-0.2079477894875231,-0.0640533142042323,-0.03435216778493028,0.10302689406059871
364,0.36423535214632624,0.08024999725997159,-0.0019491435232375767,0.09612832504652048
365,0.3539437687078387,0.07927019440742264,-0.0041453530185319625,0.0772253182105238
366,0.3959494401456532,0.07368217763885938,-0.004170313647056624,0.12486505127624149
367,0.39332175971040345,0.06867516695436464,-0.004402872019100774,0.155537244709672
368,-0.13873069616364003,0.08617531481254745,0.06379688856477199,0.4460642474183532
369,0.34606572028339694,0.07292190341054601,-0.0018028165826844901,0.211355892980373
370,0.34606572028339694,0.07292190341054601,-0.0018028165826844901,0.211355892980373
371,0.34606572028339694,0.07292190341054601,-0.0018028165826844901,0.211355892980373
372,0.34606572028339694,0.07292190341054601,-0.0018028165826844901,0.211355892980373
373,0.34606572028339694,0.07292190341054601,-0.0018028165826844901,0.211355892980373
374,-0.15813412806413826,0.03970425829717102,-0.03439810765019872,0.4078644378401345
375,0.34606572028339694,0.07292190341054601,-0.0018028165826844901,0.211355892980373
376,0.34606572028339694,0.07292190341054601,-0.0018028165826844901,0.211355892980373
377,0.34606572028339694,0.07292190341054601,-0.0018028165826844901,0.211355892980373
378,0.34606572028339694,0.07292190341054601,-0.0018028165826844901,0.211355892980373
379,0.34606572028339694,0.07292190341054601,-0.0018028165826844901,0.211355892980373
380,-0.13542663766629406,0.08636046406763544,0.0638180360448394,0.44255389218585167
381,0.3386676740477443,0.0722465565316036,-0.0018312638260776603,0.19610730961646727
382,0.3386676740477443,0.0722465565316036,-0.0018312638260776603,0.19610730961646727
383,0.3386676740477443,0.0722465565316036,-0.0018312638260776603,0.19610730961646727
384,0.3386676740477443,0.0722465565316036,-0.0018312638260776603,0.19610730961646727
385,0.3386676740477443,0.0722465565316036,-0.0018312638260776603,0.19610730961646727
386,-0.1485859353521707,0.025273710483233243,0.04057679660314832,-0.0745988869194912
387,-0.17236721807671782,0.02529942336384751,0.04151749803163166,-0.05938657774107577
388,-0.18924551150167426,0.017946053485990755,0.051322843381925325,-0.007180765879790468
389,0.25451309145046164,0.09859250200507623,-0.03155562833652771,-0.17271788766871532
390,-0.13094015865504352,0.08435378346277402,0.06441351610726749,0.3974553653787807
391,0.3255991264402181,0.07289237263413184,-0.002154269232970284,0.14114234794842698
392,0.3176645972487749,0.06993691470067265,-0.002143112809725696,0.15202117865008366
393,0.3176645972487749,0.06993691470067265,-0.002143112809725696,0.15202117865008366
394,0.3293611039111011,0.07069750272928137,-0.0020494758747804775,0.17547890777262978
395,0.3383505194508215,0.0722465565316036,-0.0018848699674759348,0.1955122456891125
396,-0.20539382315160712,0.00969322803724017,0.011019325502308636,-0.0699446923448087
397,-0.202829859983063,0.013986488923894017,-0.0066846231391886725,-0.037955732908996696
398,-0.18772045849484187,0.0017929612144669221,-0.0069821023378565175,-0.04296368938834306
399,-0.19136309910168373,-0.0033679453258699922,-0.008981929712537846,-0.06304645654385609
400,0.3734470312047261,0.08958465220285644,-0.0021607376752079363,-0.14064461509130188
401,-0.19964427616513938,0.10393316983302474,-0.015056164912410285,-0.15843416091761028
402,-0.15377792895737893,0.1010294486648225,0.07909012580126622,0.3364896731348232
403,-0.1537787885530386,0.10082206292540974,0.07942136115140462,0.3363666831197572
404,-0.1537262909754313,0.10038664308177507,0.07941337739087735,0.3367575891463118
405,0.4005202074155935,0.05529402794344475,0.004495134383085204,0.16539223861740557
406,0.40534340538137315,0.058410530877267566,0.003703512586632508,0.15824415951425558
407,0.4074425085577425,0.059954402516542035,0.0035926331323002606,0.15471206415294553
408,-0.17411718056301864,-0.007947766351169045,0.07250932021283642,0.14024274014037774
409,0.3845395388793383,0.07325663344174546,-0.0026191807905591538,0.13231569324950218
410,0.36096247139276205,0.0648762735713602,0.002496752037089993,0.11594088388730833
411,0.3548937590550521,0.0640922102877771,0.008276343401994367,0.10501367791150966
412,0.39260769140669594,0.0589923552828612,0.0076810562954555016,0.15208308449920965
413,0.3885960197013455,0.052509204615413155,0.00781289238768411,0.18311967239691274
414,-0.2017065529399077,0.03134251294390704,0.01358810592689181,-0.07767819047966396
415,-0.18772045849484187,0.0017929612144669221,-0.0069821023378565175,-0.04296368938834306
416,-0.19136309910168373,-0.0033679453258699922,-0.008981929712537846,-0.06304645654385609
417,-0.18841192976695711,-0.003644773363957091,-0.00949047213211747,-0.0751926044428694
418,-0.17230295535544757,0.027255726394153357,0.02027737955843957,-0.017781869904217203
419,0.19807769238286796,0.09879734534698939,-0.010806708082267583,-0.3448914834770692
420,-0.1526226013143276,0.19214710813050243,0.015895297562642983,-0.05280033430117604
421,-0.15106122914345532,0.16126552770385333,0.0169362001174002,0.04583157421130751
422,-0.13196443058242635,0.13340116002451122,0.011001181103403998,-0.015641686503522392
423,0.337346803801527,0.13361590519147637,-0.002653914262118803,0.04440178872846987
424,0.23714612362558807,0.12384912099556457,-0.030051942457875225,-0.16237272498642458
425,-0.13065561805736353,0.31274760320535105,0.04581013020275833,0.035296897071006764
426,0.2180527520200128,0.13217064741388682,0.014619593713053724,-0.16004686736950477
427,0.3150190680380446,0.13178982517994,0.022033514918081802,-0.029445467679065716
428,-0.1765158618040505,0.30283178088253326,0.02811174092348297,0.06877383523530743
429,0.23252917542844417,0.12547370492744753,0.010613347294503509,-0.14591557531814175
430,-0.12429475079908502,0.3161383672252578,0.019156300244015767,0.05241852611615557
431,0.40577256845569865,0.11386277999380791,0.02921056181445921,0.05538292615103467
432,0.39438748407642227,0.10646660546077626,0.00515318968056459,0.03391222335232029
433,0.3434243279209746,0.10053606937147494,0.0023953204028929883,0.1029449105506806
434,0.3326159032203095,0.10185177921685266,0.00021882554803673139,0.07766620567190088
435,0.33052248161363035,0.0929187853253193,-0.001722355417513545,0.000895633439127126
436,0.32931889113786,0.08812492063690334,0.0028655652153078246,0.08976588122157599
437,0.3673846122600453,0.09237595546624212,0.0008545231197633312,0.11097027242796269
438,0.3782113240409085,0.09093591681039226,0.00043177437701441774,0.14529848637334256
439,0.3637633565340489,0.08670593452051767,-0.0017535150715211208,0.06867019087912109
440,0.38895897438421373,0.08884607116545618,-0.000898601199695991,0.11866960955990553
441,0.36423535214632624,0.08024999725997159,-0.0019491435232375767,0.09612832504652048
442,0.3539437687078387,0.07927019440742264,-0.0041453530185319625,0.0772253182105238
443,0.3959494401456532,0.07368217763885938,-0.004170313647056624,0.12486505127624149
444,0.39332175971040345,0.06867516695436464,-0.004402872019100774,0.155537244709672
445,-0.13873069616364003,0.08617531481254745,0.06379688856477199,0.4460642474183532
446,0.34606572028339694,0.07292190341054601,-0.0018028165826844901,0.211355892980373
447,-0.18247680525008958,0.07834102625232095,-6.608111071630207e-05,0.1926439005927105
448,-0.1663642105504238,0.023851294093163257,-0.004170538161639106,0.258966350661048
449,-0.2150040241697911,-0.01928145229747822,0.001542983530389827,-0.12506789191094533
450,-0.21700793978012167,-0.037335724069520265,-0.0021972992055874574,-0.099921780660407
451,-0.21863512502760027,-0.050132274890109366,0.000680144756624687,-0.0944478873461186
452,-0.2181159349559034,-0.05843913307244103,0.0009361235940402961,-0.0803091061389135
453,-0.21546735550213916,-0.04677639611511258,-0.003660736795057977,-0.087040912484352
454,-0.21576824693620775,-0.04835054670708266,-0.0015963775429182047,-0.08559992588847007
455,-0.20846789320420062,-0.012385556584349163,0.001242169599107104,-0.06286560616809742
456,-0.21628188353553035,-0.05030536067705896,0.0011301340565264668,-0.0773221237393639
457,-0.19900987980849064,-0.034398633910933764,-0.0004323077390209035,-0.08314137226401172
458,-0.20238619911261316,-0.07016149352807939,-0.002539714292231583,-0.06719729920200446
459,-0.20004364210471207,-0.0730789211870166,-0.0028151974405514896,-0.08160487551941839
460,-0.19754747050820082,-0.05605016613647107,-0.011460142604526675,-0.09221103886092473
461,-0.19373131527178752,-0.08370295870619861,-0.020962027034375812,-0.049064086301221305
462,-0.1946510971275513,-0.08297121448337855,-0.02024197090045446,-0.05785819931986542
463,-0.20167354108010557,-0.0710177840011894,-0.012393603504150388,-0.06438655643017176
464,-0.22397019172233712,-0.02431796398247835,-0.009413292953463277,-0.04762589009580709
465,-0.22724290348421639,-0.03456749511509832,-0.011073766391417883,-0.04220310592298891
466,-0.18895817115989988,-0.06742434649034655,-0.019506237160999442,-0.05437661025530912
467,-0.13692513723411678,-0.06462922974579145,-0.021581965094494747,-0.11455673819102632
468,-0.18124285864926457,-0.051005101406105646,-0.01963143053101192,-0.042095238635203445
469,-0.1923694431376939,-0.05644808846287939,-0.016453189925240655,-0.03883691898034279
470,-0.1670917968034985,-0.049263624148522756,-0.019377272205725174,-0.08081241907265418
471,-0.21634109832029133,-0.04521444503049102,-0.01622461782041811,-0.03824135380455114
472,-0.16866285416566948,-0.04147161617376456,-0.01934783661186252,-0.08033267722653971
473,-0.18718948739722852,-0.036397327936040696,-0.015809072323288955,-0.059990728867801546
474,-0.16526180472432073,-0.037671309667159536,-0.01945984578190419,-0.07464034266779342
475,-0.2021928214178138,-0.03171716266277024,-0.020155170117703573,-0.06106405925366095
476,-0.1305514884892135,0.08435378346277402,0.06441351610726749,0.3970666952129505
477,0.32396566122043874,0.07263128395890635,-0.002154269232970284,0.1345225500898528
478,0.32396566122043874,0.07263128395890635,-0.002154269232970284,0.1345225500898528
479,-0.16935867656025416,0.08442912038922412,-0.00014492600518133968,0.15102874545497852
480,0.3248329169019161,0.07263128395890635,-0.002154269232970284,0.13616714610299036
481,0.3255991264402181,0.07289237263413184,-0.002154269232970284,0.14114234794842698
482,-0.2198335030833803,-0.06868848180626307,-0.0032923269752149057,-0.06943487044108503
483,-0.21709412280654206,-0.047960363369498465,-0.011284534312248714,-0.07755332433451516
484,-0.21593986589910089,-0.04216476364964886,-0.016766290536950054,-0.0643211196764738
485,-0.212846394795558,-0.028931599819862194,-0.013035345533192648,-0.05369690823340407
486,-0.13542663766629406,0.08636046406763544,0.0638180360448394,0.44255389218585167
487,0.3386676740477443,0.0722465565316036,-0.0018312638260776603,0.19610730961646727
488,0.3386676740477443,0.0722465565316036,-0.0018312638260776603,0.19610730961646727
489,0.3386676740477443,0.0722465565316036,-0.0018312638260776603,0.19610730961646727
490,0.3386676740477443,0.0722465565316036,-0.0018312638260776603,0.19610730961646727
491,0.3386676740477443,0.0722465565316036,-0.0018312638260776603,0.19610730961646727
492,-0.17828681766387827,-0.07403271214829583,0.008150744283687051,0.19029299588568868
493,-0.18540836663509838,-0.11553493914535028,0.005229908626580552,0.18917625614986788
494,-0.18448199326225287,-0.07240750139566839,-0.0041575953088353905,0.1820892042887115
495,-0.17129435582892757,-0.008408750350115695,-0.0041532448511541285,0.264181618636045
496,0.3837781462861883,0.061189537143743714,-0.005281421637865318,0.086584914856204
497,0.3836570715939071,0.061235235583025016,-0.005335948684085611,0.08671481815542419
498,0.3845441715271101,0.06151514826379305,-0.0059437163454790914,0.046842628429278235
499,-0.1967885066352342,0.040355519554837,-0.006633050445602278,-0.029468888312213014
500,-0.18123278506786664,-0.0554301202538494,0.023396581561161266,0.08191041304332428
501,-0.18486439255768458,-0.03272205920330451,-0.01287726679764066,0.04098301204943752
502,-0.18558044989370645,0.020859138675908287,-0.00951639401518411,0.14165614836068677
503,-0.16640904232050222,0.02114882699830245,0.018555079312169098,0.24798389954162772
504,0.3956850278479789,0.06705631942324328,-0.0028623976957579686,0.1289907437946472
505,0.3956850278479789,0.06705631942324328,-0.0028623976957579686,0.1289907437946472
506,0.386456086422576,0.051263814600495596,0.004376739249012143,0.157520948095552
507,0.4041514010490707,0.06798459123089681,-0.0027229770355800408,0.146915462531014
508,0.4088041153764625,0.06827928582567645,-0.0026736962444825307,0.1565119557615947
509,0.4096674818330552,0.06877889931256043,-0.0026736962444825307,0.15966146432020467
510,0.40997588202171187,0.06877889931256043,-0.0026736962444825307,0.16026935932718928
511,0.40997588202171187,0.06877889931256043,-0.0026736962444825307,0.16026935932718928
512,0.40997588202171187,0.06877889931256043,-0.0026736962444825307,0.16026935932718928
513,0.4100989961055373,0.06877889931256043,-0.0026736962444825307,0.16051771626862388
514,0.40993224215914553,0.06877889931256043,-0.0026736962444825307,0.16018917551466896
515,0.40993224215914553,0.06877889931256043,-0.0026736962444825307,0.16018917551466896
516,0.4099258571303103,0.06868540672171816,-0.0026736962444825307,0.15999187631413836
517,0.409518049282564,0.06868540672171816,-0.002687031136982578,0.15923669414106134
518,0.409518049282564,0.06868540672171816,-0.002687031136982578,0.15923669414106134
519,-0.13094015865504352,0.08435378346277402,0.06441351610726749,0.3974553653787807
520,0.3255991264402181,0.07289237263413184,-0.002154269232970284,0.14114234794842698
521,0.3176645972487749,0.06993691470067265,-0.002143112809725696,0.15202117865008366
522,0.3176645972487749,0.06993691470067265,-0.002143112809725696,0.15202117865008366
523,0.3293611039111011,0.07069750272928137,-0.0020494758747804775,0.17547890777262978
524,-0.178551817227748,0.07799371327643247,-7.7105192700042e-05,0.18844044215636716
525,-0.199079028937612,-0.015323181480372287,-0.002357645537683189,-0.12066987767941123
526,-0.1979089306470768,-0.028837610214499546,-0.008210915610289473,-0.10327224490225859
527,-0.19992722761847004,-0.0460098843572026,-0.0037738628706416757,-0.10095898562483024
528,-0.1950079110675007,-0.08015128405377694,0.004132481241279704,-0.04813018725491193
529,-0.1917805312038777,-0.061052058021322415,0.016197260423362708,-0.06623803335265215
530,-0.20100335461278784,-0.06835840235116553,0.011738474872090995,-0.06738284658618193
531,-0.2209386228993559,-0.020314138444442898,0.007077285302837603,-0.058828364022610796
532,-0.22858227260996042,-0.05837126893923814,0.010404963298008812,-0.06491557234549981
533,-0.18390780750211963,-0.04148835150028819,0.030182005581306154,-0.04156602351928012
534,-0.14231331658543836,-0.061455360831863794,0.037763134002539195,-0.07481536949428655
535,-0.18756261876598437,-0.07339370977727472,0.0225694186756998,-0.012894432515776896
536,-0.19282153062714827,-0.01888213156834279,0.04291019586128726,-0.02820394277625581
537,-0.17185546947818323,-0.0780548083275907,-0.033672338953570746,-0.06854924651100221
538,-0.21542561717487807,0.012060838799328347,0.05723257753529509,-0.03226814370360176
539,-0.196236259543575,-0.025130730793347923,0.03937959989056925,-0.08167828324338752
540,-0.19231379662392317,-0.014823092176297435,0.030089784573402847,-0.07552042004754032
541,-0.15443967538196043,-0.009721068897574943,0.0425392934081791,-0.0756259436400792
542,-0.2089219405644175,-0.07207242426858386,-0.020741680761673747,-0.060772563267872066
543,-0.23201711788209967,-0.07664649827620239,-0.025685868420173102,-0.023819617827183125
544,-0.14241743640762225,0.015523799325445993,0.0539591664307578,-0.039105169903730926
545,-0.1863775837883038,-0.05048429660639245,-0.024183001457656894,-0.06034683251291295
546,-0.22616408488456113,-0.04235212093158285,-0.014539093103849115,-0.03833641544527604
547,-0.21851189852545191,-0.050698656491091044,-0.01567570323569538,-0.030048049395593853
548,-0.2017357412763349,-0.08969199607263362,-0.026314297499347578,0.08720011641544675
549,-0.19957202677563715,-0.09441531438790768,-0.029137865278199532,0.06549353361599775
550,-0.18983662204906615,-0.0801802101232275,-0.02987853656096091,0.03342725003539932
551,-0.18265411393006964,-0.07294619780917153,-0.020163721069322373,0.15173683153414913
552,-0.20343258329279004,0.04156694750603741,-0.006015359444976851,-0.09658946843442191
553,-0.20834891873547345,0.017884967617864775,-0.0015910318155404383,-0.11895288546134183
554,-0.20801151836552673,0.01542179454933011,-0.00014088224241524383,-0.12719481415833694
555,-0.2091461229700109,0.009225267197148283,0.00038958636191912974,-0.13407430835689055
556,-0.2130464311771525,-0.015129364169690757,-0.0005552046881425384,-0.12254276887800751
557,-0.21426540884142353,-0.028314403852504305,0.0011744473899356958,-0.1055659906513128
558,-0.21696000398147144,-0.04599319188746751,-0.0006266166888612011,-0.09806026166949262
559,-0.21837848831615275,-0.05654851948215962,-0.0018786001886999107,-0.08647247657071302
560,-0.2165581446497691,-0.03665255393279474,0.0092767837595202,-0.10828500024311756
561,-0.21719604381714472,-0.04706815388825692,-0.002873279244089285,-0.09381604592260291
562,-0.2122719908754546,-0.02023994764179519,-0.0011604579017265664,-0.07999573966621495
563,-0.2191149454133233,-0.056505745204352094,0.006122246286484485,-0.09101928352858338
564,-0.21701011209416574,-0.04615306862563119,-0.003126653306048316,-0.09013822834010506
565,-0.21984290150963012,-0.06851753484353486,-0.0035397336450202206,-0.06964618912796591
566,-0.22031712501109196,-0.06492088021121283,0.006973024767779985,-0.08421890078299299
567,-0.21709412280654206,-0.047960363369498465,-0.011284534312248714,-0.07755332433451516
568,-0.21593986589910089,-0.04216476364964886,-0.016766290536950054,-0.0643211196764738
569,-0.212846394795558,-0.028931599819862194,-0.013035345533192648,-0.05369690823340407
570,-0.21069308742442647,-0.019821473496212636,-0.005559191824578213,-0.05164388227360718
571,-0.2020081056072856,0.01186472708618654,-0.001928334862880803,-0.01800499313953362
572,-0.20501452737441309,-0.0009652386091683783,-0.004262382178957951,-0.018633029165388486
573,-0.20622379172982871,-0.005977903744029278,-0.004997565424739311,-0.01899469967679128
574,-0.20555429396754438,-0.00395044352162786,-0.0052450486038274,-0.02487896818464191
575,-0.202829859983063,0.013986488923894017,-0.0066846231391886725,-0.037955732908996696
576,-0.18772045849484187,0.0017929612144669221,-0.0069821023378565175,-0.04296368938834306
577,-0.19136309910168373,-0.0033679453258699922,-0.008981929712537846,-0.06304645654385609
578,-0.18841192976695711,-0.003644773363957091,-0.00949047213211747,-0.0751926044428694
579,-0.19136309910168373,-0.0033679453258699922,-0.008981929712537846,-0.06304645654385609
580,-0.18841192976695711,-0.003644773363957091,-0.00949047213211747,-0.0751926044428694
581,-0.18810448879529568,-0.00465316264808049,-0.009531175424950647,-0.07494624753792077
582,-0.18488378915967624,-0.035476913333628145,-0.011493952442029894,-0.04189239766937242
583,-0.18701148375432028,-0.05654133027382307,0.013134926528837371,0.14098929578963423
584,-0.1977851117801609,-0.06247098685668277,-0.004540148005620928,0.10812376294892848
585,-0.19922328653517782,-0.07394184458018722,-0.005384970947811882,0.12153873816449079
586,-0.1887764693554289,-0.03170358306301717,-0.004514177323005866,0.19306282344501122
587,0.3901872755783507,0.07518909613547449,-0.002455313660933593,0.09453751713047209
588,0.3890871456767562,0.07516768212142759,-0.002462971282958408,0.09221203813322025
589,0.3100950191828839,0.07285626057127899,-0.004064042180195437,-0.12431403028339455
590,-0.15632838962593826,0.10425420783027617,-0.002137365960997879,-0.0880958587789925
591,-0.13847692655306984,0.048884308167953736,-0.005926646330130247,-0.038405985198370726
592,-0.13364389816639924,0.057220377151179405,-0.006847640781924358,-0.003874338643558092
593,0.2816568872789807,0.08112613603499001,-0.0051489835397700405,-0.18094477782671822
594,-0.14160154493076466,0.12796935740537846,-0.0020876426564815213,-0.10186393034484743
595,-0.13653403153358673,0.06553104160362462,-0.005862930358848068,-0.04235378417238649
596,-0.13699530794068765,0.05818880965166978,-0.007642409191938466,-0.032656562114891124
597,-0.13003744530407849,0.08945919340215182,-0.005536471553607103,0.03155275600720004
598,-0.12362047424693051,0.11299008781992301,-0.0044435402099358146,0.069291743899042
599,0.27761919084995046,0.08314078460035623,-0.005002942251755807,-0.17499936565963076
600,0.27270835939018595,0.08286449279977752,-0.005120037691704179,-0.18155729422267555
601,-0.13415659687272377,0.13413734601420846,-0.000772792368341799,-0.07080133653979166
602,0.300249045978699,0.08450329370936045,-0.004214320342284405,-0.11515089013429643
603,0.2994755616484027,0.0839316546502812,-0.004202922944527769,-0.11381716414267759
604,0.2977348807655902,0.08340428881312995,-0.004196387374637759,-0.11155565299260371
605,0.30816766623200637,0.0830132062786262,-0.0041553987994416225,-0.07429819496788326
606,0.3282371155546606,0.08139800038458016,-0.003043131411976186,0.0049225190433817385
607,0.29060355877970023,0.06859973668716265,-0.0029404193390758144,0.06357729550107795
608,0.29060355877970023,0.06859973668716265,-0.0029404193390758144,0.06357729550107795
609,0.307230675846949,0.07170394202159204,-0.0023487474100853892,0.1007633226095886
610,-0.20189467686553791,-0.01539377717340264,0.03262657777677967,-0.04174095501986984
611,-0.17977739298418774,-0.03771466104626105,0.057365540726951304,0.11088476800499618
612,-0.17858051830141486,-0.038959127504575586,0.06525621766183419,0.0998924299192843
613,-0.17625923148686684,0.04718691171377119,-0.04177681986965043,0.300057702448861
614,0.40765587835874983,0.06868292500019772,-0.0027434454996347686,0.155548548667622
615,-0.2097505264205172,0.04820367752801634,-0.006809682137551169,0.04550319898190289
616,-0.19234245540111863,-0.01037933422284745,-0.010604444267044048,0.10731755518891772
617,-0.13873069616364003,0.08617531481254745,0.06379688856477199,0.4460642474183532
618,0.34606572028339694,0.07292190341054601,-0.0018028165826844901,0.211355892980373
619,0.34606572028339694,0.07292190341054601,-0.0018028165826844901,0.211355892980373
620,0.34606572028339694,0.07292190341054601,-0.0018028165826844901,0.211355892980373
621,-0.17230295535544757,0.027255726394153357,0.02027737955843957,-0.017781869904217203
622,-0.14834699562033882,-0.07411771574121381,0.012641307222481402,-0.12972534527784246
623,-0.18342358133030326,-0.04102554926195281,-0.0040378868783510595,-0.007532699198564113
624,-0.2086494920903799,-0.09413547285902966,0.0020663287204382313,-0.053370247480172196
625,-0.17768346398996762,-0.020617389128274533,0.038539168850210664,-0.058430156626198486
626,-0.23163974323816308,-0.06484193401880191,0.005865852231031484,-0.06315893884719423
627,-0.20032235649691607,-0.040002654598289195,-0.0009758275141334675,-0.08405151569709676
628,-0.2033419017431453,-0.07402034384425205,0.007045568404684026,-0.07989861372157855
629,-0.1517795225756831,0.0066253263072534,0.006235842184268291,-0.03715623652354232
630,-0.19145989927415252,-0.07802593764060803,0.010822850209328834,-0.06739931237040489
631,-0.20990077794750142,-0.09304088753815312,0.015345843658518606,-0.0202000256055802
632,-0.13541368628637734,0.04199559752787456,0.06209609655558633,0.021546562904854877
633,-0.19023482775456546,-0.07445198473084028,-0.042803690076200086,-0.04326016389664026
634,-0.18114062325770725,-0.00752307665979507,0.0480272110657556,-0.04445136255442635
635,-0.20866244284658625,-0.0531158953559254,0.02975243623250722,-0.043477858974095035
636,-0.1826689835947609,-0.05132322021758812,0.035409952595331765,0.12446109120101927
637,-0.18209224576552357,-0.06257164028527287,0.06578024825904379,0.11024763979880704
638,0.33052248161363035,0.0929187853253193,-0.001722355417513545,0.000895633439127126
639,0.3286523325699739,0.07591344278231207,-0.017368794442933943,0.08489818484379634
640,-0.18481396738667474,0.14345917753927118,0.0033944261554160185,0.06860222592704951
641,0.3782113240409085,0.09093591681039226,0.00043177437701441774,0.14529848637334256
642,-0.1853786849285318,0.12614246645686764,-0.0005824469280643297,0.0293586825623424
643,0.38895897438421373,0.08884607116545618,-0.000898601199695991,0.11866960955990553
644,0.36423535214632624,0.08024999725997159,-0.0019491435232375767,0.09612832504652048
645,0.3539437687078387,0.07927019440742264,-0.0041453530185319625,0.0772253182105238
646,0.3959494401456532,0.07368217763885938,-0.004170313647056624,0.12486505127624149
647,0.39332175971040345,0.06867516695436464,-0.004402872019100774,0.155537244709672
648,-0.15881627392232012,0.10530600430628552,0.008946995551949107,0.06419124020477877
649,-0.1820745930755085,-0.013263331883773967,0.003057803456673279,-0.010142446775034194
650,-0.20071927000702994,-0.06725796545693481,0.007737317679253553,-0.055206425293428965
651,-0.2291408994183409,-0.06578267416841467,0.004920677103770391,-0.06851383413318476
652,-0.22296994732678063,-0.02405059099065937,0.0146412447580968,-0.06784068969733952
653,-0.17657470922922242,-0.006435822445399783,0.031248839088981628,-0.0027192593346007194
654,-0.12581601600134681,0.028655694378265505,0.037775592049350416,-0.031533035079755765
655,0.34701121551317204,0.0867457805906934,0.011124007663992179,-0.07256680628495892
656,-0.19023688982754355,0.14334163584239124,-0.05454917536121409,-0.03661708535444071
657,-0.1597675016500701,0.09506610390853981,-0.03177622929309103,-0.04477531802031371
658,-0.21113958450164919,0.05881378893851749,-0.011047775977676888,-0.053256191952717094
659,-0.19705822213829552,-0.009013917723152185,0.008530268709063189,-0.12766277088189235
660,-0.19720883199835698,-0.019841190664685038,0.0009368825224851513,-0.13189177034013008
661,-0.16203105588895111,-0.022635027619044235,-0.0005995479659878332,-0.14900800862610278
662,-0.18392822666460273,-0.013577872264769359,-0.0070738663782797875,-0.12102634327963353
663,-0.20099028562066348,-0.02566794662739248,-0.004080734028144494,-0.03966365570062106
664,-0.1677458910587919,-0.04229176061743595,-0.001292491445459417,-0.07756036182164397
665,-0.18683898774450441,-0.05896532304547767,-0.003351957596214979,-0.057940556914709396
666,-0.23069692984393173,-0.07291224254569877,-0.002253004679588329,-0.03565842777062691
667,-0.21605731455758242,-0.04265040293392111,-0.005954516418996199,-0.010749861662746331
668,-0.17319241369551283,0.041024310115940966,-0.0014477895846766045,0.23433059694699254
669,0.3326159032203095,0.10185177921685266,0.00021882554803673139,0.07766620567190088
670,-0.1649487500996786,0.1555047799155865,0.0009184585117504549,0.0152549348716298
671,-0.15501609591583893,0.08216225621304761,0.0020102145613796188,0.17380016258128503
672,0.3673846122600453,0.09237595546624212,0.0008545231197633312,0.11097027242796269
673,0.3782113240409085,0.09093591681039226,0.00043177437701441774,0.14529848637334256
674,-0.1853786849285318,0.12614246645686764,-0.0005824469280643297,0.0293586825623424
675,-0.20657753890050048,-0.01035640105140892,-0.006290814689568752,-0.02927110199063583
676,0.3797165429161842,0.08659609456217343,-0.0015851058420593897,-0.1159067229950995
677,0.38160158757683366,0.08899308536624032,-0.0017419624550909377,-0.12003190184678456
678,0.3734470312047261,0.08958465220285644,-0.0021607376752079363,-0.14064461509130188
679,0.3738126797323479,0.08875764322418765,-0.0022631157449608257,-0.14191759441762136
680,0.36505155853608795,0.07979191272205757,-0.0032253597144948454,-0.11837801449727743
681,-0.1183660938533384,0.12652891984762146,0.06872830835020646,0.48037050681475263
682,0.35703107156266906,0.05051854884817073,-0.005378873674904321,0.13263970721089607
683,0.36313454013945623,0.05214932945362694,-0.005385125990571957,0.12491171034432105
684,0.3772112668778419,0.05665874067347162,-0.005077923030341456,0.1060183694258611
685,-0.19917881403054202,-0.030495225980236816,-0.014534349982115771,-0.0628658615017521
686,-0.17920491971355135,-0.01973816827557101,-0.016215289229221042,-0.04924407533342543
687,-0.22868684758842273,-0.05000189102086949,-0.013223326520282946,-0.03724291145074003
688,-0.17398109314341847,-0.07674292862136188,-0.0021370553353818843,-0.08236588038537164
689,-0.1930921404478365,-0.06821724486112284,-0.0067928124406194485,-0.0805607116172036
690,-0.16571767382546806,-0.0609925433036249,0.005687188684760263,-0.10097987100462565
691,-0.18797975938107903,-0.04978349346120305,0.004337497606731822,-0.085985588986594
692,-0.2342123288864405,-0.09200308679467523,-0.009321077345898817,-0.024776286652336176
693,-0.16762757163957873,-0.047253226375007173,-0.013196204479336724,-0.04877670553522633
694,-0.19421368141328696,-0.10288971242795662,-0.011837989909905314,-0.05010954279041668
695,-0.19655850553432264,-0.08873748843452209,0.005496694627528629,-0.04157138505798456
696,-0.1997396778865158,-0.012541905079484907,0.03899202030828782,-0.004709148319794431
697,-0.20614333991317074,-0.11748078754924325,-0.025198370995458696,0.10046568167955844
698,-0.18548738061523273,-0.07391433397718379,0.061203471768426415,0.07881051547385987
699,-0.1847063350396735,-0.05883618285446571,-0.017441514538484495,0.08279251745910803
700,-0.16414117552756866,0.010313332144528894,-0.004886568191697381,0.25242958832261214
701,0.3673846122600453,0.09237595546624212,0.0008545231197633312,0.11097027242796269
702,0.3782113240409085,0.09093591681039226,0.00043177437701441774,0.14529848637334256
703,0.3637633565340489,0.08670593452051767,-0.0017535150715211208,0.06867019087912109
704,0.38895897438421373,0.08884607116545618,-0.000898601199695991,0.11866960955990553
705,0.36423535214632624,0.08024999725997159,-0.0019491435232375767,0.09612832504652048
706,0.3539437687078387,0.07927019440742264,-0.0041453530185319625,0.0772253182105238
707,0.3959494401456532,0.07368217763885938,-0.004170313647056624,0.12486505127624149
708,0.39332175971040345,0.06867516695436464,-0.004402872019100774,0.155537244709672
709,0.3794207862010826,0.05776869663431066,-0.0037824744398640762,0.18374132395158013
710,0.37912769364153404,0.05743381959215507,-0.003887421829687162,0.18336978159199147
711,0.37449977762193704,0.05508341851059633,-0.0041230163858851894,0.18843269912212493
712,-0.1547797067818917,0.03988940755225901,-0.03440214156258152,0.40432890121518317
713,0.3386676740477443,0.0722465565316036,-0.0018312638260776603,0.19610730961646727
714,0.3386676740477443,0.0722465565316036,-0.0018312638260776603,0.19610730961646727
715,0.3386676740477443,0.0722465565316036,-0.0018312638260776603,0.19610730961646727
716,0.3386676740477443,0.0722465565316036,-0.0018312638260776603,0.19610730961646727
717,0.3386676740477443,0.0722465565316036,-0.0018312638260776603,0.19610730961646727
718,-0.13094015865504352,0.08435378346277402,0.06441351610726749,0.3974553653787807
719,0.3255991264402181,0.07289237263413184,-0.002154269232970284,0.14114234794842698
720,0.3176645972487749,0.06993691470067265,-0.002143112809725696,0.15202117865008366
721,0.3176645972487749,0.06993691470067265,-0.002143112809725696,0.15202117865008366
722,0.3293611039111011,0.07069750272928137,-0.0020494758747804775,0.17547890777262978
723,0.3383505194508215,0.0722465565316036,-0.0018848699674759348,0.1955122456891125
724,-0.18494878031064968,-0.0358116305973278,0.00031122087136415376,-0.06214892434163026
725,-0.1747336154258489,0.026909910352550984,0.01987843738902306,0.030174842870021625
726,0.3329795001586908,0.09661927191067649,0.02975228500503109,-0.11077295211832974
727,-0.16599110843746348,0.2977786236119305,0.0456161763077176,0.05089440963528919
728,0.23714612362558807,0.12384912099556457,-0.030051942457875225,-0.16237272498642458
729,-0.17938233468841353,0.17956621040016557,-0.09166488527250889,-0.04477297522119153
730,-0.142919842978171,0.07733496490842914,-0.029630392062320203,-0.07980814186437628
731,-0.18554918233699794,0.06610555123704953,0.00011179159193572422,-0.08073539695773681
732,-0.21774656805915668,0.013101631621983035,-0.0010021431251174176,-0.05378766762793369
733,-0.1503068347871173,-0.004337770629656038,0.004082834114268481,-0.0831351092956833
734,-0.14150763929394666,0.04282610636697958,0.0032290974595640524,-0.03124268406032707
735,0.3434984167976153,0.09520217836664707,-0.10242318364608516,-0.06088415602904856
736,-0.19858836480140188,0.18397360572738589,0.007069745457720757,-0.049233092379698404
737,-0.1681717603347567,0.08870105028391992,-0.00240300863083354,0.13254803979691918
738,-0.16846620450238078,0.07007163091449099,-0.0050718170317970495,0.11248642731450163
739,-0.12713060999831505,0.23548752511796373,0.0027256985018159186,0.2624063264713213
740,0.32931889113786,0.08812492063690334,0.0028655652153078246,0.08976588122157599
741,0.3673846122600453,0.09237595546624212,0.0008545231197633312,0.11097027242796269
742,0.3782113240409085,0.09093591681039226,0.00043177437701441774,0.14529848637334256
743,0.3637633565340489,0.08670593452051767,-0.0017535150715211208,0.06867019087912109
744,0.38895897438421373,0.08884607116545618,-0.000898601199695991,0.11866960955990553
745,0.36423535214632624,0.08024999725997159,-0.0019491435232375767,0.09612832504652048
746,0.3539437687078387,0.07927019440742264,-0.0041453530185319625,0.0772253182105238
747,0.3959494401456532,0.07368217763885938,-0.004170313647056624,0.12486505127624149
748,0.39332175971040345,0.06867516695436464,-0.004402872019100774,0.155537244709672
749,0.3794207862010826,0.05776869663431066,-0.0037824744398640762,0.18374132395158013
750,0.37912769364153404,0.05743381959215507,-0.003887421829687162,0.18336978159199147
751,-0.21364524088007666,-0.02123550105242592,-0.00021581390498447375,-0.11624133501927036
752,-0.21603721475334517,-0.03747075041375485,-0.003567837543963633,-0.09384575113946053
753,-0.2159323445030203,-0.04861434856438102,0.0004093913484581815,-0.09139060005145246
754,-0.21872852561716696,-0.05939492273758967,0.0019961318985653818,-0.08645848119082016
755,-0.21438187398612782,-0.04396639756657463,-0.003594688816538608,-0.084658685223784
756,-0.1988504818830048,-0.0338849603368042,-0.0028361474010773513,-0.0788334635600928
757,-0.19722354098694386,-0.013825953197245971,-0.003353074409157396,-0.08181985410930988
758,-0.20153173565848675,-0.05613571678051559,0.004885285515667872,-0.10163141660792588
759,-0.19994281023397284,-0.04546480725037686,0.004803802612714759,-0.11528412804631762
760,-0.19775689408346217,-0.09906585346210381,0.011592175856071401,-0.05599910148103968
761,-0.1984373360240598,-0.10496857571086375,0.013770355299008634,-0.05694501480468573
762,-0.2027904923661517,-0.07717088920494615,-0.015206042370625951,-0.06442868962348505
763,-0.2171248935333744,-0.004340623086324047,0.043463939481191746,-0.08118785408224823
764,-0.21943888337066259,-0.006451303923174076,0.03892013109865989,-0.08112625566351384
765,-0.1849550864617645,-0.04509310713147233,0.03835667506376638,-0.06527659949409685
766,-0.13781185621885736,-0.027903720189389913,0.040609679086488965,-0.10939147285958527
767,-0.1862063872644364,-0.08213914343454562,-0.02002095415556864,-0.03938262067494301
768,-0.19847084759803368,-0.09411264357103136,-0.01691284354868968,-0.03585471649689376
769,-0.17285260827156626,-0.0836389088442678,-0.019951337804442637,-0.08216018287473545
770,-0.21634109832029133,-0.04521444503049102,-0.01622461782041811,-0.03824135380455114
771,-0.16866285416566948,-0.04147161617376456,-0.01934783661186252,-0.08033267722653971
772,-0.18718948739722852,-0.036397327936040696,-0.015809072323288955,-0.059990728867801546
773,-0.16526180472432073,-0.037671309667159536,-0.01945984578190419,-0.07464034266779342
774,-0.2021928214178138,-0.03171716266277024,-0.020155170117703573,-0.06106405925366095
775,-0.2264191776076699,-0.04301501982945796,-0.02470723764913716,-0.023215660274102386
776,-0.16667141592096496,-0.03751434110100148,-0.025367555642409324,-0.05843670534014627
777,-0.1863775837883038,-0.05048429660639245,-0.024183001457656894,-0.06034683251291295
778,-0.17977739298418774,-0.03771466104626105,0.057365540726951304,0.11088476800499618
779,-0.19957202677563715,-0.09441531438790768,-0.029137865278199532,0.06549353361599775
780,-0.18983662204906615,-0.0801802101232275,-0.02987853656096091,0.03342725003539932
781,0.32931889113786,0.08812492063690334,0.0028655652153078246,0.08976588122157599
782,0.3673846122600453,0.09237595546624212,0.0008545231197633312,0.11097027242796269
783,0.3782113240409085,0.09093591681039226,0.00043177437701441774,0.14529848637334256
784,-0.1389011155127054,0.10802219566296868,0.08093504584812965,0.31155587786713446
785,0.41193823972874416,0.06578774351426574,-0.0032639659725300285,0.10833572675130881
786,0.39831302348594466,0.06689701347678566,-0.0029070986824435473,0.1262695782696174
787,0.38405416421127014,0.05082926741510386,0.004803662930647288,0.15202346770150882
788,0.3956850278479789,0.06705631942324328,-0.0028623976957579686,0.1289907437946472
789,0.39839960948501124,0.06749086660863497,-0.0027557763290595085,0.13502176923702452
790,-0.13094015865504352,0.08435378346277402,0.06441351610726749,0.3974553653787807
791,0.3255991264402181,0.07289237263413184,-0.002154269232970284,0.14114234794842698
792,0.3176645972487749,0.06993691470067265,-0.002143112809725696,0.15202117865008366
793,0.3176645972487749,0.06993691470067265,-0.002143112809725696,0.15202117865008366
794,0.3293611039111011,0.07069750272928137,-0.0020494758747804775,0.17547890777262978
795,0.3383505194508215,0.0722465565316036,-0.0018848699674759348,0.1955122456891125
796,-0.17638543495964543,0.04716236675493616,-0.04179422033458197,0.3002258513454057
797,-0.17625923148686684,0.04718691171377119,-0.04177681986965043,0.300057702448861
798,-0.1757032312541208,0.04718691171377119,-0.04177681986965043,0.2995017022161152
799,-0.1746845590335724,0.0472818627816447,-0.04182743038007175,0.2984386894381149
800,-0.13467073266696938,0.1260821201366888,0.06835513924062439,0.3777283099309845
801,-0.13653108850040382,0.12054176760800824,0.07221757672648522,0.3630158035275312
802,-0.13945423448057573,0.11046241047746994,0.07125448671814003,0.34763687415570577
803,-0.1401044407158834,0.1086246824575589,0.07125448671814003,0.34422345369827745
804,-0.1395729982626237,0.07079307786678746,-0.03698238801449847,0.43851059596935044
805,0.3557302083354566,0.051510129056017845,-0.005291802718587938,0.14431089212707687
806,0.35291022300997305,0.051158726445323884,-0.00530273036096097,0.13604423485249592
807,0.35703107156266906,0.05051854884817073,-0.005378873674904321,0.13263970721089607
808,0.36313454013945623,0.05214932945362694,-0.005385125990571957,0.12491171034432105
809,0.3772112668778419,0.05665874067347162,-0.005077923030341456,0.1060183694258611
810,0.38354135415154494,0.05857152999114744,-0.005160156744773114,0.09642844755648583
811,0.38329391335776103,0.05876010770536119,-0.005153554620058086,0.0952424717604741
812,-0.12715148607510113,0.0849643140756387,0.06957334805987497,0.4740681344947152
813,0.3539743281854808,0.03688143327789272,0.010942897181177413,0.16765652567508954
814,0.3573593351465359,0.036369695118955415,0.011170454943946846,0.16455569911020215
815,0.36329214995057046,0.03803142986847535,0.011234052442623816,0.15689755205797146
816,0.3772112668778419,0.05665874067347162,-0.005077923030341456,0.1060183694258611
817,0.38354135415154494,0.05857152999114744,-0.005160156744773114,0.09642844755648583
818,0.38488771746080247,0.04500379121534431,0.01107087436817476,0.12683356402916687
819,0.38349078349150606,0.05993639576048435,-0.005335469179753093,0.08817946657603305
820,0.3835825009211125,0.060922319425527956,-0.005281421637865318,0.08704777793949545
821,-0.15813412806413826,0.03970425829717102,-0.03439810765019872,0.4078644378401345
822,0.34606572028339694,0.07292190341054601,-0.0018028165826844901,0.211355892980373
823,0.34606572028339694,0.07292190341054601,-0.0018028165826844901,0.211355892980373
824,0.34606572028339694,0.07292190341054601,-0.0018028165826844901,0.211355892980373
825,0.34606572028339694,0.07292190341054601,-0.0018028165826844901,0.211355892980373
826,0.34606572028339694,0.07292190341054601,-0.0018028165826844901,0.211355892980373
827,0.34606572028339694,0.07292190341054601,-0.0018028165826844901,0.211355892980373
828,0.34606572028339694,0.07292190341054601,-0.0018028165826844901,0.211355892980373
829,-0.1389011155127054,0.10802219566296868,0.08093504584812965,0.31155587786713446
830,0.41193823972874416,0.06578774351426574,-0.0032639659725300285,0.10833572675130881
831,0.39831302348594466,0.06689701347678566,-0.0029070986824435473,0.1262695782696174
832,0.3956850278479789,0.06705631942324328,-0.0028623976957579686,0.1289907437946472
833,0.3956850278479789,0.06705631942324328,-0.0028623976957579686,0.1289907437946472
834,0.39839960948501124,0.06749086660863497,-0.0027557763290595085,0.13502176923702452
835,0.4041514010490707,0.06798459123089681,-0.0027229770355800408,0.146915462531014
836,0.4088041153764625,0.06827928582567645,-0.0026736962444825307,0.1565119557615947
837,-0.15142058254442203,0.09759829518096184,0.08013012726470736,0.3625177667722333
838,0.409518049282564,0.06868540672171816,-0.002687031136982578,0.15923669414106134
839,-0.21152730012536908,0.048620222035026736,-0.0067705800076931525,0.04802187787893913
840,-0.19431699081122322,-0.009813083699496586,-0.010552006355479551,0.11020527791589328
841,-0.14277326651893912,0.06724746818509436,-0.0367898233381078,0.4372128985939249
842,0.3550288604188639,0.05189312996798871,-0.005266247783129038,0.15204725597859203
843,0.3557302083354566,0.051510129056017845,-0.005291802718587938,0.14431089212707687
844,0.35291022300997305,0.051158726445323884,-0.00530273036096097,0.13604423485249592
845,0.35703107156266906,0.05051854884817073,-0.005378873674904321,0.13263970721089607
846,0.36313454013945623,0.05214932945362694,-0.005385125990571957,0.12491171034432105
847,0.3772112668778419,0.05665874067347162,-0.005077923030341456,0.1060183694258611
848,0.38354135415154494,0.05857152999114744,-0.005160156744773114,0.09642844755648583
849,-0.13873069616364003,0.08617531481254745,0.06379688856477199,0.4460642474183532
850,0.34606572028339694,0.07292190341054601,-0.0018028165826844901,0.211355892980373
851,0.34606572028339694,0.07292190341054601,-0.0018028165826844901,0.211355892980373
852,0.34606572028339694,0.07292190341054601,-0.0018028165826844901,0.211355892980373
853,-0.17230295535544757,0.027255726394153357,0.02027737955843957,-0.017781869904217203
854,-0.13701107829434556,-0.05815716260187504,-0.005675720576284391,-0.15545842890584094
855,-0.17317934649842587,-0.018238403025750225,0.005132339528858526,0.0015587617824406805
856,0.3119444964470495,0.11155322096366987,-0.004172664639261075,-0.05333611372553794
857,0.2287613541757094,0.12251979667872713,-0.010961055719023402,-0.16685295612285064
858,-0.21730575777751093,0.1678098981820429,-0.08953272824147397,-0.026849351730834765
859,-0.1793077192817348,0.08347282118923982,-0.006979519694672689,-0.06633045485918107
860,0.3592531525515778,0.1042206222585358,-0.0009028605368953825,-0.05800650102961833
861,0.2812658976745811,0.09904258234743808,-0.0313874846486726,-0.19068728245077451
862,-0.16020859078666008,0.19377907927587076,-0.0648295123944969,-0.027363897211816413
863,-0.18583275752618278,0.05919638762035258,-0.01339005958483789,-0.023200941115510805
864,-0.14388669404845927,0.08830326013740102,0.00011332628626455461,-0.05011315570564225
865,0.23933929195369658,0.10791511536468333,-0.07311945075983178,-0.15269270000176044
866,-0.17247017433328382,0.1622748191930487,-0.027715876211056353,-0.024983734111530737
867,0.3897709509152463,0.0927692436372158,-0.025250773030615146,0.018874923921600107
868,0.3434243279209746,0.10053606937147494,0.0023953204028929883,0.1029449105506806
869,-0.16727114385442562,0.18155814894165317,0.003470092459495104,0.08760969174297797
870,0.33052248161363035,0.0929187853253193,-0.001722355417513545,0.000895633439127126
871,0.32931889113786,0.08812492063690334,0.0028655652153078246,0.08976588122157599
872,0.3673846122600453,0.09237595546624212,0.0008545231197633312,0.11097027242796269
873,0.3782113240409085,0.09093591681039226,0.00043177437701441774,0.14529848637334256
874,0.3637633565340489,0.08670593452051767,-0.0017535150715211208,0.06867019087912109
875,0.38895897438421373,0.08884607116545618,-0.000898601199695991,0.11866960955990553
876,0.36423535214632624,0.08024999725997159,-0.0019491435232375767,0.09612832504652048
877,0.3539437687078387,0.07927019440742264,-0.0041453530185319625,0.0772253182105238
878,0.3959494401456532,0.07368217763885938,-0.004170313647056624,0.12486505127624149
879,0.39332175971040345,0.06867516695436464,-0.004402872019100774,0.155537244709672
880,-0.1839008172822301,-0.023101265094075993,0.05432355172336844,0.12329473844156563
881,0.37315724011616075,0.07561993464087756,-0.009220216228388948,0.15101315904839785
882,0.3626603533945967,0.07148962204542941,0.0018731750302186658,0.08766354426132114
883,0.3845395388793383,0.07325663344174546,-0.0026191807905591538,0.13231569324950218
884,0.36096247139276205,0.0648762735713602,0.002496752037089993,0.11594088388730833
885,0.3548937590550521,0.0640922102877771,0.008276343401994367,0.10501367791150966
886,-0.13873069616364003,0.08617531481254745,0.06379688856477199,0.4460642474183532
887,-0.13873069616364003,0.08617531481254745,0.06379688856477199,0.4460642474183532
888,-0.13873069616364003,0.08617531481254745,0.06379688856477199,0.4460642474183532
889,-0.13873069616364003,0.08617531481254745,0.06379688856477199,0.4460642474183532
890,-0.13873069616364003,0.08617531481254745,0.06379688856477199,0.4460642474183532
891,-0.13873069616364003,0.08617531481254745,0.06379688856477199,0.4460642474183532
892,-0.11997296787265488,0.1253385011502936,0.06863871850848759,0.4827497123052605
893,0.35291022300997305,0.051158726445323884,-0.00530273036096097,0.13604423485249592
894,0.35703107156266906,0.05051854884817073,-0.005378873674904321,0.13263970721089607
895,0.36313454013945623,0.05214932945362694,-0.005385125990571957,0.12491171034432105
896,0.3772112668778419,0.05665874067347162,-0.005077923030341456,0.1060183694258611
897,0.38354135415154494,0.05857152999114744,-0.005160156744773114,0.09642844755648583
898,0.38329391335776103,0.05876010770536119,-0.005153554620058086,0.0952424717604741
899,0.38349078349150606,0.05993639576048435,-0.005335469179753093,0.08817946657603305
900,-0.20561030314613732,0.006500363789609861,0.01348265519751782,-0.07082773036985192
901,-0.18772045849484187,0.0017929612144669221,-0.0069821023378565175,-0.04296368938834306
902,0.38160158757683366,0.08899308536624032,-0.0017419624550909377,-0.12003190184678456
903,0.3734470312047261,0.08958465220285644,-0.0021607376752079363,-0.14064461509130188
904,0.3738126797323479,0.08875764322418765,-0.0022631157449608257,-0.14191759441762136
905,0.36505155853608795,0.07979191272205757,-0.0032253597144948454,-0.11837801449727743
906,-0.16608891363389827,0.11034178093086319,0.019116534075440155,0.06256317728667862
907,0.45107074450116497,0.08459803611939763,-0.006051435859773218,0.009360981321095498
908,0.44601088313027076,0.09764237565800671,0.001912415713663837,0.007267527533036583
909,0.32861345687375193,0.09779482802037127,-0.004116693121925602,-0.12368625308883313
910,0.19807769238286796,0.09879734534698939,-0.010806708082267583,-0.3448914834770692
911,0.3068290008223856,0.10217846392540436,-0.004121788080862919,-0.10317926531027741
912,0.3119444964470495,0.11155322096366987,-0.004172664639261075,-0.05333611372553794
913,0.2287613541757094,0.12251979667872713,-0.010961055719023402,-0.16685295612285064
914,0.337346803801527,0.13361590519147637,-0.002653914262118803,0.04440178872846987
915,0.23714612362558807,0.12384912099556457,-0.030051942457875225,-0.16237272498642458
916,0.27015356936864543,0.13374519866745319,-0.0012541448756160922,-0.07372444864880134
917,0.2180527520200128,0.13217064741388682,0.014619593713053724,-0.16004686736950477
918,0.3150190680380446,0.13178982517994,0.022033514918081802,-0.029445467679065716
919,0.3599304715887305,0.13696949386151785,0.022875883995430828,0.09538963548227773
920,0.23252917542844417,0.12547370492744753,0.010613347294503509,-0.14591557531814175
921,0.2623521362053899,0.13440752349980048,0.02417479249719232,-0.07076512002518917
922,0.40577256845569865,0.11386277999380791,0.02921056181445921,0.05538292615103467
923,0.39438748407642227,0.10646660546077626,0.00515318968056459,0.03391222335232029
924,0.3434243279209746,0.10053606937147494,0.0023953204028929883,0.1029449105506806
925,0.3326159032203095,0.10185177921685266,0.00021882554803673139,0.07766620567190088
926,0.33052248161363035,0.0929187853253193,-0.001722355417513545,0.000895633439127126
927,0.32931889113786,0.08812492063690334,0.0028655652153078246,0.08976588122157599
928,0.3673846122600453,0.09237595546624212,0.0008545231197633312,0.11097027242796269
929,0.3782113240409085,0.09093591681039226,0.00043177437701441774,0.14529848637334256
930,0.3637633565340489,0.08670593452051767,-0.0017535150715211208,0.06867019087912109
931,0.38895897438421373,0.08884607116545618,-0.000898601199695991,0.11866960955990553
932,0.36423535214632624,0.08024999725997159,-0.0019491435232375767,0.09612832504652048
933,-0.16586497301518568,-0.024486234034995714,0.04080860107766129,0.15271396704438314
934,-0.20256736119562604,-0.07522145069455426,-0.025187470459137502,0.10377890289580942
935,-0.20533771300391387,-0.06995946017810435,-0.03171632949847692,0.13313213543007263
936,-0.19590587841468665,-0.06328558415592733,-0.033940669412156524,0.09378793715213464
937,-0.2079477894875231,-0.0640533142042323,-0.03435216778493028,0.10302689406059871
938,-0.18974834657886355,-0.0511947169703538,-0.036772963432247265,0.15268888046490683
939,-0.1843086816568924,-0.050026524756047026,-0.03713821830566455,0.15231246501176937
940,-0.19278324741436306,-0.03218523964392851,-0.03709351209404617,0.1840652945399207
941,-0.20561030314613732,0.006500363789609861,0.01348265519751782,-0.07082773036985192
942,0.3797165429161842,0.08659609456217343,-0.0015851058420593897,-0.1159067229950995
943,0.38160158757683366,0.08899308536624032,-0.0017419624550909377,-0.12003190184678456
944,0.3734470312047261,0.08958465220285644,-0.0021607376752079363,-0.14064461509130188
945,0.3738126797323479,0.08875764322418765,-0.0022631157449608257,-0.14191759441762136
946,0.36505155853608795,0.07979191272205757,-0.0032253597144948454,-0.11837801449727743
947,-0.18845149071669928,-0.04559585422915216,0.04570628906982662,0.11467344133367462
948,-0.1873249032672023,0.010987650256245433,-0.017607258079017467,0.24210048601936257
949,-0.1837916473223095,-0.009065745951066979,-0.02172303299316062,0.16544100219176067
950,-0.20872521831301127,-0.07463714301877641,-0.030084223639616037,0.12628972523475657
951,-0.19587336350554604,-0.08850033528602996,-0.03392788912811819,0.15603001974083203
952,-0.18938219480205767,-0.08002205456365724,-0.03519712734951771,0.15534445609782288
953,-0.19278324741436306,-0.03218523964392851,-0.03709351209404617,0.1840652945399207
954,-0.1832240289318172,-0.009399446754587438,-0.040986517740757324,0.258358500512406
955,-0.16190920340473686,0.03213920344826357,-0.03656185473527417,0.38081701607530366
956,-0.16105029171149218,0.035411159280132005,-0.03653449604538146,0.3846460065399358
957,-0.1511801149195946,0.06239231402114793,-0.035690756524985295,0.43155937641007586
958,-0.14719492260662262,0.06669016267800039,-0.036711943725202076,0.4418168037555888
959,-0.14277326651893912,0.06724746818509436,-0.0367898233381078,0.4372128985939249
960,-0.1395729982626237,0.07079307786678746,-0.03698238801449847,0.43851059596935044
961,-0.19136309910168373,-0.0033679453258699922,-0.008981929712537846,-0.06304645654385609
962,-0.18841192976695711,-0.003644773363957091,-0.00949047213211747,-0.0751926044428694
963,-0.18810448879529568,-0.00465316264808049,-0.009531175424950647,-0.07494624753792077
964,-0.18488378915967624,-0.035476913333628145,-0.011493952442029894,-0.04189239766937242
965,-0.11892562293256174,0.12752906662058963,0.06899527030010813,0.47603666240071
966,0.36313454013945623,0.05214932945362694,-0.005385125990571957,0.12491171034432105
967,0.3772112668778419,0.05665874067347162,-0.005077923030341456,0.1060183694258611
968,0.38354135415154494,0.05857152999114744,-0.005160156744773114,0.09642844755648583
969,0.38329391335776103,0.05876010770536119,-0.005153554620058086,0.0952424717604741
970,0.38349078349150606,0.05993639576048435,-0.005335469179753093,0.08817946657603305
971,0.3835825009211125,0.060922319425527956,-0.005281421637865318,0.08704777793949545
972,0.3837781462861883,0.061189537143743714,-0.005281421637865318,0.086584914856204
973,-0.19383357096203777,-0.0047889390666869,-0.002033308922807107,-0.11956818414200589
974,-0.17294279147099975,0.02135245998209693,0.0032438143193468175,0.0005907386812878773
975,0.36154918516674145,0.08240119355302175,-0.0035490913608447884,-0.11697545479991514
976,-0.19239073961130057,0.11858461041423897,0.004549532826454062,-0.15666270737226365
977,-0.21028379593274232,0.07626731321524113,0.0002022936462084863,-0.09751896270793252
978,-0.20460194931483913,0.10554086126737211,0.0015808259468921635,-0.053435461133117
979,-0.1644648087613547,0.07432609275199245,-0.00577569703340536,-0.039961587409845435
980,-0.12352332516371729,0.020837149201137033,-0.008183331038698671,-0.1451995636203593
981,-0.17511878952685003,-0.006311589241526817,-0.000886121842132232,-0.0802024773341772
982,-0.18043878328981172,0.014080700393406325,0.010392552400206529,-0.05077256256628847
983,-0.16062098781626089,-0.012470504504338422,0.008192467503562203,-0.08875671212519244
984,-0.20098815734521158,0.026564324443112828,0.0192684010744378,0.019191178703986952
985,-0.16807007825415907,-0.045384305777533246,0.004174734831751344,-0.07335806479302069
986,-0.19513413096396445,-0.0838689579339477,-0.0008356834502760848,-0.07422424957694203
987,-0.17103748806851932,-0.06962829550799164,-0.00664352864577212,-0.09534739433294626
988,-0.20867581693864787,-0.0685094240642532,-0.003721702182903829,-0.08144214631216803
989,-0.23030711597800524,-0.06424281605362751,-0.00644192113809972,-0.04096746052534377
990,-0.1754797264427887,-0.09145062760425803,-0.013371565379582388,-0.06494555125641852
991,-0.186742318095826,-0.05747833406249694,-0.011982467688161247,-0.047941984890092174
992,-0.233708710401864,-0.09297594687434042,-0.005933164657977308,-0.026317535843972832
993,-0.22497327004324408,-0.09655337458545224,-0.006571727815444108,-0.012880890743446314
994,-0.2020891412915554,-0.09684285176024449,-0.020367778492659996,0.11418147289322271
995,-0.20630160518649873,-0.13265057804799482,-0.02692303218025299,0.06831262669663156
996,-0.1949430001825857,-0.11174822155070648,-0.02599206850762936,0.037905969334074044
997,0.32931889113786,0.08812492063690334,0.0028655652153078246,0.08976588122157599
998,0.3673846122600453,0.09237595546624212,0.0008545231197633312,0.11097027242796269
999,0.3782113240409085,0.09093591681039226,0.00043177437701441774,0.14529848637334256
1000,-0.148526291177068,-0.04929974545902173,0.012359891249717677,0.007571879997753233
1001,-0.15796199309840406,-0.10885602166876204,0.009582005091834017,-0.001449183458152501
1002,-0.16048303535306058,-0.07814260910718028,-0.0054888989271378,-0.03341081156546663
1003,-0.16128804112767478,-0.07908645010141925,-0.006723499851047113,-0.021824323360302694
1004,-0.16167774335396298,-0.07908497256814856,-0.009539632828444243,-0.042674741193399875
1005,-0.16390597696788448,-0.1240107993595538,0.018387792294127757,-0.03704530819655443
1006,-0.1645991698230117,-0.12139475232981249,0.0201315894628349,-0.04388731316099347
1007,-0.16724805776990384,-0.11786231113179456,-0.011324372060911223,-0.031051530983098555
1008,-0.16594355031433308,-0.10604183148877035,-0.011453465247759443,-0.04739243303182983
1009,-0.16349151811659357,-0.14435135308094244,0.028355224668633716,-0.010223036303921308
1010,-0.1619185986414521,-0.1436883619413363,0.027510989184731504,0.0004991694012543732
1011,-0.17666172607005867,-0.10812897066672653,-0.019036799135532505,-0.009601077951800452
1012,-0.17561639185751377,-0.10528938492034146,-0.02462896924462179,0.003874406440590471
1013,-0.16447299810505628,-0.057545477662988,-0.03514515638471474,0.05307346839141947
1014,-0.16184530877548053,-0.02791013681081992,-0.030132599435685345,0.10053183642551201
1015,-0.16721707512404285,-0.014599538215329878,-0.029350828263306452,0.1600062623453664
1016,-0.14259192880106425,-0.008120734474297904,-0.031094865271279273,0.32917782441812404
1017,0.29060355877970023,0.06859973668716265,-0.0029404193390758144,0.06357729550107795
1018,0.307230675846949,0.07170394202159204,-0.0023487474100853892,0.1007633226095886
1019,0.32396566122043874,0.07263128395890635,-0.002154269232970284,0.1345225500898528
1020,0.32396566122043874,0.07263128395890635,-0.002154269232970284,0.1345225500898528
1021,0.32396566122043874,0.07263128395890635,-0.002154269232970284,0.1345225500898528
1022,0.32396566122043874,0.07263128395890635,-0.002154269232970284,0.1345225500898528
1023,0.32396566122043874,0.07263128395890635,-0.002154269232970284,0.1345225500898528
1024,0.32396566122043874,0.07263128395890635,-0.002154269232970284,0.1345225500898528
1025,0.32396566122043874,0.07263128395890635,-0.002154269232970284,0.1345225500898528
1026,0.32396566122043874,0.07263128395890635,-0.002154269232970284,0.1345225500898528
1027,-0.1879323613050663,-0.040049591869086035,-0.005951861825631602,-0.11360448268145214
1028,-0.22315604798679395,-0.02773979137585486,0.005265922287572859,-0.022286668785565008
1029,-0.1711668871845185,-0.06496757424171577,-0.004888519100522099,-0.07500263644356946
1030,-0.1926133526691229,-0.08992998032500474,-0.008183687324033927,-0.0665544069427593
1031,-0.2297879653410512,-0.06327640897269785,-0.0066286608958850204,-0.04801076931071334
1032,-0.21788567871197925,-0.05317332729659869,-0.0040166134553037665,-0.016108545858129066
1033,-0.17966226396031187,0.014243394848702625,-0.00408308916562083,0.19461150330971078
1034,-0.19567416608945026,-0.08496044327771367,-0.01327978561571734,0.12237584531318012
1035,-0.1923629473438048,-0.09610142076751589,-0.015533293204386317,0.03690492447003697
1036,-0.19233208382094955,-0.13317024170928077,-0.00695630317265009,0.15415549317810012
1037,-0.2123427772796829,-0.13501680400102634,-0.011002649638089192,0.1070054263358465
1038,-0.19633268868080717,-0.08792953197056456,0.047100536641853444,0.1327258489144021
1039,-0.2038983113955457,-0.10913752809747132,-0.02649201299609128,0.08899034995131119
1040,-0.20745603071357235,-0.06796398713603345,-0.030874412486300594,0.13516295185495178
1041,-0.1744471024970709,0.0172220158762844,-0.023423841192734673,0.24912685346648583
1042,0.3539437687078387,0.07927019440742264,-0.0041453530185319625,0.0772253182105238
1043,0.3959494401456532,0.07368217763885938,-0.004170313647056624,0.12486505127624149
1044,0.39332175971040345,0.06867516695436464,-0.004402872019100774,0.155537244709672
1045,0.3794207862010826,0.05776869663431066,-0.0037824744398640762,0.18374132395158013
1046,0.37912769364153404,0.05743381959215507,-0.003887421829687162,0.18336978159199147
1047,0.37449977762193704,0.05508341851059633,-0.0041230163858851894,0.18843269912212493
1048,0.3689909727290311,0.05373296040925588,-0.005021441685622841,0.1828504501534376
1049,0.3597372833691097,0.052841915165575425,-0.005249092154809819,0.16294403774832392
1050,0.3550288604188639,0.05189312996798871,-0.005266247783129038,0.15204725597859203
1051,0.3557302083354566,0.051510129056017845,-0.005291802718587938,0.14431089212707687
1052,-0.18274615466542274,0.007181628193281798,-0.004181261544917482,0.1102183903229147
1053,0.35703107156266906,0.05051854884817073,-0.005378873674904321,0.13263970721089607
1054,-0.19136309910168373,-0.0033679453258699922,-0.008981929712537846,-0.06304645654385609
1055,-0.18841192976695711,-0.003644773363957091,-0.00949047213211747,-0.0751926044428694
1056,-0.18810448879529568,-0.00465316264808049,-0.009531175424950647,-0.07494624753792077
1057,-0.18488378915967624,-0.035476913333628145,-0.011493952442029894,-0.04189239766937242
1058,-0.12074662884965388,0.08716829824781983,0.0735832985748866,0.11217159605431724
1059,-0.1383597402012567,0.03535526466372167,-0.038158967975929194,0.06051556186279378
1060,-0.13826843519321338,0.03454396678627233,-0.03811605986734066,0.061192646623611326
1061,-0.1392730822078039,0.03399028166748419,-0.03808451689883388,0.06277250307780635
1062,-0.17230295535544757,0.027255726394153357,0.02027737955843957,-0.017781869904217203
1063,-0.14834699562033882,-0.07411771574121381,0.012641307222481402,-0.12972534527784246
1064,-0.18342358133030326,-0.04102554926195281,-0.0040378868783510595,-0.007532699198564113
1065,-0.2086494920903799,-0.09413547285902966,0.0020663287204382313,-0.053370247480172196
1066,-0.17768346398996762,-0.020617389128274533,0.038539168850210664,-0.058430156626198486
1067,0.4293054439642007,0.106569291002271,0.005470470691408438,0.06789283696245942
1068,0.36736197515057556,0.10256289558269199,0.060011950328901706,-0.05694216891918256
1069,0.3592531525515778,0.1042206222585358,-0.0009028605368953825,-0.05800650102961833
1070,-0.1379510841013633,0.17829432160720426,-0.09600610737607554,-0.058035251178283995
1071,-0.16799321341910886,0.06911942727199123,-0.017435082839561664,-0.0728370832030126
1072,-0.1824402069931365,0.07289995908136959,0.0002835270271876112,-0.006094566645531568
1073,0.25451309145046164,0.09859250200507623,-0.03155562833652771,-0.17271788766871532
1074,-0.11406689416507373,0.22979550913363542,-0.04489724212730543,0.04577012692790354
1075,0.3434984167976153,0.09520217836664707,-0.10242318364608516,-0.06088415602904856
1076,-0.1970493104434804,0.14672782884052463,-0.017178629734353308,-0.01607632438870436
1077,-0.16278973466589822,0.06454630189383423,0.005144746179005717,0.1558752215750081
1078,0.33474544834010983,0.08604366894293451,-0.00565049829242241,0.08716354511190369
1079,0.3334226331574318,0.07881592180727369,0.004285882214613854,0.0222705343517153
1080,0.3286523325699739,0.07591344278231207,-0.017368794442933943,0.08489818484379634
1081,0.36718174582592716,0.07935505312604173,-0.00865318187353123,0.11682923071512957
1082,0.37315724011616075,0.07561993464087756,-0.009220216228388948,0.15101315904839785
1083,0.3626603533945967,0.07148962204542941,0.0018731750302186658,0.08766354426132114
1084,0.3845395388793383,0.07325663344174546,-0.0026191807905591538,0.13231569324950218
1085,0.36096247139276205,0.0648762735713602,0.002496752037089993,0.11594088388730833
1086,0.3548937590550521,0.0640922102877771,0.008276343401994367,0.10501367791150966
1087,0.39260769140669594,0.0589923552828612,0.0076810562954555016,0.15208308449920965
1088,0.3885960197013455,0.052509204615413155,0.00781289238768411,0.18311967239691274
1089,-0.15503943897919423,0.12310572423727854,0.015714915710962365,0.08429271413765815
1090,-0.191417855352155,-0.01539306815727702,-0.0030755109905448,-0.051129317706267136
1091,-0.22816411933177685,-0.057642986137513036,0.002924079154972441,-0.07367986319496488
1092,-0.23037068857929954,-0.06455237825041561,0.004563513108001365,-0.06883365082501589
1093,-0.1728237984638278,0.014373754974273501,0.04010825812272056,0.002963193444197448
1094,0.19807769238286796,0.09879734534698939,-0.010806708082267583,-0.3448914834770692
1095,-0.17553038517162475,0.1306859854982826,-0.03194890524058529,-0.043239393921336
1096,0.3119444964470495,0.11155322096366987,-0.004172664639261075,-0.05333611372553794
1097,-0.16602659733309644,0.16111785137983906,-0.08011424478937099,-0.05791003656169362
1098,-0.18845352796270248,0.1061335532625601,0.013148598596545342,-0.019938478486584067
1099,-0.152052361118226,0.055260072560027525,-0.0034162911238095712,-0.10109504009664544
1100,-0.1873540551559185,-0.022207045238192415,-0.001747442174521981,-0.1324891049752222
1101,-0.16635984380510602,-0.02908122842628939,0.00014130620296403371,-0.14913194490951745
1102,-0.20104767025498876,-0.011620711441370075,-0.0005517139983618215,-0.12376835889581113
1103,-0.21064955747414635,0.045970049078138155,0.004814781076738275,-0.01669502380873851
1104,0.23252917542844417,0.12547370492744753,0.010613347294503509,-0.14591557531814175
1105,-0.12429475079908502,0.3161383672252578,0.019156300244015767,0.05241852611615557
1106,0.40577256845569865,0.11386277999380791,0.02921056181445921,0.05538292615103467
1107,0.39438748407642227,0.10646660546077626,0.00515318968056459,0.03391222335232029
1108,0.3434243279209746,0.10053606937147494,0.0023953204028929883,0.1029449105506806
1109,0.3326159032203095,0.10185177921685266,0.00021882554803673139,0.07766620567190088
1110,0.33052248161363035,0.0929187853253193,-0.001722355417513545,0.000895633439127126
1111,0.32931889113786,0.08812492063690334,0.0028655652153078246,0.08976588122157599
1112,0.3673846122600453,0.09237595546624212,0.0008545231197633312,0.11097027242796269
1113,0.3782113240409085,0.09093591681039226,0.00043177437701441774,0.14529848637334256
1114,0.3637633565340489,0.08670593452051767,-0.0017535150715211208,0.06867019087912109
1115,0.38895897438421373,0.08884607116545618,-0.000898601199695991,0.11866960955990553
1116,-0.1843086816568924,-0.050026524756047026,-0.03713821830566455,0.15231246501176937
1117,0.3959494401456532,0.07368217763885938,-0.004170313647056624,0.12486505127624149
1118,0.39332175971040345,0.06867516695436464,-0.004402872019100774,0.155537244709672
1119,-0.19692988237334852,0.02240068109849965,-0.0036319471200549295,0.11722118852296816
1120,-0.17730205087603748,-0.01601460476860269,-0.006761159238771884,0.20017511951612582
1121,-0.17813824572906542,-0.042060010518359524,-0.009215976131285053,0.2096130002666756
1122,-0.16586497301518568,-0.024486234034995714,0.04080860107766129,0.15271396704438314
1123,0.36718174582592716,0.07935505312604173,-0.00865318187353123,0.11682923071512957
1124,-0.19024563022252672,0.08946083086208989,-0.0026411368663357233,0.13947930175813783
1125,-0.16802871002615316,0.04924875859658222,0.008293413949861774,0.14016875571804652
1126,-0.17230295535544757,0.027255726394153357,0.02027737955843957,-0.017781869904217203
1127,0.19807769238286796,0.09879734534698939,-0.010806708082267583,-0.3448914834770692
1128,-0.1526226013143276,0.19214710813050243,0.015895297562642983,-0.05280033430117604
1129,-0.15106122914345532,0.16126552770385333,0.0169362001174002,0.04583157421130751
1130,-0.13196443058242635,0.13340116002451122,0.011001181103403998,-0.015641686503522392
1131,-0.21045629306100763,-0.0037690378809967463,0.002754574389389475,-0.08348460546032622
1132,-0.1672167296133853,-0.020739109621208805,-0.002829086819586248,-0.14268185415657877
1133,-0.18733378318256325,-0.02168032470918608,-0.0006663605967332692,-0.1280744765044984
1134,-0.16258129843383926,-0.01218623047242805,0.00393348390764323,-0.13161969591529188
1135,-0.2020349331487587,-0.025884656444933117,0.003556991475803041,-0.09996896573254323
1136,-0.22315604798679395,-0.02773979137585486,0.005265922287572859,-0.022286668785565008
1137,-0.1711668871845185,-0.06496757424171577,-0.004888519100522099,-0.07500263644356946
1138,-0.1926133526691229,-0.08992998032500474,-0.008183687324033927,-0.0665544069427593
1139,-0.2297879653410512,-0.06327640897269785,-0.0066286608958850204,-0.04801076931071334
1140,-0.21788567871197925,-0.05317332729659869,-0.0040166134553037665,-0.016108545858129066
1141,-0.17966226396031187,0.014243394848702625,-0.00408308916562083,0.19461150330971078
1142,0.3326159032203095,0.10185177921685266,0.00021882554803673139,0.07766620567190088
1143,0.33052248161363035,0.0929187853253193,-0.001722355417513545,0.000895633439127126
1144,-0.1645679767717035,0.13488382231708756,0.005821405906793839,0.10570954645782625
1145,-0.17194962228460903,0.09480009735931627,-0.00012395185996757357,0.14075532797459886
1146,-0.18503746561863554,0.04755946905147352,-0.006069970358658711,0.13315701305575092
1147,0.3637633565340489,0.08670593452051767,-0.0017535150715211208,0.06867019087912109
1148,0.38895897438421373,0.08884607116545618,-0.000898601199695991,0.11866960955990553
1149,0.36423535214632624,0.08024999725997159,-0.0019491435232375767,0.09612832504652048
1150,0.3539437687078387,0.07927019440742264,-0.0041453530185319625,0.0772253182105238
1151,0.3959494401456532,0.07368217763885938,-0.004170313647056624,0.12486505127624149
1152,0.39332175971040345,0.06867516695436464,-0.004402872019100774,0.155537244709672
1153,-0.1839008172822301,-0.023101265094075993,0.05432355172336844,0.12329473844156563
1154,0.37315724011616075,0.07561993464087756,-0.009220216228388948,0.15101315904839785
1155,-0.18665273293652287,0.07848593986983841,0.002873198305142043,0.0902194709786221
1156,-0.1781527010286761,0.04952213690452388,0.00784255802169221,0.15087884246858313
1157,-0.17230295535544757,0.027255726394153357,0.02027737955843957,-0.017781869904217203
1158,-0.13701107829434556,-0.05815716260187504,-0.005675720576284391,-0.15545842890584094
1159,-0.18342358133030326,-0.04102554926195281,-0.0040378868783510595,-0.007532699198564113
1160,-0.2086494920903799,-0.09413547285902966,0.0020663287204382313,-0.053370247480172196
1161,-0.17768346398996762,-0.020617389128274533,0.038539168850210664,-0.058430156626198486
1162,-0.22206177014374912,-0.0781341733570213,-0.0022462079878835485,-0.0547469077881086
1163,-0.16576769788839374,-0.031201324278503518,0.001502021794463141,-0.06658638935835262
1164,-0.19571048932189594,-0.08866905192903816,-0.003309517010019317,-0.06483501227381563
1165,-0.157383713039414,-0.005302555609990948,-0.0027836619676367613,-0.022872703531701927
1166,-0.21121669202208232,-0.08984996907201187,-0.0056572633447928376,-0.056554160118841575
1167,-0.23532053804140926,-0.1011199988824761,-0.007802275401418891,-0.018298762580612096
1168,-0.13541368628637734,0.04199559752787456,0.06209609655558633,0.021546562904854877
1169,0.2623521362053899,0.13440752349980048,0.02417479249719232,-0.07076512002518917
1170,-0.20399375168411443,0.20528873887329877,0.010120140240567758,-0.044552860842975155
1171,-0.19551546718481277,0.08137750894689809,0.003425416666662393,-0.03101700693268812
1172,0.3434243279209746,0.10053606937147494,0.0023953204028929883,0.1029449105506806
1173,0.3326159032203095,0.10185177921685266,0.00021882554803673139,0.07766620567190088
1174,0.33052248161363035,0.0929187853253193,-0.001722355417513545,0.000895633439127126
1175,0.32931889113786,0.08812492063690334,0.0028655652153078246,0.08976588122157599
1176,-0.18481396738667474,0.14345917753927118,0.0033944261554160185,0.06860222592704951
1177,-0.17713977698623593,0.08735507157682242,-0.0025272054313173926,0.1574015442099161
1178,-0.1760889548388564,0.05299739839897158,-0.007104381692980309,0.09257686810313395
1179,-0.1653772943328443,0.1605141511756307,-0.0018294423429865646,0.24090570063518613
1180,0.36423535214632624,0.08024999725997159,-0.0019491435232375767,0.09612832504652048
1181,0.3539437687078387,0.07927019440742264,-0.0041453530185319625,0.0772253182105238
1182,0.3959494401456532,0.07368217763885938,-0.004170313647056624,0.12486505127624149
1183,-0.20323553443639558,0.05490984164427278,-0.005293812487516485,0.06881048370868457
1184,-0.17977739298418774,-0.03771466104626105,0.057365540726951304,0.11088476800499618
1185,0.33474544834010983,0.08604366894293451,-0.00565049829242241,0.08716354511190369
1186,0.3334226331574318,0.07881592180727369,0.004285882214613854,0.0222705343517153
1187,0.3286523325699739,0.07591344278231207,-0.017368794442933943,0.08489818484379634
1188,-0.13869131384864108,0.08617531481254745,0.06379688856477199,0.4460248651033543
1189,0.34606572028339694,0.07292190341054601,-0.0018028165826844901,0.211355892980373
1190,0.34606572028339694,0.07292190341054601,-0.0018028165826844901,0.211355892980373
1191,0.34606572028339694,0.07292190341054601,-0.0018028165826844901,0.211355892980373
1192,0.34606572028339694,0.07292190341054601,-0.0018028165826844901,0.211355892980373
1193,0.34606572028339694,0.07292190341054601,-0.0018028165826844901,0.211355892980373
1194,-0.20561030314613732,0.006500363789609861,0.01348265519751782,-0.07082773036985192
1195,-0.18772045849484187,0.0017929612144669221,-0.0069821023378565175,-0.04296368938834306
1196,0.38160158757683366,0.08899308536624032,-0.0017419624550909377,-0.12003190184678456
1197,0.3734470312047261,0.08958465220285644,-0.0021607376752079363,-0.14064461509130188
1198,0.3738126797323479,0.08875764322418765,-0.0022631157449608257,-0.14191759441762136
1199,-0.1833248383787001,0.10334891127207002,0.005351868386530876,-0.15692387826625087
1200,-0.15143739766003633,0.09758148006534755,0.08013012726470736,0.36255139700346184
1201,-0.17677611780378735,0.04714555163932186,-0.04178866370246316,0.300627792673043
1202,-0.1767593026881731,0.04716236675493616,-0.04178866370246316,0.3005941624418144
1203,-0.17658476300322593,0.04716236675493616,-0.04179036874702689,0.300421327801431
1204,-0.17658476300322593,0.04716236675493616,-0.04179036874702689,0.300421327801431
1205,-0.17638543495964543,0.04716236675493616,-0.04179422033458197,0.3002258513454057
1206,-0.2165581446497691,-0.03665255393279474,0.0092767837595202,-0.10828500024311756
1207,-0.21719604381714472,-0.04706815388825692,-0.002873279244089285,-0.09381604592260291
1208,-0.2122719908754546,-0.02023994764179519,-0.0011604579017265664,-0.07999573966621495
1209,0.414247978660103,0.09609358937161633,1.566617949343003e-05,-0.05894874622468837
1210,0.41426097121023847,0.09610658192175185,1.566617949343003e-05,-0.05897473132495938
1211,-0.21825651137656313,0.11295959948736808,-0.0157900445712999,-0.1407056924756202
1212,-0.18354572236013517,-0.035808198468820586,-0.00617215745880659,-0.10724800073503457
1213,-0.22236407642569908,-0.01315181262813993,-0.025627915116118512,-0.01828908165733817
1214,-0.20349151531733634,-0.05905181127773107,-0.0031692896572584842,-0.08062332385582392
1215,-0.20423242430028157,-0.07684191052175786,0.001897741291830784,-0.08045714956742353
1216,-0.16315387008001664,-0.04702940286631802,0.013046986230561854,-0.10214385520819326
1217,-0.20867581693864787,-0.0685094240642532,-0.003721702182903829,-0.08144214631216803
1218,-0.23030711597800524,-0.06424281605362751,-0.00644192113809972,-0.04096746052534377
1219,-0.1754797264427887,-0.09145062760425803,-0.013371565379582388,-0.06494555125641852
1220,-0.186742318095826,-0.05747833406249694,-0.011982467688161247,-0.047941984890092174
1221,-0.233708710401864,-0.09297594687434042,-0.005933164657977308,-0.026317535843972832
1222,-0.22497327004324408,-0.09655337458545224,-0.006571727815444108,-0.012880890743446314
1223,-0.18419115787537949,-0.061663418825017746,0.04651415764249222,0.1211159448323966
1224,-0.20630160518649873,-0.13265057804799482,-0.02692303218025299,0.06831262669663156
1225,-0.1949430001825857,-0.11174822155070648,-0.02599206850762936,0.037905969334074044
1226,-0.1640544280022086,0.010229987905738916,-0.004108638785495837,0.26293425740399895
1227,0.3673846122600453,0.09237595546624212,0.0008545231197633312,0.11097027242796269
1228,0.3782113240409085,0.09093591681039226,0.00043177437701441774,0.14529848637334256
1229,0.3637633565340489,0.08670593452051767,-0.0017535150715211208,0.06867019087912109
1230,0.38895897438421373,0.08884607116545618,-0.000898601199695991,0.11866960955990553
1231,0.36423535214632624,0.08024999725997159,-0.0019491435232375767,0.09612832504652048
1232,0.3539437687078387,0.07927019440742264,-0.0041453530185319625,0.0772253182105238
1233,0.3959494401456532,0.07368217763885938,-0.004170313647056624,0.12486505127624149
1234,0.39332175971040345,0.06867516695436464,-0.004402872019100774,0.155537244709672
1235,0.3794207862010826,0.05776869663431066,-0.0037824744398640762,0.18374132395158013
1236,0.37912769364153404,0.05743381959215507,-0.003887421829687162,0.18336978159199147
1237,0.37449977762193704,0.05508341851059633,-0.0041230163858851894,0.18843269912212493
1238,0.3689909727290311,0.05373296040925588,-0.005021441685622841,0.1828504501534376
1239,-0.21492971355970591,-0.02007780610363105,0.0011730498326699035,-0.12422356236733123
1240,-0.2118636717246962,-0.030236527095219002,0.002716896879397355,-0.09188571112076595
1241,-0.21565014030025387,-0.049229586862093604,0.00045526683750330045,-0.08985673536972216
1242,-0.2175065572037626,-0.06016544454685422,-0.0009985898594673164,-0.08059088878244942
1243,-0.21530638514277503,-0.04682386034001279,-0.003899739353482505,-0.0895299717210094
1244,-0.21412798406549907,-0.044775977198916496,-0.0011575439311518074,-0.0803040246888312
1245,-0.18590940272194478,0.008161638268019564,0.005315041294239663,-0.03311901636186208
1246,0.38160158757683366,0.08899308536624032,-0.0017419624550909377,-0.12003190184678456
1247,-0.1871070986056885,0.13403692452558913,0.007799823531336479,-0.1913682117559027
1248,-0.17812293110692184,0.06981448483294186,0.0028233247197732543,-0.13352372303197924
1249,-0.15859076292847166,0.11263910008714807,0.0017327054533184919,-0.01127043585249507
1250,-0.1508389178987635,0.15061785120470933,-0.0024497197306818648,0.052995476836796424
1251,0.38140752080881324,0.08563631617759346,-0.0027567286268718513,-0.09269498009796329
1252,0.4434832904989269,0.09647674115042915,0.0016661073211578302,0.0017118612215666234
1253,0.44601088313027076,0.09764237565800671,0.001912415713663837,0.007267527533036583
1254,0.32861345687375193,0.09779482802037127,-0.004116693121925602,-0.12368625308883313
1255,-0.09480567840989206,0.2088680134174978,0.01249197627460684,-0.12794432112398227
1256,0.3068290008223856,0.10217846392540436,-0.004121788080862919,-0.10317926531027741
1257,0.3119444964470495,0.11155322096366987,-0.004172664639261075,-0.05333611372553794
1258,0.2287613541757094,0.12251979667872713,-0.010961055719023402,-0.16685295612285064
1259,0.337346803801527,0.13361590519147637,-0.002653914262118803,0.04440178872846987
1260,0.23714612362558807,0.12384912099556457,-0.030051942457875225,-0.16237272498642458
1261,0.27015356936864543,0.13374519866745319,-0.0012541448756160922,-0.07372444864880134
1262,0.2180527520200128,0.13217064741388682,0.014619593713053724,-0.16004686736950477
1263,0.3150190680380446,0.13178982517994,0.022033514918081802,-0.029445467679065716
1264,0.3599304715887305,0.13696949386151785,0.022875883995430828,0.09538963548227773
1265,0.23252917542844417,0.12547370492744753,0.010613347294503509,-0.14591557531814175
1266,-0.17096409162582032,0.01867288078147919,0.07331821359431358,0.24827410934438715
1267,-0.1745932763237514,0.026431023929462158,-0.030249341118668338,0.3222102113513947
1268,-0.15892205886785388,0.040642780179202184,-0.027341288951651287,0.40675381964100843
1269,0.37912769364153404,0.05743381959215507,-0.003887421829687162,0.18336978159199147
1270,0.37449977762193704,0.05508341851059633,-0.0041230163858851894,0.18843269912212493
1271,0.3689909727290311,0.05373296040925588,-0.005021441685622841,0.1828504501534376
1272,0.3597372833691097,0.052841915165575425,-0.005249092154809819,0.16294403774832392
1273,0.3550288604188639,0.05189312996798871,-0.005266247783129038,0.15204725597859203
1274,0.3557302083354566,0.051510129056017845,-0.005291802718587938,0.14431089212707687
1275,0.35291022300997305,0.051158726445323884,-0.00530273036096097,0.13604423485249592
1276,0.35703107156266906,0.05051854884817073,-0.005378873674904321,0.13263970721089607
1277,0.36313454013945623,0.05214932945362694,-0.005385125990571957,0.12491171034432105
1278,0.3772112668778419,0.05665874067347162,-0.005077923030341456,0.1060183694258611
1279,-0.1968354885802151,0.022129743540867566,-0.0036500881063803356,0.02588213797052919
1280,-0.21167704602552745,0.0019419220666629631,-0.00023905469455072452,-0.13499617351782456
1281,-0.2130464311771525,-0.015129364169690757,-0.0005552046881425384,-0.12254276887800751
1282,-0.21426540884142353,-0.028314403852504305,0.0011744473899356958,-0.1055659906513128
1283,-0.21696000398147144,-0.04599319188746751,-0.0006266166888612011,-0.09806026166949262
1284,-0.21837848831615275,-0.05654851948215962,-0.0018786001886999107,-0.08647247657071302
1285,-0.21689308263473428,-0.04395036372104403,-0.004787687671627848,-0.09586249592268505
1286,-0.21719604381714472,-0.04706815388825692,-0.002873279244089285,-0.09381604592260291
1287,-0.2122719908754546,-0.02023994764179519,-0.0011604579017265664,-0.07999573966621495
1288,-0.21837904027906854,-0.05872198950744151,-0.00286065965950373,-0.074583502612105
1289,-0.21701011209416574,-0.04615306862563119,-0.003126653306048316,-0.09013822834010506
1290,-0.21984290150963012,-0.06851753484353486,-0.0035397336450202206,-0.06964618912796591
1291,-0.2198335030833803,-0.06868848180626307,-0.0032923269752149057,-0.06943487044108503
1292,-0.21709412280654206,-0.047960363369498465,-0.011284534312248714,-0.07755332433451516
1293,-0.21593986589910089,-0.04216476364964886,-0.016766290536950054,-0.0643211196764738
1294,-0.212846394795558,-0.028931599819862194,-0.013035345533192648,-0.05369690823340407
1295,-0.21069308742442647,-0.019821473496212636,-0.005559191824578213,-0.05164388227360718
1296,-0.2020081056072856,0.01186472708618654,-0.001928334862880803,-0.01800499313953362
1297,0.41417073390289827,0.09345123769043662,0.0002480342438668651,-0.05646151785067766
1298,0.41445145317864707,0.09376988843697691,0.00021117219022965704,-0.05702402581932948
1299,0.41329533137305047,0.09370938611962117,0.00016666054901578136,-0.05918042348755542
1300,0.4130440139135702,0.09337880039523272,0.0001595800259664578,-0.058591439780637675
1301,-0.19059070681420745,0.12223051622570813,0.008264269731482459,-0.17638343957967936
1302,-0.18188693969940567,0.06714345122404435,0.003108084780727044,-0.12558018296902124
1303,-0.1708085046134489,0.10050407479515133,0.004737034816958904,-0.08853780788765783
1304,-0.17724563654378275,0.0616904294197937,0.0046296025208747045,-0.0952913142753181
1305,0.36505155853608795,0.07979191272205757,-0.0032253597144948454,-0.11837801449727743
1306,0.36154918516674145,0.08240119355302175,-0.0035490913608447884,-0.11697545479991514
1307,-0.1471639828880816,0.026192902189278885,0.06951918576820898,0.39625962233468326
1308,0.3404905633118499,0.05552847535762939,0.0016454985733395859,0.21495073529634356
1309,0.34554890018009965,0.05605039250464869,0.0016454985733395859,0.22553359833572148
1310,0.3477021326029779,0.056203822236572054,0.0014963660549451013,0.22985853290837488
1311,0.3477865739630657,0.056203822236572054,0.0014963660549451013,0.2300217388984605
1312,0.3477865739630657,0.056203822236572054,0.0014963660549451013,0.2300217388984605
1313,0.3477865739630657,0.056203822236572054,0.0014963660549451013,0.2300217388984605
1314,0.34606572028339694,0.07292190341054601,-0.0018028165826844901,0.211355892980373
1315,0.34606572028339694,0.07292190341054601,-0.0018028165826844901,0.211355892980373
1316,0.34606572028339694,0.07292190341054601,-0.0018028165826844901,0.211355892980373
1317,0.34606572028339694,0.07292190341054601,-0.0018028165826844901,0.211355892980373
1318,0.34606572028339694,0.07292190341054601,-0.0018028165826844901,0.211355892980373
1319,0.34606572028339694,0.07292190341054601,-0.0018028165826844901,0.211355892980373
1320,0.34606572028339694,0.07292190341054601,-0.0018028165826844901,0.211355892980373
1321,-0.13873069616364003,0.08617531481254745,0.06379688856477199,0.4460642474183532
1322,0.34606572028339694,0.07292190341054601,-0.0018028165826844901,0.211355892980373
1323,0.34606572028339694,0.07292190341054601,-0.0018028165826844901,0.211355892980373
1324,0.34606572028339694,0.07292190341054601,-0.0018028165826844901,0.211355892980373
1325,-0.15004475574835802,0.09757013226277281,0.08120466756977365,0.357429226119093
1326,-0.1531139647708851,0.1006106482001111,0.07930697357850358,0.34027518891453484
1327,0.40170886880556717,0.0546589703083806,0.004763158901218715,0.16457061034436288
1328,-0.13094015865504352,0.08435378346277402,0.06441351610726749,0.3974553653787807
1329,0.3255991264402181,0.07289237263413184,-0.002154269232970284,0.14114234794842698
1330,0.3176645972487749,0.06993691470067265,-0.002143112809725696,0.15202117865008366
1331,0.3176645972487749,0.06993691470067265,-0.002143112809725696,0.15202117865008366
1332,-0.17296943356718383,0.07740550535187268,-0.00010503691285196718,0.18297890344016815
1333,-0.1628673395181608,0.024036443348251228,-0.004181562243622849,0.25529535445567997
1334,-0.17230295535544757,0.027255726394153357,0.02027737955843957,-0.017781869904217203
1335,0.19807769238286796,0.09879734534698939,-0.010806708082267583,-0.3448914834770692
1336,-0.1526226013143276,0.19214710813050243,0.015895297562642983,-0.05280033430117604
1337,-0.15106122914345532,0.16126552770385333,0.0169362001174002,0.04583157421130751
1338,0.2287613541757094,0.12251979667872713,-0.010961055719023402,-0.16685295612285064
1339,-0.16599110843746348,0.2977786236119305,0.0456161763077176,0.05089440963528919
1340,-0.14255832809605973,0.10086809898381088,0.0040922770887097636,-0.07103808504404917
1341,-0.17265316071749615,0.05030067374321034,0.0003843867470706118,-0.0907867787924466
1342,-0.16545542450865958,-0.023852992892683875,-0.0006312049026745912,-0.14751068469858863
1343,-0.20188405128984718,-0.016092379532359626,-0.0003332032022451815,-0.12852095960584126
1344,-0.21421801254225734,0.030949487552297705,0.0005024112020837932,-0.03205190375590253
1345,-0.15542667140748212,0.031629369160098425,-0.0006525057301913278,-0.07175742752127683
1346,-0.17768120978463453,-0.001308923803340758,-0.0026255416097804656,-0.05590887240658446
1347,-0.21954896835039117,-0.011171299368289239,0.00625506962099307,-0.0215018308470478
1348,-0.20684060996646836,-0.0012739710901046814,0.004143890852583536,0.030263938042680884
1349,-0.1705857248700714,0.048762212826797276,0.0006995892271504511,0.25889243460364175
1350,-0.16636956570279787,0.06090268738057304,-0.0033121673216943534,0.23206146956015655
1351,0.33052248161363035,0.0929187853253193,-0.001722355417513545,0.000895633439127126
1352,-0.1645679767717035,0.13488382231708756,0.005821405906793839,0.10570954645782625
1353,0.3673846122600453,0.09237595546624212,0.0008545231197633312,0.11097027242796269
1354,0.3782113240409085,0.09093591681039226,0.00043177437701441774,0.14529848637334256
1355,-0.1853786849285318,0.12614246645686764,-0.0005824469280643297,0.0293586825623424
1356,0.38895897438421373,0.08884607116545618,-0.000898601199695991,0.11866960955990553
1357,0.36423535214632624,0.08024999725997159,-0.0019491435232375767,0.09612832504652048
1358,0.3539437687078387,0.07927019440742264,-0.0041453530185319625,0.0772253182105238
1359,0.3959494401456532,0.07368217763885938,-0.004170313647056624,0.12486505127624149
1360,0.39332175971040345,0.06867516695436464,-0.004402872019100774,0.155537244709672
1361,-0.17230295535544757,0.027255726394153357,0.02027737955843957,-0.017781869904217203
1362,0.19807769238286796,0.09879734534698939,-0.010806708082267583,-0.3448914834770692
1363,0.34701121551317204,0.0867457805906934,0.011124007663992179,-0.07256680628495892
1364,0.3753927925805204,0.09314246202715733,0.010940369811021592,-0.022856415994797454
1365,0.2287613541757094,0.12251979667872713,-0.010961055719023402,-0.16685295612285064
1366,0.4293054439642007,0.106569291002271,0.005470470691408438,0.06789283696245942
1367,0.36736197515057556,0.10256289558269199,0.060011950328901706,-0.05694216891918256
1368,0.3592531525515778,0.1042206222585358,-0.0009028605368953825,-0.05800650102961833
1369,0.2812658976745811,0.09904258234743808,-0.0313874846486726,-0.19068728245077451
1370,0.32497979625403595,0.10410359255040236,-0.05793220390285534,-0.09404452321954125
1371,0.35603766443792906,0.10891420379065204,-0.06787191211301465,0.020008502654288194
1372,0.25451309145046164,0.09859250200507623,-0.03155562833652771,-0.17271788766871532
1373,0.2623521362053899,0.13440752349980048,0.02417479249719232,-0.07076512002518917
1374,0.3434984167976153,0.09520217836664707,-0.10242318364608516,-0.06088415602904856
1375,0.3897709509152463,0.0927692436372158,-0.025250773030615146,0.018874923921600107
1376,0.3384291346637967,0.0850421802841544,-0.01636624207300947,0.09955001135524019
1377,0.33474544834010983,0.08604366894293451,-0.00565049829242241,0.08716354511190369
1378,0.33052248161363035,0.0929187853253193,-0.001722355417513545,0.000895633439127126
1379,0.3286523325699739,0.07591344278231207,-0.017368794442933943,0.08489818484379634
1380,0.3673846122600453,0.09237595546624212,0.0008545231197633312,0.11097027242796269
1381,0.3782113240409085,0.09093591681039226,0.00043177437701441774,0.14529848637334256
1382,0.3637633565340489,0.08670593452051767,-0.0017535150715211208,0.06867019087912109
1383,0.38895897438421373,0.08884607116545618,-0.000898601199695991,0.11866960955990553
1384,0.36423535214632624,0.08024999725997159,-0.0019491435232375767,0.09612832504652048
1385,0.3539437687078387,0.07927019440742264,-0.0041453530185319625,0.0772253182105238
1386,0.3959494401456532,0.07368217763885938,-0.004170313647056624,0.12486505127624149
1387,0.39332175971040345,0.06867516695436464,-0.004402872019100774,0.155537244709672
1388,-0.2017065529399077,0.03134251294390704,0.01358810592689181,-0.07767819047966396
1389,0.3797165429161842,0.08659609456217343,-0.0015851058420593897,-0.1159067229950995
1390,-0.1914417386173269,0.1302911215254326,0.007915951550330582,-0.18324469489513276
1391,-0.17814167543610213,0.07122108920089486,0.002991956761732946,-0.13337186485309804
1392,-0.17042591342289332,0.10061016243555423,0.004568402774999228,-0.08717697405818323
1393,-0.15465367382807987,0.12442649632156791,-5.451805269833997e-05,0.031322353180550155
1394,-0.17757879249498756,0.04805994080915716,-0.04147871193917447,0.27948469003360626
1395,0.40978726989791836,0.07107069032241868,-0.0028773572472970844,0.1415634309153913
1396,-0.21135934196183664,0.05755241428749898,-0.005421836617401834,0.030923215647242142
1397,-0.19410659388855853,-0.001970796776192593,-0.009022393923016596,0.0930751184060909
1398,-0.15813412806413826,0.03970425829717102,-0.03439810765019872,0.4078644378401345
1399,-0.15813412806413826,0.03970425829717102,-0.03439810765019872,0.4078644378401345
1400,-0.15813412806413826,0.03970425829717102,-0.03439810765019872,0.4078644378401345
1401,-0.15813412806413826,0.03970425829717102,-0.03439810765019872,0.4078644378401345
1402,-0.15813412806413826,0.03970425829717102,-0.03439810765019872,0.4078644378401345
1403,-0.15813412806413826,0.03970425829717102,-0.03439810765019872,0.4078644378401345
1404,0.34606572028339694,0.07292190341054601,-0.0018028165826844901,0.211355892980373
1405,-0.18247680525008958,0.07834102625232095,-6.608111071630207e-05,0.1926439005927105
1406,-0.1611210341071345,0.03445285195486881,0.08030750425133985,0.3231071884139371
1407,0.37746950104673427,0.04313929516247365,0.005867180655286437,0.20875764232718863
1408,0.3774434517603726,0.042892027073020485,0.006297544770802549,0.20892141147293886
1409,0.37359107744873826,0.04068040978809414,0.006954465520751369,0.21487684430921952
1410,0.36982071453233456,0.03939374556668646,0.009775528696463306,0.21301408381598178
1411,0.3612981847550141,0.0384710974013794,0.010794899580512806,0.19435469276410253
1412,0.35649072735084536,0.037527933363578715,0.010824450599262023,0.1835046176414391
1413,0.3557302083354566,0.051510129056017845,-0.005291802718587938,0.14431089212707687
1414,0.35291022300997305,0.051158726445323884,-0.00530273036096097,0.13604423485249592
1415,0.35703107156266906,0.05051854884817073,-0.005378873674904321,0.13263970721089607
1416,0.36313454013945623,0.05214932945362694,-0.005385125990571957,0.12491171034432105
1417,0.3772112668778419,0.05665874067347162,-0.005077923030341456,0.1060183694258611
1418,0.38354135415154494,0.05857152999114744,-0.005160156744773114,0.09642844755648583
1419,0.38329391335776103,0.05876010770536119,-0.005153554620058086,0.0952424717604741
1420,-0.1531139647708851,0.1006106482001111,0.07930697357850358,0.34027518891453484
1421,0.40978726989791836,0.07107069032241868,-0.0028773572472970844,0.1415634309153913
1422,0.40928466622444526,0.07141784898229273,-0.0028951720060248314,0.14173669068771813
1423,0.4080986058403935,0.07184344583750593,-0.002888826159731764,0.1424908083702631
1424,0.4076502527838432,0.07198777987029834,-0.002812219859787712,0.1427182210940767
1425,0.4103359978499922,0.07495916602830567,-0.002462556818517289,0.1367114268286496
1426,-0.2021928214178138,-0.03171716266277024,-0.020155170117703573,-0.06106405925366095
1427,0.3599304715887305,0.13696949386151785,0.022875883995430828,0.09538963548227773
1428,0.23252917542844417,0.12547370492744753,0.010613347294503509,-0.14591557531814175
1429,-0.13873069616364003,0.08617531481254745,0.06379688856477199,0.4460642474183532
1430,0.34606572028339694,0.07292190341054601,-0.0018028165826844901,0.211355892980373
1431,0.34606572028339694,0.07292190341054601,-0.0018028165826844901,0.211355892980373
1432,0.34606572028339694,0.07292190341054601,-0.0018028165826844901,0.211355892980373
1433,0.34606572028339694,0.07292190341054601,-0.0018028165826844901,0.211355892980373
1434,0.34606572028339694,0.07292190341054601,-0.0018028165826844901,0.211355892980373
1435,-0.13542663766629406,0.08636046406763544,0.0638180360448394,0.44255389218585167
1436,0.3386676740477443,0.0722465565316036,-0.0018312638260776603,0.19610730961646727
1437,0.34372601091599314,0.07276847367862271,-0.0018312638260776603,0.2066901726558465
1438,0.34598127892330904,0.07292190341054601,-0.0018028165826844901,0.21119268699028756
1439,0.34606572028339694,0.07292190341054601,-0.0018028165826844901,0.211355892980373
1440,0.34606572028339694,0.07292190341054601,-0.0018028165826844901,0.211355892980373
1441,-0.11997296787265488,0.1253385011502936,0.06863871850848759,0.4827497123052605
1442,0.3539743281854808,0.03688143327789272,0.010942897181177413,0.16765652567508954
1443,0.3573593351465359,0.036369695118955415,0.011170454943946846,0.16455569911020215
1444,-0.18932075714091348,-0.03508070986573877,0.01012086766093562,0.1561536580149153
1445,0.3784242191268687,0.04302841643279503,0.010769796511660844,0.13723275224832238
1446,0.3850021583255229,0.04488568601086932,0.011095535953122024,0.12805080353484066
1447,-0.19916465605457775,-0.020539010849329388,0.008599493252961334,0.09465020356220914
1448,0.38490286965918874,0.04538151590983615,0.011379100456474726,0.12026069949272174
1449,-0.17638543495964543,0.04716236675493616,-0.04179422033458197,0.3002258513454057
1450,0.40886436549598926,0.06868292500019772,-0.0027434454996347686,0.1578690362703529
1451,0.40765587835874983,0.06868292500019772,-0.0027434454996347686,0.155548548667622
1452,0.4057425570555818,0.06858162143209923,-0.003085567016941604,0.15116574931219243
1453,-0.13873069616364003,0.08617531481254745,0.06379688856477199,0.4460642474183532
1454,0.34606572028339694,0.07292190341054601,-0.0018028165826844901,0.211355892980373
1455,-0.18247680525008958,0.07834102625232095,-6.608111071630207e-05,0.1926439005927105
1456,-0.1663642105504238,0.023851294093163257,-0.004170538161639106,0.258966350661048
1457,-0.1485859353521707,0.025273710483233243,0.04057679660314832,-0.0745988869194912
1458,-0.17236721807671782,0.02529942336384751,0.04151749803163166,-0.05938657774107577
1459,-0.18924551150167426,0.017946053485990755,0.051322843381925325,-0.007180765879790468
1460,-0.14241743640762225,0.015523799325445993,0.0539591664307578,-0.039105169903730926
1461,-0.1468177913039344,0.0005339501106782123,0.04912456097971575,-0.04703445671229149
1462,-0.18211343263975852,-0.006377156018363377,0.026613775037997618,-0.05717873394017941
1463,-0.20189467686553791,-0.01539377717340264,0.03262657777677967,-0.04174095501986984
1464,-0.17977739298418774,-0.03771466104626105,0.057365540726951304,0.11088476800499618
1465,-0.17230295535544757,0.027255726394153357,0.02027737955843957,-0.017781869904217203
1466,-0.13701107829434556,-0.05815716260187504,-0.005675720576284391,-0.15545842890584094
1467,-0.18342358133030326,-0.04102554926195281,-0.0040378868783510595,-0.007532699198564113
1468,-0.2086494920903799,-0.09413547285902966,0.0020663287204382313,-0.053370247480172196
1469,-0.17768346398996762,-0.020617389128274533,0.038539168850210664,-0.058430156626198486
1470,-0.22206177014374912,-0.0781341733570213,-0.0022462079878835485,-0.0547469077881086
1471,-0.16576769788839374,-0.031201324278503518,0.001502021794463141,-0.06658638935835262
1472,-0.19571048932189594,-0.08866905192903816,-0.003309517010019317,-0.06483501227381563
1473,-0.157383713039414,-0.005302555609990948,-0.0027836619676367613,-0.022872703531701927
1474,-0.21121669202208232,-0.08984996907201187,-0.0056572633447928376,-0.056554160118841575
1475,-0.20990077794750142,-0.09304088753815312,0.015345843658518606,-0.0202000256055802
1476,-0.1617587436773728,-0.02197999291592238,-0.028168075534930854,-0.008770144989683093
1477,-0.19023482775456546,-0.07445198473084028,-0.042803690076200086,-0.04326016389664026
1478,-0.23162837037391668,-0.07394562918100828,-0.023573244684085136,-0.03388319296854795
1479,-0.22410504655349966,-0.08345165109755127,-0.013580721203905693,-0.034779803847112406
1480,-0.19687713083346828,-0.06983836205695547,-0.014807692443960917,0.12448697726589282
1481,-0.20265427219276977,-0.11584160289976768,-0.02642761041215294,0.07791390509284002
1482,-0.1990435155803699,-0.1317888099028584,-0.02756846633273124,0.02246540784736958
1483,-0.18549967763235595,-0.09306520251353934,-0.01703262254621148,0.16464534772344475
1484,0.3673846122600453,0.09237595546624212,0.0008545231197633312,0.11097027242796269
1485,-0.19101910284472268,0.13666430222793002,0.0011832971921186262,0.08589859263352284
1486,-0.16925142382176941,0.08832209936265939,-0.003745417104295001,0.1123504976956388
1487,-0.18755351582214908,0.054671320193993074,-0.007083928840875246,0.1042574768549243
1488,-0.1551336956046537,0.13366009948565324,-0.0034215768310982978,0.2508550381156383
1489,-0.14791483538879951,0.14468654917197477,-0.0033374083789344845,0.2639438554571933
1490,0.3959494401456532,0.07368217763885938,-0.004170313647056624,0.12486505127624149
1491,0.39332175971040345,0.06867516695436464,-0.004402872019100774,0.155537244709672
1492,-0.15339668509699508,0.0956879116289973,0.07476154734294982,0.2820874273999016
1493,-0.17576352677047688,0.04325152533296207,-0.038906228787179115,0.22841483790652234
1494,0.39305460802083103,0.07532642437003956,-0.002679423572266633,0.09175696636475948
1495,0.3930862426701242,0.07535805901933278,-0.002679423572266633,0.09169369706617304
1496,0.3930046878195578,0.07545778396187149,-0.0026616503296926688,0.09165775373162682
1497,-0.20136790411614125,0.07514187856510603,-0.0025143000007184445,0.012812870581783596
1498,-0.13873069616364003,0.08617531481254745,0.06379688856477199,0.4460642474183532
1499,0.34606572028339694,0.07292190341054601,-0.0018028165826844901,0.211355892980373
1500,0.34606572028339694,0.07292190341054601,-0.0018028165826844901,0.211355892980373
1501,0.34606572028339694,0.07292190341054601,-0.0018028165826844901,0.211355892980373
1502,0.34606572028339694,0.07292190341054601,-0.0018028165826844901,0.211355892980373
1503,0.34606572028339694,0.07292190341054601,-0.0018028165826844901,0.211355892980373
1504,-0.2156098295271574,0.015384157841040358,0.009179039972916813,-0.06048286302410388
1505,-0.2286125478984129,-0.033324179267769205,-0.00025992509385214957,-0.08915268702942232
1506,-0.1917568765650857,-0.07740272951279886,0.013064813037643029,-0.0626101820034763
1507,-0.14929744025227915,-0.0866573613694646,0.01722859922426489,-0.1110630252140839
1508,-0.1713688635333258,0.016995136206552748,0.01718088435324904,0.02428487723054301
1509,-0.1832277862951346,-0.01898283842423193,0.0005335014724395206,0.015042505401276825
1510,-0.16722720353785464,-0.05219875611788629,-0.009899090653092774,-0.08027155506908909
1511,-0.22336109934626855,-0.09043648124974252,-0.00333079744783108,-0.03603594943681968
1512,-0.16504714847851698,-0.030649074171398078,-0.005005932970700538,-0.05011125014525114
1513,-0.19358788831986615,-0.08282324892991255,-0.0031249431485774045,-0.043773944317613486
1514,-0.16701220625550514,-0.0756171096112139,0.00579223117845054,-0.07752202571558303
1515,-0.20424321359595568,-0.048796868619839416,-0.02207603144632021,-0.04401155304534545
1516,-0.22848976156189038,-0.058452611297989066,-0.04375548025712539,0.0024011049980880747
1517,-0.16994474842161325,-0.058142150224228174,-0.036697713514427216,-0.04301778373721958
1518,-0.1919393176761866,-0.08281049816749736,-0.02387647479496871,-0.06465179391907538
1519,-0.23040554507344255,-0.067084209559299,-0.012840594631363186,-0.04563527723822678
1520,-0.22367385180861188,-0.08277367407895336,-0.01563414284158178,-0.02827640699475584
1521,-0.20946447551484337,-0.13465735942038545,-0.023730878174979667,0.08288151065929662
1522,-0.20589657752105384,-0.1305228608039833,-0.027452305905605864,0.062413508093585604
1523,-0.18983662204906615,-0.0801802101232275,-0.02987853656096091,0.03342725003539932
1524,-0.18265411393006964,-0.07294619780917153,-0.020163721069322373,0.15173683153414913
1525,-0.20256736119562604,-0.07522145069455426,-0.025187470459137502,0.10377890289580942
1526,-0.20533771300391387,-0.06995946017810435,-0.03171632949847692,0.13313213543007263
1527,-0.19590587841468665,-0.06328558415592733,-0.033940669412156524,0.09378793715213464
1528,-0.2079477894875231,-0.0640533142042323,-0.03435216778493028,0.10302689406059871
1529,-0.18974834657886355,-0.0511947169703538,-0.036772963432247265,0.15268888046490683
1530,-0.1843086816568924,-0.050026524756047026,-0.03713821830566455,0.15231246501176937
1531,-0.14831772459352813,0.06500180400569594,0.07974926371703644,0.29130545593706264
1532,-0.1604419304075514,0.05734480429019079,-0.042072091508919635,0.24854392714683632
1533,-0.17391816512846678,0.056376558523400996,-0.041810270896320764,0.26386222701344925
1534,-0.17089593963518784,0.049050704784879995,-0.04182612131381413,0.2883251910499818
1535,-0.1701984940723476,0.047563698909116804,-0.04181474684848542,0.29267635996535857
1536,-0.1701984940723476,0.047563698909116804,-0.04181474684848542,0.29267635996535857
1537,-0.17146441406309829,0.04741345912139835,-0.04179988766957442,0.29407766056491697
1538,-0.17414044193900413,0.04732774997976289,-0.041795317607720935,0.29683482752060464
1539,-0.17624103192871488,0.04733440428499237,-0.04178866370246316,0.2993466476144108
1540,-0.17230295535544757,0.027255726394153357,0.02027737955843957,-0.017781869904217203
1541,-0.13701107829434556,-0.05815716260187504,-0.005675720576284391,-0.15545842890584094
1542,-0.17317934649842587,-0.018238403025750225,0.005132339528858526,0.0015587617824406805
1543,-0.2086494920903799,-0.09413547285902966,0.0020663287204382313,-0.053370247480172196
1544,-0.1707532277071292,-0.06958866371356522,-0.01940517473719311,-0.08988752446201846
1545,-0.23163974323816308,-0.06484193401880191,0.005865852231031484,-0.06315893884719423
1546,-0.20032235649691607,-0.040002654598289195,-0.0009758275141334675,-0.08405151569709676
1547,-0.19571048932189594,-0.08866905192903816,-0.003309517010019317,-0.06483501227381563
1548,-0.1517795225756831,0.0066253263072534,0.006235842184268291,-0.03715623652354232
1549,-0.19145989927415252,-0.07802593764060803,0.010822850209328834,-0.06739931237040489
1550,-0.20990077794750142,-0.09304088753815312,0.015345843658518606,-0.0202000256055802
1551,-0.1617587436773728,-0.02197999291592238,-0.028168075534930854,-0.008770144989683093
1552,-0.19023482775456546,-0.07445198473084028,-0.042803690076200086,-0.04326016389664026
1553,-0.18114062325770725,-0.00752307665979507,0.0480272110657556,-0.04445136255442635
1554,-0.20866244284658625,-0.0531158953559254,0.02975243623250722,-0.043477858974095035
1555,-0.19687713083346828,-0.06983836205695547,-0.014807692443960917,0.12448697726589282
1556,0.3326159032203095,0.10185177921685266,0.00021882554803673139,0.07766620567190088
1557,0.33052248161363035,0.0929187853253193,-0.001722355417513545,0.000895633439127126
1558,0.32931889113786,0.08812492063690334,0.0028655652153078246,0.08976588122157599
1559,0.3673846122600453,0.09237595546624212,0.0008545231197633312,0.11097027242796269
1560,0.3782113240409085,0.09093591681039226,0.00043177437701441774,0.14529848637334256
1561,0.3637633565340489,0.08670593452051767,-0.0017535150715211208,0.06867019087912109
1562,0.38895897438421373,0.08884607116545618,-0.000898601199695991,0.11866960955990553
1563,0.36423535214632624,0.08024999725997159,-0.0019491435232375767,0.09612832504652048
1564,0.3539437687078387,0.07927019440742264,-0.0041453530185319625,0.0772253182105238
1565,0.3959494401456532,0.07368217763885938,-0.004170313647056624,0.12486505127624149
1566,0.39332175971040345,0.06867516695436464,-0.004402872019100774,0.155537244709672
1567,-0.2165581446497691,-0.03665255393279474,0.0092767837595202,-0.10828500024311756
1568,-0.21719604381714472,-0.04706815388825692,-0.002873279244089285,-0.09381604592260291
1569,0.41424029142143953,0.09608590213295287,1.566617949343003e-05,-0.05893337174736147
1570,0.414247978660103,0.09609358937161633,1.566617949343003e-05,-0.05894874622468837
1571,-0.20867111125049917,0.14516506935609014,0.007557760559831273,-0.1720762806398906
1572,-0.201657121546137,0.0619888868615154,-0.00538210708522554,-0.11248993908879401
1573,-0.21873745086016486,0.006518579953085676,0.007867086347090928,-0.07089855352188805
1574,-0.18960713118038117,-0.0626000951451122,0.010499126034382298,-0.06570379623511739
1575,-0.13794029259643037,-0.06737915600161364,-0.007929338149560098,-0.13944688330322522
1576,-0.19146282701247844,-0.08379535381710325,0.006361061142386663,-0.036996786661033294
1577,-0.18641212031628318,-0.03270562172899668,-0.00739504862714271,-0.003844518070782988
1578,-0.18194535609686124,-0.04205523334425186,0.025319570161660306,-0.06474087620130048
1579,-0.228877932520918,-0.048783005928752766,0.0018366760018281754,-0.05850137487933753
1580,-0.20454417882384524,-0.06942697242840802,0.009846453907743635,-0.07995579874548024
1581,-0.18986940640878416,-0.003168947915101434,-0.001050356965301154,-0.034960123581766006
1582,-0.1655385691328272,-0.0686929675128941,0.009524229249578072,-0.07325293854049358
1583,-0.19283979091928813,-0.08473196654467127,0.006971428119544939,-0.07145028635123886
1584,-0.2263338999085151,-0.04997436593694176,-0.027647702404146324,0.003957205783798978
1585,-0.12860928213258005,0.07286910564733096,0.09741440570449338,0.028391036579924207
1586,0.23933929195369658,0.10791511536468333,-0.07311945075983178,-0.15269270000176044
1587,-0.17247017433328382,0.1622748191930487,-0.027715876211056353,-0.024983734111530737
1588,-0.19136137028758632,0.05754567084047649,-0.007409019744972762,-0.02607201637607268
1589,-0.17570075264241805,0.0494600562660084,-0.004994897087571642,0.10885811715019121
1590,-0.13162571866740216,0.24337940336454028,0.0038861408601124736,0.3165995925631733
1591,0.33052248161363035,0.0929187853253193,-0.001722355417513545,0.000895633439127126
1592,0.32931889113786,0.08812492063690334,0.0028655652153078246,0.08976588122157599
1593,0.3673846122600453,0.09237595546624212,0.0008545231197633312,0.11097027242796269
1594,0.3782113240409085,0.09093591681039226,0.00043177437701441774,0.14529848637334256
1595,0.3637633565340489,0.08670593452051767,-0.0017535150715211208,0.06867019087912109
1596,0.38895897438421373,0.08884607116545618,-0.000898601199695991,0.11866960955990553
1597,0.36423535214632624,0.08024999725997159,-0.0019491435232375767,0.09612832504652048
1598,0.3539437687078387,0.07927019440742264,-0.0041453530185319625,0.0772253182105238
1599,0.3959494401456532,0.07368217763885938,-0.004170313647056624,0.12486505127624149
1600,-0.16586497301518568,-0.024486234034995714,0.04080860107766129,0.15271396704438314
1601,-0.1839008172822301,-0.023101265094075993,0.05432355172336844,0.12329473844156563
1602,-0.18193156066440883,-0.01491981830860407,0.06670234967840741,0.17155562797020588
1603,-0.17411718056301864,-0.007947766351169045,0.07250932021283642,0.14024274014037774
1604,-0.202829859983063,0.013986488923894017,-0.0066846231391886725,-0.037955732908996696
1605,0.3797165429161842,0.08659609456217343,-0.0015851058420593897,-0.1159067229950995
1606,-0.1914417386173269,0.1302911215254326,0.007915951550330582,-0.18324469489513276
1607,-0.17814167543610213,0.07122108920089486,0.002991956761732946,-0.13337186485309804
1608,-0.1880154473062299,0.02440960392701995,0.015552604689244572,-0.08042416899798921
1609,-0.19136309910168373,-0.0033679453258699922,-0.008981929712537846,-0.06304645654385609
1610,-0.18841192976695711,-0.003644773363957091,-0.00949047213211747,-0.0751926044428694
1611,-0.18810448879529568,-0.00465316264808049,-0.009531175424950647,-0.07494624753792077
1612,-0.1895887510116998,0.012572731973787861,0.041019992546877736,-0.07996003470454964
1613,0.3592531525515778,0.1042206222585358,-0.0009028605368953825,-0.05800650102961833
1614,-0.1379510841013633,0.17829432160720426,-0.09600610737607554,-0.058035251178283995
1615,-0.17230295535544757,0.027255726394153357,0.02027737955843957,-0.017781869904217203
1616,-0.13701107829434556,-0.05815716260187504,-0.005675720576284391,-0.15545842890584094
1617,-0.17317934649842587,-0.018238403025750225,0.005132339528858526,0.0015587617824406805
1618,-0.19876946987425356,-0.09718972582480385,0.0001298044145188232,-0.04634044705350239
1619,-0.1707532277071292,-0.06958866371356522,-0.01940517473719311,-0.08988752446201846
1620,-0.22206177014374912,-0.0781341733570213,-0.0022462079878835485,-0.0547469077881086
1621,-0.16576769788839374,-0.031201324278503518,0.001502021794463141,-0.06658638935835262
1622,-0.19571048932189594,-0.08866905192903816,-0.003309517010019317,-0.06483501227381563
1623,-0.157383713039414,-0.005302555609990948,-0.0027836619676367613,-0.022872703531701927
1624,0.3150190680380446,0.13178982517994,0.022033514918081802,-0.029445467679065716
1625,0.3599304715887305,0.13696949386151785,0.022875883995430828,0.09538963548227773
1626,0.23252917542844417,0.12547370492744753,0.010613347294503509,-0.14591557531814175
1627,0.2623521362053899,0.13440752349980048,0.02417479249719232,-0.07076512002518917
1628,0.40577256845569865,0.11386277999380791,0.02921056181445921,0.05538292615103467
1629,0.39438748407642227,0.10646660546077626,0.00515318968056459,0.03391222335232029
1630,0.3434243279209746,0.10053606937147494,0.0023953204028929883,0.1029449105506806
1631,0.3326159032203095,0.10185177921685266,0.00021882554803673139,0.07766620567190088
1632,0.33052248161363035,0.0929187853253193,-0.001722355417513545,0.000895633439127126
1633,0.32931889113786,0.08812492063690334,0.0028655652153078246,0.08976588122157599
1634,0.3673846122600453,0.09237595546624212,0.0008545231197633312,0.11097027242796269
1635,0.3782113240409085,0.09093591681039226,0.00043177437701441774,0.14529848637334256
1636,0.3637633565340489,0.08670593452051767,-0.0017535150715211208,0.06867019087912109
1637,0.38895897438421373,0.08884607116545618,-0.000898601199695991,0.11866960955990553
1638,0.36423535214632624,0.08024999725997159,-0.0019491435232375767,0.09612832504652048
1639,0.3539437687078387,0.07927019440742264,-0.0041453530185319625,0.0772253182105238
1640,0.3959494401456532,0.07368217763885938,-0.004170313647056624,0.12486505127624149
1641,0.39332175971040345,0.06867516695436464,-0.004402872019100774,0.155537244709672
1642,-0.1773031931336859,-0.04618415078127406,0.02084865343265986,0.22169762000160467
1643,0.3956850278479789,0.06705631942324328,-0.0028623976957579686,0.1289907437946472
1644,0.39839960948501124,0.06749086660863497,-0.0027557763290595085,0.13502176923702452
1645,0.4041514010490707,0.06798459123089681,-0.0027229770355800408,0.146915462531014
1646,0.4088041153764625,0.06827928582567645,-0.0026736962444825307,0.1565119557615947
1647,0.4096674818330552,0.06877889931256043,-0.0026736962444825307,0.15966146432020467
1648,0.40997588202171187,0.06877889931256043,-0.0026736962444825307,0.16026935932718928
1649,0.40997588202171187,0.06877889931256043,-0.0026736962444825307,0.16026935932718928
1650,0.3976987091482407,0.0525518473044211,0.0038950845560955768,0.18220480340822473
1651,0.4100989961055373,0.06877889931256043,-0.0026736962444825307,0.16051771626862388
1652,0.39765506928567435,0.0525518473044211,0.0038950845560955768,0.18212461959570436
1653,0.40993224215914553,0.06877889931256043,-0.0026736962444825307,0.16018917551466896
1654,0.4099258571303103,0.06868540672171816,-0.0026736962444825307,0.15999187631413836
1655,0.409518049282564,0.06868540672171816,-0.002687031136982578,0.15923669414106134
1656,0.409518049282564,0.06868540672171816,-0.002687031136982578,0.15923669414106134
1657,0.4091105535000106,0.06868540672171816,-0.002715471823136462,0.15843439385890226
1658,0.40886436549598926,0.06868292500019772,-0.0027434454996347686,0.1578690362703529
1659,0.40765587835874983,0.06868292500019772,-0.0027434454996347686,0.155548548667622
1660,0.4057425570555818,0.06858162143209923,-0.003085567016941604,0.15116574931219243
1661,0.40479931237669037,0.06858162143209923,-0.0032125886451503005,0.14937568872479107
1662,0.4047962743739057,0.06857858342931454,-0.003215626647934979,0.14938480273314508
1663,0.4047962743739057,0.06857858342931454,-0.003215626647934979,0.14938480273314508
1664,0.4047962743739057,0.06857858342931454,-0.003215626647934979,0.14938480273314508
1665,0.4047962743739057,0.06857858342931454,-0.003215626647934979,0.14938480273314508
1666,0.4051709308304542,0.06895323988586326,-0.003257336884145097,0.14867720005625779
1667,0.4052210776945158,0.06909144672032556,-0.0032635922975578716,0.14849510177114664
1668,0.4052210776945158,0.06909144672032556,-0.0032635922975578716,0.14849510177114664
1669,-0.11997296787265488,0.1253385011502936,0.06863871850848759,0.4827497123052605
1670,0.3539743281854808,0.03688143327789272,0.010942897181177413,0.16765652567508954
1671,0.3573593351465359,0.036369695118955415,0.011170454943946846,0.16455569911020215
1672,0.36329214995057046,0.03803142986847535,0.011234052442623816,0.15689755205797146
1673,0.3784242191268687,0.04302841643279503,0.010769796511660844,0.13723275224832238
1674,0.3850021583255229,0.04488568601086932,0.011095535953122024,0.12805080353484066
1675,-0.2168263524292047,0.11489305555160208,-0.01576932926293016,-0.1333545101655673
1676,-0.207855290246556,0.14488881264879844,0.007571723760250268,-0.16741860032545636
1677,-0.19558023127616955,0.08329698522008079,0.002689712084370489,-0.1081982455266749
1678,-0.1881922111375122,0.11281316226422343,0.0043469407866251605,-0.06313099711135108
1679,0.4127823703538885,0.0957208414164115,2.1400375237733143e-05,-0.0571161241590135
1680,0.41344454960767696,0.09551747138675525,2.1400375237733143e-05,-0.05757493338314563
1681,0.41368500689297427,0.09551179226710947,2.1400375237733143e-05,-0.05780971154879707
1682,0.41385199094009134,0.09572790540514904,2.1400375237733143e-05,-0.05819280873395371
1683,0.41417470437957044,0.09598545428106957,2.2432398511323433e-05,-0.058774103072626954
1684,0.4142056246320445,0.09601637453354363,2.2432398511323433e-05,-0.05883594357757507
1685,0.4142123266049074,0.09602307650640655,2.2432398511323433e-05,-0.05884934752330094
1686,0.41424029142143953,0.09605104132293862,1.566617949343003e-05,-0.058898510937347215
1687,0.41424029142143953,0.09605104132293862,1.566617949343003e-05,-0.058898510937347215
1688,-0.15813412806413826,0.03970425829717102,-0.03439810765019872,0.4078644378401345
1689,0.34606572028339694,0.07292190341054601,-0.0018028165826844901,0.211355892980373
1690,0.34606572028339694,0.07292190341054601,-0.0018028165826844901,0.211355892980373
1691,0.34606572028339694,0.07292190341054601,-0.0018028165826844901,0.211355892980373
1692,-0.17096409162582032,0.01867288078147919,0.07331821359431358,0.24827410934438715
1693,0.3885960197013455,0.052509204615413155,0.00781289238768411,0.18311967239691274
1694,0.37746950104673427,0.04313929516247365,0.005867180655286437,0.20875764232718863
1695,0.3774434517603726,0.042892027073020485,0.006297544770802549,0.20892141147293886
1696,0.37359107744873826,0.04068040978809414,0.006954465520751369,0.21487684430921952
1697,0.36982071453233456,0.03939374556668646,0.009775528696463306,0.21301408381598178
1698,0.3612981847550141,0.0384710974013794,0.010794899580512806,0.19435469276410253
1699,0.35649072735084536,0.037527933363578715,0.010824450599262023,0.1835046176414391
1700,0.35686522206980614,0.0372458767510379,0.01091185011290389,0.17588120823902442
1701,0.3539743281854808,0.03688143327789272,0.010942897181177413,0.16765652567508954
1702,0.3573593351465359,0.036369695118955415,0.011170454943946846,0.16455569911020215
1703,0.36329214995057046,0.03803142986847535,0.011234052442623816,0.15689755205797146
1704,0.3784242191268687,0.04302841643279503,0.010769796511660844,0.13723275224832238
1705,0.3850021583255229,0.04488568601086932,0.011095535953122024,0.12805080353484066
1706,-0.18354572236013517,-0.035808198468820586,-0.00617215745880659,-0.10724800073503457
1707,-0.20098815734521158,0.026564324443112828,0.0192684010744378,0.019191178703986952
1708,0.23714612362558807,0.12384912099556457,-0.030051942457875225,-0.16237272498642458
1709,0.27015356936864543,0.13374519866745319,-0.0012541448756160922,-0.07372444864880134
1710,0.2180527520200128,0.13217064741388682,0.014619593713053724,-0.16004686736950477
1711,0.3150190680380446,0.13178982517994,0.022033514918081802,-0.029445467679065716
1712,0.3599304715887305,0.13696949386151785,0.022875883995430828,0.09538963548227773
1713,0.23252917542844417,0.12547370492744753,0.010613347294503509,-0.14591557531814175
1714,-0.12429475079908502,0.3161383672252578,0.019156300244015767,0.05241852611615557
1715,0.40577256845569865,0.11386277999380791,0.02921056181445921,0.05538292615103467
1716,0.39438748407642227,0.10646660546077626,0.00515318968056459,0.03391222335232029
1717,-0.17357312073192632,0.17274318775809316,0.003590274965585688,0.09577799504359208
1718,0.3326159032203095,0.10185177921685266,0.00021882554803673139,0.07766620567190088
1719,0.33052248161363035,0.0929187853253193,-0.001722355417513545,0.000895633439127126
1720,-0.1645679767717035,0.13488382231708756,0.005821405906793839,0.10570954645782625
1721,0.3673846122600453,0.09237595546624212,0.0008545231197633312,0.11097027242796269
1722,0.3782113240409085,0.09093591681039226,0.00043177437701441774,0.14529848637334256
1723,0.3637633565340489,0.08670593452051767,-0.0017535150715211208,0.06867019087912109
1724,0.38895897438421373,0.08884607116545618,-0.000898601199695991,0.11866960955990553
1725,0.36423535214632624,0.08024999725997159,-0.0019491435232375767,0.09612832504652048
1726,0.3539437687078387,0.07927019440742264,-0.0041453530185319625,0.0772253182105238
1727,0.3959494401456532,0.07368217763885938,-0.004170313647056624,0.12486505127624149
1728,0.39332175971040345,0.06867516695436464,-0.004402872019100774,0.155537244709672
1729,0.3794207862010826,0.05776869663431066,-0.0037824744398640762,0.18374132395158013
1730,0.37912769364153404,0.05743381959215507,-0.003887421829687162,0.18336978159199147
1731,0.37449977762193704,0.05508341851059633,-0.0041230163858851894,0.18843269912212493
1732,0.3689909727290311,0.05373296040925588,-0.005021441685622841,0.1828504501534376
1733,-0.1895887510116998,0.012572731973787861,0.041019992546877736,-0.07996003470454964
1734,-0.18718948739722852,-0.036397327936040696,-0.015809072323288955,-0.059990728867801546
1735,-0.16526180472432073,-0.037671309667159536,-0.01945984578190419,-0.07464034266779342
1736,0.3150190680380446,0.13178982517994,0.022033514918081802,-0.029445467679065716
1737,0.3599304715887305,0.13696949386151785,0.022875883995430828,0.09538963548227773
1738,0.23252917542844417,0.12547370492744753,0.010613347294503509,-0.14591557531814175
1739,-0.13873069616364003,0.08617531481254745,0.06379688856477199,0.4460642474183532
1740,0.34606572028339694,0.07292190341054601,-0.0018028165826844901,0.211355892980373
1741,-0.18451738156481104,0.026154839195968116,-0.0005283284674741846,0.24958679641902196
1742,0.3477865739630657,0.056203822236572054,0.0014963660549451013,0.2300217388984605
1743,-0.13873069616364003,0.08617531481254745,0.06379688856477199,0.4460642474183532
1744,-0.15813412806413826,0.03970425829717102,-0.03439810765019872,0.4078644378401345
1745,0.34606572028339694,0.07292190341054601,-0.0018028165826844901,0.211355892980373
1746,-0.18247680525008958,0.07834102625232095,-6.608111071630207e-05,0.1926439005927105
1747,-0.1366383600477299,0.0777278539678772,-0.03701546380121629,0.4346219213000824
1748,0.35703107156266906,0.05051854884817073,-0.005378873674904321,0.13263970721089607
1749,0.36313454013945623,0.05214932945362694,-0.005385125990571957,0.12491171034432105
1750,0.3772112668778419,0.05665874067347162,-0.005077923030341456,0.1060183694258611
1751,0.38354135415154494,0.05857152999114744,-0.005160156744773114,0.09642844755648583
1752,0.38329391335776103,0.05876010770536119,-0.005153554620058086,0.0952424717604741
1753,0.38349078349150606,0.05993639576048435,-0.005335469179753093,0.08817946657603305
1754,-0.20561030314613732,0.006500363789609861,0.01348265519751782,-0.07082773036985192
1755,-0.18772045849484187,0.0017929612144669221,-0.0069821023378565175,-0.04296368938834306
1756,0.38160158757683366,0.08899308536624032,-0.0017419624550909377,-0.12003190184678456
1757,-0.1871070986056885,0.13403692452558913,0.007799823531336479,-0.1913682117559027
1758,0.3738126797323479,0.08875764322418765,-0.0022631157449608257,-0.14191759441762136
1759,-0.1833248383787001,0.10334891127207002,0.005351868386530876,-0.15692387826625087
1760,-0.21873745086016486,0.006518579953085676,0.007867086347090928,-0.07089855352188805
1761,-0.18666273137314782,-0.048066954534633194,-0.006393234757531062,-0.09001221285625992
1762,-0.13794029259643037,-0.06737915600161364,-0.007929338149560098,-0.13944688330322522
1763,-0.18507016235982854,-0.07869924447129943,-0.0021597493408015782,-0.036551272411631926
1764,-0.18641212031628318,-0.03270562172899668,-0.00739504862714271,-0.003844518070782988
1765,-0.17051071161356676,-0.0704422427668495,-0.012040508263050783,-0.08557686334800774
1766,-0.21790154584654914,-0.05582916991120188,-2.9308861316904116e-05,-0.045380082712333666
1767,-0.17354208520572664,-0.07669373271068748,-0.0037437873857237205,-0.06812735317648055
1768,-0.17959951881108688,-0.00591391766123752,0.0004982959586455387,-0.010108433514073376
1769,0.2180527520200128,0.13217064741388682,0.014619593713053724,-0.16004686736950477
1770,-0.1537816095734135,0.2947885896487643,0.03152391585567843,0.011584387855290599
1771,-0.2017449257080745,0.09395853932389636,0.006303084403092041,-0.01928722409583149
1772,-0.14388669404845927,0.08830326013740102,0.00011332628626455461,-0.05011315570564225
1773,-0.1714220194965708,0.03261812742397374,-0.0021888204111281014,-0.06393306728781956
1774,-0.20357675437425973,0.07898894910503759,0.005229251777121503,-7.702889125092757e-05
1775,0.39438748407642227,0.10646660546077626,0.00515318968056459,0.03391222335232029
1776,0.3434243279209746,0.10053606937147494,0.0023953204028929883,0.1029449105506806
1777,0.3326159032203095,0.10185177921685266,0.00021882554803673139,0.07766620567190088
1778,0.33052248161363035,0.0929187853253193,-0.001722355417513545,0.000895633439127126
1779,0.32931889113786,0.08812492063690334,0.0028655652153078246,0.08976588122157599
1780,0.3673846122600453,0.09237595546624212,0.0008545231197633312,0.11097027242796269
1781,0.3782113240409085,0.09093591681039226,0.00043177437701441774,0.14529848637334256
1782,0.3637633565340489,0.08670593452051767,-0.0017535150715211208,0.06867019087912109
1783,0.38895897438421373,0.08884607116545618,-0.000898601199695991,0.11866960955990553
1784,0.36423535214632624,0.08024999725997159,-0.0019491435232375767,0.09612832504652048
1785,0.3539437687078387,0.07927019440742264,-0.0041453530185319625,0.0772253182105238
1786,0.3959494401456532,0.07368217763885938,-0.004170313647056624,0.12486505127624149
1787,-0.1471639828880816,0.026192902189278885,0.06951918576820898,0.39625962233468326
1788,0.3386676740477443,0.0722465565316036,-0.0018312638260776603,0.19610730961646727
1789,0.34372601091599314,0.07276847367862271,-0.0018312638260776603,0.2066901726558465
1790,0.34598127892330904,0.07292190341054601,-0.0018028165826844901,0.21119268699028756
1791,0.34606572028339694,0.07292190341054601,-0.0018028165826844901,0.211355892980373
1792,0.34606572028339694,0.07292190341054601,-0.0018028165826844901,0.211355892980373
1793,0.34606572028339694,0.07292190341054601,-0.0018028165826844901,0.211355892980373
1794,0.34606572028339694,0.07292190341054601,-0.0018028165826844901,0.211355892980373
1795,0.34606572028339694,0.07292190341054601,-0.0018028165826844901,0.211355892980373
1796,-0.18247680525008958,0.07834102625232095,-6.608111071630207e-05,0.1926439005927105
1797,0.34606572028339694,0.07292190341054601,-0.0018028165826844901,0.211355892980373
1798,0.34606572028339694,0.07292190341054601,-0.0018028165826844901,0.211355892980373
1799,0.34606572028339694,0.07292190341054601,-0.0018028165826844901,0.211355892980373
1800,0.3477865739630657,0.056203822236572054,0.0014963660549451013,0.2300217388984605
1801,-0.17230295535544757,0.027255726394153357,0.02027737955843957,-0.017781869904217203
1802,-0.14834699562033882,-0.07411771574121381,0.012641307222481402,-0.12972534527784246
1803,-0.18342358133030326,-0.04102554926195281,-0.0040378868783510595,-0.007532699198564113
1804,-0.19876946987425356,-0.09718972582480385,0.0001298044145188232,-0.04634044705350239
1805,-0.1707532277071292,-0.06958866371356522,-0.01940517473719311,-0.08988752446201846
1806,-0.23163974323816308,-0.06484193401880191,0.005865852231031484,-0.06315893884719423
1807,-0.20032235649691607,-0.040002654598289195,-0.0009758275141334675,-0.08405151569709676
1808,-0.2033419017431453,-0.07402034384425205,0.007045568404684026,-0.07989861372157855
1809,-0.1517795225756831,0.0066253263072534,0.006235842184268291,-0.03715623652354232
1810,0.32497979625403595,0.10410359255040236,-0.05793220390285534,-0.09404452321954125
1811,-0.17717525600702239,0.20024839000630368,-0.05940264223713155,0.038664595257759955
1812,-0.14046906845624782,0.04877481401097865,-0.014103887060039877,-0.06312466458827859
1813,-0.13553836986762566,0.07169824601413786,-0.004082651971378258,-0.02973786716995249
1814,-0.17638506449226107,0.03594377888999004,-0.012467148698497701,-0.040973885512231335
1815,-0.18933288340806909,0.06059648572337794,-0.008217569710633782,0.010080938440055661
1816,-0.13800004538113744,0.2293352353481899,0.0036051162876910717,0.323426596972712
1817,0.3326159032203095,0.10185177921685266,0.00021882554803673139,0.07766620567190088
1818,-0.1649487500996786,0.1555047799155865,0.0009184585117504549,0.0152549348716298
1819,-0.15501609591583893,0.08216225621304761,0.0020102145613796188,0.17380016258128503
1820,-0.17987388535653354,0.0545983756904912,-0.003600488748720844,0.11610467767695606
1821,-0.1617928676881473,0.15837562438506408,-9.612775751796349e-05,0.27477856118796423
1822,0.3637633565340489,0.08670593452051767,-0.0017535150715211208,0.06867019087912109
1823,0.38895897438421373,0.08884607116545618,-0.000898601199695991,0.11866960955990553
1824,-0.18805005827048907,0.1036471555428348,-0.002161758121077361,0.05367344777551008
1825,0.3539437687078387,0.07927019440742264,-0.0041453530185319625,0.0772253182105238
1826,0.3959494401456532,0.07368217763885938,-0.004170313647056624,0.12486505127624149
1827,0.39332175971040345,0.06867516695436464,-0.004402872019100774,0.155537244709672
1828,-0.1839008172822301,-0.023101265094075993,0.05432355172336844,0.12329473844156563
1829,0.37315724011616075,0.07561993464087756,-0.009220216228388948,0.15101315904839785
1830,0.3626603533945967,0.07148962204542941,0.0018731750302186658,0.08766354426132114
1831,0.3845395388793383,0.07325663344174546,-0.0026191807905591538,0.13231569324950218
1832,0.36096247139276205,0.0648762735713602,0.002496752037089993,0.11594088388730833
1833,0.3548937590550521,0.0640922102877771,0.008276343401994367,0.10501367791150966
1834,-0.18354572236013517,-0.035808198468820586,-0.00617215745880659,-0.10724800073503457
1835,-0.22236407642569908,-0.01315181262813993,-0.025627915116118512,-0.01828908165733817
1836,-0.20349151531733634,-0.05905181127773107,-0.0031692896572584842,-0.08062332385582392
1837,-0.20423242430028157,-0.07684191052175786,0.001897741291830784,-0.08045714956742353
1838,-0.16315387008001664,-0.04702940286631802,0.013046986230561854,-0.10214385520819326
1839,-0.20867581693864787,-0.0685094240642532,-0.003721702182903829,-0.08144214631216803
1840,-0.23030711597800524,-0.06424281605362751,-0.00644192113809972,-0.04096746052534377
1841,-0.1754797264427887,-0.09145062760425803,-0.013371565379582388,-0.06494555125641852
1842,-0.186742318095826,-0.05747833406249694,-0.011982467688161247,-0.047941984890092174
1843,-0.233708710401864,-0.09297594687434042,-0.005933164657977308,-0.026317535843972832
1844,-0.22497327004324408,-0.09655337458545224,-0.006571727815444108,-0.012880890743446314
1845,-0.18419115787537949,-0.061663418825017746,0.04651415764249222,0.1211159448323966
1846,0.3326159032203095,0.10185177921685266,0.00021882554803673139,0.07766620567190088
1847,-0.1649487500996786,0.1555047799155865,0.0009184585117504549,0.0152549348716298
1848,-0.15501609591583893,0.08216225621304761,0.0020102145613796188,0.17380016258128503
1849,0.3673846122600453,0.09237595546624212,0.0008545231197633312,0.11097027242796269
1850,0.3782113240409085,0.09093591681039226,0.00043177437701441774,0.14529848637334256
1851,0.3637633565340489,0.08670593452051767,-0.0017535150715211208,0.06867019087912109
1852,0.38895897438421373,0.08884607116545618,-0.000898601199695991,0.11866960955990553
1853,0.36423535214632624,0.08024999725997159,-0.0019491435232375767,0.09612832504652048
1854,0.3539437687078387,0.07927019440742264,-0.0041453530185319625,0.0772253182105238
1855,0.3959494401456532,0.07368217763885938,-0.004170313647056624,0.12486505127624149
1856,0.39332175971040345,0.06867516695436464,-0.004402872019100774,0.155537244709672
1857,0.3794207862010826,0.05776869663431066,-0.0037824744398640762,0.18374132395158013
1858,0.37912769364153404,0.05743381959215507,-0.003887421829687162,0.18336978159199147
1859,0.37449977762193704,0.05508341851059633,-0.0041230163858851894,0.18843269912212493
1860,0.3689909727290311,0.05373296040925588,-0.005021441685622841,0.1828504501534376
1861,-0.13873069616364003,0.08617531481254745,0.06379688856477199,0.4460642474183532
1862,0.34606572028339694,0.07292190341054601,-0.0018028165826844901,0.211355892980373
1863,0.34606572028339694,0.07292190341054601,-0.0018028165826844901,0.211355892980373
1864,0.34606572028339694,0.07292190341054601,-0.0018028165826844901,0.211355892980373
1865,0.34606572028339694,0.07292190341054601,-0.0018028165826844901,0.211355892980373
1866,0.34606572028339694,0.07292190341054601,-0.0018028165826844901,0.211355892980373
1867,0.34606572028339694,0.07292190341054601,-0.0018028165826844901,0.211355892980373
1868,0.34606572028339694,0.07292190341054601,-0.0018028165826844901,0.211355892980373
1869,-0.20657753890050048,-0.01035640105140892,-0.006290814689568752,-0.02927110199063583
1870,-0.18772045849484187,0.0017929612144669221,-0.0069821023378565175,-0.04296368938834306
1871,-0.19136309910168373,-0.0033679453258699922,-0.008981929712537846,-0.06304645654385609
1872,-0.18841192976695711,-0.003644773363957091,-0.00949047213211747,-0.0751926044428694
1873,-0.18810448879529568,-0.00465316264808049,-0.009531175424950647,-0.07494624753792077
1874,-0.18488378915967624,-0.035476913333628145,-0.011493952442029894,-0.04189239766937242
1875,-0.2156098295271574,0.015384157841040358,0.009179039972916813,-0.06048286302410388
1876,-0.2286125478984129,-0.033324179267769205,-0.00025992509385214957,-0.08915268702942232
1877,-0.18949737234726022,-0.06644575766533847,-0.007403716517289184,-0.08315747698461198
1878,-0.13931265294688142,-0.0777638515679155,-0.008155471912290315,-0.12748077161804955
1879,-0.16844005974773046,0.004961358250731395,-0.00846981343156493,0.02512115519731037
1880,-0.1832277862951346,-0.01898283842423193,0.0005335014724395206,0.015042505401276825
1881,0.2287613541757094,0.12251979667872713,-0.010961055719023402,-0.16685295612285064
1882,0.337346803801527,0.13361590519147637,-0.002653914262118803,0.04440178872846987
1883,0.23714612362558807,0.12384912099556457,-0.030051942457875225,-0.16237272498642458
1884,-0.13065561805736353,0.31274760320535105,0.04581013020275833,0.035296897071006764
1885,-0.13563954914630844,0.11930922645435885,0.015252247248948546,-0.050704929521360714
1886,0.3150190680380446,0.13178982517994,0.022033514918081802,-0.029445467679065716
1887,0.3599304715887305,0.13696949386151785,0.022875883995430828,0.09538963548227773
1888,0.23252917542844417,0.12547370492744753,0.010613347294503509,-0.14591557531814175
1889,0.2623521362053899,0.13440752349980048,0.02417479249719232,-0.07076512002518917
1890,0.40577256845569865,0.11386277999380791,0.02921056181445921,0.05538292615103467
1891,0.39438748407642227,0.10646660546077626,0.00515318968056459,0.03391222335232029
1892,0.3434243279209746,0.10053606937147494,0.0023953204028929883,0.1029449105506806
1893,0.3326159032203095,0.10185177921685266,0.00021882554803673139,0.07766620567190088
1894,0.33052248161363035,0.0929187853253193,-0.001722355417513545,0.000895633439127126
1895,0.32931889113786,0.08812492063690334,0.0028655652153078246,0.08976588122157599
1896,0.3673846122600453,0.09237595546624212,0.0008545231197633312,0.11097027242796269
1897,0.3782113240409085,0.09093591681039226,0.00043177437701441774,0.14529848637334256
1898,0.3637633565340489,0.08670593452051767,-0.0017535150715211208,0.06867019087912109
1899,0.38895897438421373,0.08884607116545618,-0.000898601199695991,0.11866960955990553
1900,0.36423535214632624,0.08024999725997159,-0.0019491435232375767,0.09612832504652048
1901,0.3539437687078387,0.07927019440742264,-0.0041453530185319625,0.0772253182105238
1902,-0.20561030314613732,0.006500363789609861,0.01348265519751782,-0.07082773036985192
1903,0.3797165429161842,0.08659609456217343,-0.0015851058420593897,-0.1159067229950995
1904,0.38160158757683366,0.08899308536624032,-0.0017419624550909377,-0.12003190184678456
1905,0.3734470312047261,0.08958465220285644,-0.0021607376752079363,-0.14064461509130188
1906,0.3738126797323479,0.08875764322418765,-0.0022631157449608257,-0.14191759441762136
1907,0.36505155853608795,0.07979191272205757,-0.0032253597144948454,-0.11837801449727743
1908,-0.17236721807671782,0.02529942336384751,0.04151749803163166,-0.05938657774107577
1909,-0.18924551150167426,0.017946053485990755,0.051322843381925325,-0.007180765879790468
1910,-0.14241743640762225,0.015523799325445993,0.0539591664307578,-0.039105169903730926
1911,-0.1468177913039344,0.0005339501106782123,0.04912456097971575,-0.04703445671229149
1912,-0.18211343263975852,-0.006377156018363377,0.026613775037997618,-0.05717873394017941
1913,-0.21851189852545191,-0.050698656491091044,-0.01567570323569538,-0.030048049395593853
1914,-0.17977739298418774,-0.03771466104626105,0.057365540726951304,0.11088476800499618
1915,-0.13873069616364003,0.08617531481254745,0.06379688856477199,0.4460642474183532
1916,0.34606572028339694,0.07292190341054601,-0.0018028165826844901,0.211355892980373
1917,0.3477865739630657,0.056203822236572054,0.0014963660549451013,0.2300217388984605
1918,0.3477865739630657,0.056203822236572054,0.0014963660549451013,0.2300217388984605
1919,-0.15813412806413826,0.03970425829717102,-0.03439810765019872,0.4078644378401345
1920,0.34606572028339694,0.07292190341054601,-0.0018028165826844901,0.211355892980373
1921,0.34606572028339694,0.07292190341054601,-0.0018028165826844901,0.211355892980373
1922,0.34606572028339694,0.07292190341054601,-0.0018028165826844901,0.211355892980373
1923,-0.13542663766629406,0.08636046406763544,0.0638180360448394,0.44255389218585167
1924,0.3386676740477443,0.0722465565316036,-0.0018312638260776603,0.19610730961646727
1925,0.3386676740477443,0.0722465565316036,-0.0018312638260776603,0.19610730961646727
1926,-0.1786942669777646,0.07799371327643247,-7.011502309910423e-05,0.18857590173678276
1927,-0.16300978926817739,0.024036443348251228,-0.00417457207402191,0.2554308140360956
1928,0.3386676740477443,0.0722465565316036,-0.0018312638260776603,0.19610730961646727
1929,-0.20561030314613732,0.006500363789609861,0.01348265519751782,-0.07082773036985192
1930,-0.18772045849484187,0.0017929612144669221,-0.0069821023378565175,-0.04296368938834306
1931,0.38160158757683366,0.08899308536624032,-0.0017419624550909377,-0.12003190184678456
1932,0.3734470312047261,0.08958465220285644,-0.0021607376752079363,-0.14064461509130188
1933,0.3738126797323479,0.08875764322418765,-0.0022631157449608257,-0.14191759441762136
1934,0.36505155853608795,0.07979191272205757,-0.0032253597144948454,-0.11837801449727743
1935,-0.13542663766629406,0.08636046406763544,0.0638180360448394,0.44255389218585167
1936,0.3386676740477443,0.0722465565316036,-0.0018312638260776603,0.19610730961646727
1937,0.3386676740477443,0.0722465565316036,-0.0018312638260776603,0.19610730961646727
1938,0.3386676740477443,0.0722465565316036,-0.0018312638260776603,0.19610730961646727
1939,0.3386676740477443,0.0722465565316036,-0.0018312638260776603,0.19610730961646727
1940,0.3386676740477443,0.0722465565316036,-0.0018312638260776603,0.19610730961646727
1941,-0.18845149071669928,-0.04559585422915216,0.04570628906982662,0.11467344133367462
1942,-0.1873249032672023,0.010987650256245433,-0.017607258079017467,0.24210048601936257
1943,0.3637633565340489,0.08670593452051767,-0.0017535150715211208,0.06867019087912109
1944,-0.1995376437974572,0.12678062146179578,-0.0006165228169313738,0.040003524524039484
1945,-0.16856355217934818,0.07360568513642902,-0.005027802068140022,0.14444415959660775
1946,0.3539437687078387,0.07927019440742264,-0.0041453530185319625,0.0772253182105238
1947,-0.2038446065569498,0.07250830873817958,-0.004335446563573285,0.03490153771944319
1948,-0.18370689697815903,0.015265147670188614,-0.008384930011347949,0.14997797196210097
1949,0.3794207862010826,0.05776869663431066,-0.0037824744398640762,0.18374132395158013
1950,0.37912769364153404,0.05743381959215507,-0.003887421829687162,0.18336978159199147
1951,0.37449977762193704,0.05508341851059633,-0.0041230163858851894,0.18843269912212493
1952,-0.1917921819234113,0.01062849277179907,-0.003850220257970024,0.13189782864681468
1953,-0.16884935572981966,-0.02883011360233848,-0.00697046514914532,0.20809019383141542
1954,-0.16956707495669404,-0.047357706008372503,-0.009616985534328569,0.20286576049029822
1955,-0.1584788298821891,0.05751281392566868,0.0811910063632572,0.35417534012789353
1956,0.39765506928567435,0.0525518473044211,0.0038950845560955768,0.18212461959570436
1957,0.39764868425683914,0.052458354713578834,0.0038950845560955768,0.1819273203951738
1958,0.3972846345368694,0.052458354713578834,0.00395273835602225,0.18124312691452352
1959,0.3972846345368694,0.052458354713578834,0.00395273835602225,0.18124312691452352
1960,0.39699051566916754,0.052458354713578834,0.004115256562615903,0.18063178552511178
1961,0.39715930156243745,0.0524439607287603,0.0043067525644157525,0.18028589761486058
1962,0.40765587835874983,0.06868292500019772,-0.0027434454996347686,0.155548548667622
1963,0.39461101697959855,0.05238777543803146,0.005303933767936857,0.1749219133775277
1964,-0.15503943897919423,0.12310572423727854,0.015714915710962365,0.08429271413765815
1965,0.38140752080881324,0.08563631617759346,-0.0027567286268718513,-0.09269498009796329
1966,-0.22539614835987096,0.13726141365924996,0.0065191512531409725,-0.15733704449142077
1967,-0.2119778734817826,0.07561456121364359,0.00046059644112841295,-0.09891283255802681
1968,-0.14833019630240246,0.15611471933634827,0.0029212087699796857,0.01102164637588472
1969,0.19807769238286796,0.09879734534698939,-0.010806708082267583,-0.3448914834770692
1970,-0.1526226013143276,0.19214710813050243,0.015895297562642983,-0.05280033430117604
1971,0.3119444964470495,0.11155322096366987,-0.004172664639261075,-0.05333611372553794
1972,-0.10852134210304007,0.291100980870943,0.04089581569962072,0.005694880744228215
1973,0.337346803801527,0.13361590519147637,-0.002653914262118803,0.04440178872846987
1974,0.36736197515057556,0.10256289558269199,0.060011950328901706,-0.05694216891918256
1975,0.27015356936864543,0.13374519866745319,-0.0012541448756160922,-0.07372444864880134
1976,-0.10311942142043495,0.31943783053909397,0.0480457793211527,0.0286114923358743
1977,0.3150190680380446,0.13178982517994,0.022033514918081802,-0.029445467679065716
1978,0.3599304715887305,0.13696949386151785,0.022875883995430828,0.09538963548227773
1979,0.23252917542844417,0.12547370492744753,0.010613347294503509,-0.14591557531814175
1980,0.2623521362053899,0.13440752349980048,0.02417479249719232,-0.07076512002518917
1981,0.40577256845569865,0.11386277999380791,0.02921056181445921,0.05538292615103467
1982,0.39438748407642227,0.10646660546077626,0.00515318968056459,0.03391222335232029
1983,0.3434243279209746,0.10053606937147494,0.0023953204028929883,0.1029449105506806
1984,0.3326159032203095,0.10185177921685266,0.00021882554803673139,0.07766620567190088
1985,0.33052248161363035,0.0929187853253193,-0.001722355417513545,0.000895633439127126
1986,0.32931889113786,0.08812492063690334,0.0028655652153078246,0.08976588122157599
1987,0.3673846122600453,0.09237595546624212,0.0008545231197633312,0.11097027242796269
1988,0.3782113240409085,0.09093591681039226,0.00043177437701441774,0.14529848637334256
1989,0.3637633565340489,0.08670593452051767,-0.0017535150715211208,0.06867019087912109
1990,0.38895897438421373,0.08884607116545618,-0.000898601199695991,0.11866960955990553
1991,-0.15881627392232012,0.10530600430628552,0.008946995551949107,0.06419124020477877
1992,0.36154918516674145,0.08240119355302175,-0.0035490913608447884,-0.11697545479991514
1993,0.38140752080881324,0.08563631617759346,-0.0027567286268718513,-0.09269498009796329
1994,0.4434832904989269,0.09647674115042915,0.0016661073211578302,0.0017118612215666234
1995,0.44601088313027076,0.09764237565800671,0.001912415713663837,0.007267527533036583
1996,0.32861345687375193,0.09779482802037127,-0.004116693121925602,-0.12368625308883313
1997,0.19807769238286796,0.09879734534698939,-0.010806708082267583,-0.3448914834770692
1998,-0.1526226013143276,0.19214710813050243,0.015895297562642983,-0.05280033430117604
1999,-0.15106122914345532,0.16126552770385333,0.0169362001174002,0.04583157421130751
2000,0.2287613541757094,0.12251979667872713,-0.010961055719023402,-0.16685295612285064
2001,-0.16599110843746348,0.2977786236119305,0.0456161763077176,0.05089440963528919
2002,0.23714612362558807,0.12384912099556457,-0.030051942457875225,-0.16237272498642458
2003,-0.13065561805736353,0.31274760320535105,0.04581013020275833,0.035296897071006764
2004,0.2180527520200128,0.13217064741388682,0.014619593713053724,-0.16004686736950477
2005,-0.1537816095734135,0.2947885896487643,0.03152391585567843,0.011584387855290599
2006,0.3599304715887305,0.13696949386151785,0.022875883995430828,0.09538963548227773
2007,0.23252917542844417,0.12547370492744753,0.010613347294503509,-0.14591557531814175
2008,0.2623521362053899,0.13440752349980048,0.02417479249719232,-0.07076512002518917
2009,0.40577256845569865,0.11386277999380791,0.02921056181445921,0.05538292615103467
2010,0.39438748407642227,0.10646660546077626,0.00515318968056459,0.03391222335232029
2011,0.3434243279209746,0.10053606937147494,0.0023953204028929883,0.1029449105506806
2012,0.3326159032203095,0.10185177921685266,0.00021882554803673139,0.07766620567190088
2013,0.33052248161363035,0.0929187853253193,-0.001722355417513545,0.000895633439127126
2014,0.32931889113786,0.08812492063690334,0.0028655652153078246,0.08976588122157599
2015,0.3673846122600453,0.09237595546624212,0.0008545231197633312,0.11097027242796269
2016,0.3782113240409085,0.09093591681039226,0.00043177437701441774,0.14529848637334256
2017,0.3637633565340489,0.08670593452051767,-0.0017535150715211208,0.06867019087912109
2018,-0.199079028937612,-0.015323181480372287,-0.002357645537683189,-0.12066987767941123
2019,-0.18981214927814674,-0.010407763736686395,0.006175553340539562,-0.0963018317806617
2020,-0.19332633243069142,-0.034592147621580284,0.0032659577062645133,-0.09399793047413021
2021,-0.190737990982332,-0.07178703087803509,-0.0016680621614113033,-0.04496440592501384
2022,-0.19161630175348596,-0.06521094161194194,-0.008946404974470369,-0.06489472299890421
2023,-0.20050290475587598,-0.06416995508996273,-0.0065485631506425985,-0.0691457933309138
2024,-0.22325184580123916,-0.017823215565475885,-0.004170000245342103,-0.05508837254064113
2025,-0.23213392951318296,-0.06145330221176203,-0.005606283640328102,-0.055508132421369004
2026,-0.18751593986248768,-0.05684547316698357,-0.016600617487782098,-0.0650456094446221
2027,-0.13949146060326162,-0.08387386951215445,-0.01893295561585576,-0.10418619330699347
2028,-0.18669584283485582,-0.09317864405023531,-0.010832435426253902,-0.02124690453282504
2029,-0.19600937952483208,-0.08187778300498105,-0.018967726915495666,-0.030134401357060036
2030,-0.17185546947818323,-0.0780548083275907,-0.033672338953570746,-0.06854924651100221
2031,-0.22174956328061665,-0.07624500711275232,-0.025893089257481624,-0.03322518516065906
2032,-0.17468857927318182,-0.07619084890591366,-0.01800399923318505,-0.08703066980374645
2033,-0.1918798130570245,-0.06313949802235978,-0.013932998602576253,-0.06929967211935388
2034,-0.17161959746357006,-0.07496583114800862,-0.019797091076915012,-0.0780882041599412
2035,-0.2089219405644175,-0.07207242426858386,-0.020741680761673747,-0.060772563267872066
2036,-0.23201711788209967,-0.07664649827620239,-0.025685868420173102,-0.023819617827183125
2037,-0.16667141592096496,-0.03751434110100148,-0.025367555642409324,-0.05843670534014627
2038,-0.1863775837883038,-0.05048429660639245,-0.024183001457656894,-0.06034683251291295
2039,-0.22616408488456113,-0.04235212093158285,-0.014539093103849115,-0.03833641544527604
2040,-0.21851189852545191,-0.050698656491091044,-0.01567570323569538,-0.030048049395593853
2041,0.3434243279209746,0.10053606937147494,0.0023953204028929883,0.1029449105506806
2042,0.3326159032203095,0.10185177921685266,0.00021882554803673139,0.07766620567190088
2043,0.33052248161363035,0.0929187853253193,-0.001722355417513545,0.000895633439127126
2044,0.32931889113786,0.08812492063690334,0.0028655652153078246,0.08976588122157599
